question,context,answer_llm
"A.R.C. ""Sweety"" Espresso Blend Hong Kong medium-light Panama Ethiopia rating 95 November 2017","[{'name': '“Sweety” Espresso Blend', 'origin_1': 'Panama', 'origin_2': 'Ethiopia', 'desc_1': 'Evaluated as espresso. Sweet-toned, deeply rich, chocolaty. Vanilla paste, dark chocolate, narcissus, pink grapefruit zest, black cherry in aroma and cup. Plush, syrupy mouthfeel; resonant, flavor-saturated finish. In three parts milk, rich chocolate tones intensify, along with intimations of vanilla paste and black cherry in the short finish and floral-toned citrus zest in the long. ', 'desc_2': 'An espresso blend comprised of coffees from Panama and Ethiopia. A.R.C., whose motto is “more than specialty,” rigorously controls three vital elements: sourcing of green coffee, roasting, and, in cafe environments, water quality for brewed coffee. For more information, visit http://www.arc.coffee/en/index.html.', 'desc_3': 'A radiant espresso blend that shines equally in the straight shot and in milk, alive with notes of rich dark chocolate and black cherry.', 'roast': 'Medium-Light', 'rating': 95.0, 'loc_country': 'Hong Kong'}, {'name': 'Guardian Spirit Espresso Blend', 'origin_1': 'Ethiopia', 'origin_2': 'Brazil', 'desc_1': 'Evaluated as espresso. Richly sweet, brightly tart. Dark chocolate, lily-like flowers, blood orange zest, peach, cedar in aroma and small cup. Punchy, syrupy mouthfeel; crisp, cocoa-toned finish with lasting notes of citrus zest. In three-parts milk, the sweet-tartness of the shot carries through, bringing dark chocolate along for the ride.', 'desc_2': 'A blend of natural-processed Ethiopia Hambela and pulped natural Brazil coffees. Modern Times is a well-loved, exuberantly inventive Point Loma, San Diego brewery that has long specialized in coffee-beer crossovers and overlaps. Visit www.moderntimescoffee.com for more information.', 'desc_3': 'An espresso blend with strong character, particularly expressed in the bittersweet, tart-leaning milk shot, deepened by notes of dark chocolate.', 'roast': 'Medium-Light', 'rating': 93.0, 'loc_country': 'United States'}, {'name': 'Karibu Espresso Blend', 'origin_1': 'Ethiopia', 'origin_2': 'Panama', 'desc_1': 'Evaluated as espresso. Crisply sweet-tart, spice-toned. Baker’s chocolate, cardamom, tart cherry, fir, almond butter in aroma and small cup. Creamy body; bittersweet, wood-framed finish. Cardamom-toned chocolate blooms in three parts milk, along with sweet nut and tart fruit notes.', 'desc_2': 'This coffee earned the second-highest rating in a tasting of “classic” espresso blends from Taiwanese roasters for Coffee Review’s June 2019 report. Comprised of three natural-processed Ethiopia coffees (Yirgacheffe, Gotiti and Shakisso) and a washed Panama Santa Clara Hartmann. De Clieu Coffee is a Taiwan-based roaster whose mission it is to explore extraordinary coffees. For more information, visit https://m.facebook.com/declieucoffeetaipei.', 'desc_3': 'An unusual espresso blend, sweet and tart, with intriguing spice notes suggesting cardamom.', 'roast': 'Light', 'rating': 92.0, 'loc_country': 'Taiwan'}, {'name': '“Fruity” Espresso Blend', 'origin_1': 'Ethiopia', 'origin_2': 'Kenya', 'desc_1': 'Evaluated as espresso. Subtle and enveloping, richly sweet-toned. Jasmine, roasted cacao nib, passionfruit, sandalwood, nougat in aroma and small cup.  Delicate, silky mouthfeel; cocoa- and sandalwood-toned finish with notes of passionfruit carrying into the long. In three parts milk, passionfruit and jasmine harmonize with cocoa and a pleasing aromatic wood.', 'desc_2': 'An espresso blend comprised of coffees from Ethiopia, Kenya and the Yunnan Province of China. A.R.C., whose motto is “more than specialty,” rigorously controls three vital elements: sourcing of green coffee, roasting, and, in cafe environments, water quality for brewed coffee. For more information, visit http://www.arc.coffee/en/index.html.', 'desc_3': 'Rich, sweet, elegant and cocoa-laden, this espresso blend is nougat-like in the straight shot and fruit- and floral-toned in milk.', 'roast': 'Medium-Light', 'rating': 95.0, 'loc_country': 'Hong Kong'}, {'name': 'Fruity Espresso Blend', 'origin_1': 'Ethiopia', 'origin_2': 'Lincong', 'desc_1': 'Evaluated as espresso. Blueberry, Nutella, narcissus, cedar, brown sugar in aroma and small cup. Full, syrupy mouthfeel; fruit-toned finish with Nutella and cedar undertones. Rich and deep in three parts milk with notes of Nutella and narcissus throughout. ', 'desc_2': 'A blend of two Ethiopia coffees, one natural-process and one washed, roasted for espresso applications. Chu Bei, based in China’s Hubei Province, specializes in the roasting of coffee, cacao, and tea. Visit www.chubei.co for more information.', 'desc_3': 'An accurately named fruit-driven espresso blend with berry notes supported by spice-toned florals and hazelnut-like chocolate.', 'roast': 'Medium-Light', 'rating': 93.0, 'loc_country': 'China'}]","**A.R.C. “Sweety” Espresso Blend**

- **Location/Country:** Hong Kong  
- **Roast Level:** Medium-Light  
- **Quality Rating:** **95/100**  
- **Origin Blend:** **Panama + Ethiopia**

**Tasting Profile:**
- Sweet-toned, deeply rich, and chocolaty
- Aromas/flavors of **vanilla paste, dark chocolate, narcissus, pink grapefruit zest, and black cherry**
- **Plush, syrupy mouthfeel**
- Long, flavor-saturated finish
- In milk: chocolate gets richer, with vanilla, black cherry, and floral citrus notes

**Extraction Style:**
- Works well as a **straight espresso shot**
- Also shines in **milk drinks**
- Expect **dark chocolate and black cherry** to stand out clearly

If you want, I can also turn this into a **one-line coffee review summary** or compare it to the other A.R.C. espresso blend in the context."
"Espresso blend that tastes plush and syrupy, with chocolate depth and a long fruit-tinged finish","[{'name': 'Turbo Espresso', 'origin_1': 'Brazil', 'origin_2': 'Colombia', 'desc_1': 'Evaluated as espresso. Richly chocolaty, sweetly nut-toned. Dark chocolate, hazelnut butter, magnolia, gently scorched cedar, date in aroma and small cup. Full, creamy-smooth mouthfeel; crisply sweet, chocolate- and nut-toned finish. In cappuccino-scaled milk, chocolate notes brighten, supported by notes of gently scorched cedar and magnolia.', 'desc_2': 'A blend of coffees from Brazil and Colombia, roasted for espresso. Propeller is a Toronto-based micro-roaster with a dedication to careful selection and exceptional craft roasting of high-end coffees. Visit www.propellercoffee.com or call 416-479-3771 for more information.', 'desc_3': 'A darker-roasted espresso blend particularly attractive in three parts milk, with sweet floral, rich chocolate, and deep nut tones. ', 'roast': 'Medium', 'rating': 93.0, 'loc_country': 'Canada'}, {'name': 'Espresso Blend Classic No. 1', 'origin_1': 'Indonesia', 'origin_2': 'El Salvador', 'desc_1': 'Evaluated as espresso. Richly sweet, chocolaty and floral. Narcissus, dark chocolate, cedar, black cherry, almond paste in aroma and small cup. Full, syrupy mouthfeel; resonant, chocolaty finish. In three parts milk, chocolate and narcissus notes bloom, and almond paste with hints of cedar balance the lyrical sweetness at the top.', 'desc_2': 'A blend of wet-hulled coffee from Indonesia and conventionally wet-processed coffee from El Salvador, roasted for espresso. Evie’s Café, based in Chia-Yi Taiwan, specializes in fine roasted coffees as well as pour-overs and cold-brews. Visit https://m.facebook.com/eviescafe88/ for more information.', 'desc_3': 'A fine Indonesia/El Salvador espresso blend that is both chocolate-driven and exceptionally floral.', 'roast': 'Medium', 'rating': 93.0, 'loc_country': 'Taiwan'}, {'name': 'Poseidon Blend Espresso', 'origin_1': 'Yirgacheffe', 'origin_2': 'Sidamo', 'desc_1': 'Evaluated as espresso. Richly floral-toned, elegant, balanced. Watermelon, pink grapefruit zest, Nutella, sandalwood, tiger lily in aroma and small cup. Syrupy-smooth mouthfeel; long, flavor-saturated finish. Sweet cocoa and hazelnut tones are elevated in three parts milk, with continuing floral resonance.', 'desc_2': 'A blend of three coffees: two Ethiopias, one from the Yirgacheffe growing region and one from the Sidamo, and a Guatemala from the Huehuetenango region. GK provides quality specialty coffee to consumers and retailers. For more information, email [email\xa0protected] or call +886-919-314-513.', 'desc_3': 'A deftly blended espresso as good as a straight shot as in milk: rich, high-toned, exuberant with fruit and flowers.', 'roast': 'Medium-Light', 'rating': 95.0, 'loc_country': 'Taiwan'}, {'name': '“Sweety” Espresso Blend', 'origin_1': 'Panama', 'origin_2': 'Ethiopia', 'desc_1': 'Evaluated as espresso. Sweet-toned, deeply rich, chocolaty. Vanilla paste, dark chocolate, narcissus, pink grapefruit zest, black cherry in aroma and cup. Plush, syrupy mouthfeel; resonant, flavor-saturated finish. In three parts milk, rich chocolate tones intensify, along with intimations of vanilla paste and black cherry in the short finish and floral-toned citrus zest in the long. ', 'desc_2': 'An espresso blend comprised of coffees from Panama and Ethiopia. A.R.C., whose motto is “more than specialty,” rigorously controls three vital elements: sourcing of green coffee, roasting, and, in cafe environments, water quality for brewed coffee. For more information, visit http://www.arc.coffee/en/index.html.', 'desc_3': 'A radiant espresso blend that shines equally in the straight shot and in milk, alive with notes of rich dark chocolate and black cherry.', 'roast': 'Medium-Light', 'rating': 95.0, 'loc_country': 'Hong Kong'}, {'name': 'Fruit of the Goddess Espresso Blend', 'origin_1': 'Kenya', 'origin_2': 'Costa Rica', 'desc_1': 'Juicy, sweet-tart, rich and deep. Black cherry, dark chocolate, sage, star jasmine, sandalwood in aroma and small cup. Creamy-smooth mouthfeel; long, lingering, chocolaty finish. Dark chocolate, black cherry and star jasmine take center stage in  cappuccino-scaled milk.', 'desc_2': 'A blend of coffees from Kenya, Costa Rica and Ethiopia roasted for espresso applications. Evaluated as espresso. Cozy House Coffee is a Taiwan-based specialty coffee roaster and an SCA Authorized Trainer (AST). For more information, visit https://shop.cozyhousecoffee.com.', 'desc_3': 'A complex, layered espresso blend with sweetly tart fruit notes at the top and spicy florals and dark chocolate underneath — compelling both in the straight shot and in milk.', 'roast': 'Medium-Light', 'rating': 94.0, 'loc_country': 'Taiwan'}]","A strong match from your context is **Poseidon Blend Espresso**.

**Why it fits:**
- **Plush / syrupy mouthfeel:** described as **“syrupy-smooth mouthfeel”**
- **Chocolate depth:** **Nutella**, **sweet cocoa**, and **hazelnut** tones
- **Long fruit-tinged finish:** **watermelon** and **pink grapefruit zest**, with a **long, flavor-saturated finish**
- It’s also noted as excellent as a straight shot and in milk

**Other good fits:**
- **“Sweety” Espresso Blend** — **plush, syrupy**, dark chocolate, black cherry, and a **flavor-saturated finish**
- **Fruit of the Goddess Espresso Blend** — **creamy-smooth**, long chocolaty finish, with **black cherry** and layered fruit/floral complexity

If you want the **closest single answer** to “plush and syrupy, with chocolate depth and a long fruit-tinged finish,” I’d pick **Poseidon Blend Espresso**."
"High-scoring espresso blend that works well both as a straight shot and in milk, with chocolate and berry notes","[{'name': 'Turbo Espresso', 'origin_1': 'Brazil', 'origin_2': 'Colombia', 'desc_1': 'Evaluated as espresso. Richly chocolaty, sweetly nut-toned. Dark chocolate, hazelnut butter, magnolia, gently scorched cedar, date in aroma and small cup. Full, creamy-smooth mouthfeel; crisply sweet, chocolate- and nut-toned finish. In cappuccino-scaled milk, chocolate notes brighten, supported by notes of gently scorched cedar and magnolia.', 'desc_2': 'A blend of coffees from Brazil and Colombia, roasted for espresso. Propeller is a Toronto-based micro-roaster with a dedication to careful selection and exceptional craft roasting of high-end coffees. Visit www.propellercoffee.com or call 416-479-3771 for more information.', 'desc_3': 'A darker-roasted espresso blend particularly attractive in three parts milk, with sweet floral, rich chocolate, and deep nut tones. ', 'roast': 'Medium', 'rating': 93.0, 'loc_country': 'Canada'}, {'name': 'Classic Blend', 'origin_1': 'Colombia', 'origin_2': 'Guatemala', 'desc_1': 'Evaluated as espresso. Deeply sweet, crisply chocolaty. Bing cherry, dark chocolate, magnolia, oak, cashew in aroma and small cup. Satiny mouthfeel; oak and cashew lead in the gently drying finish. Chocolate and bing cherry notes intensify in three parts milk.', 'desc_2': 'A blend of coffees from Colombia, Guatemala, Brazil and Ethiopia roasted for espresso. Flower Coffee Workshop is a nano-roastery and coffee shop in Taichung, Taiwan. Visit https://www.facebook.com/flowercoffee20180526/ for more information.', 'desc_3': 'This solid blend offers a richly sweet-tart straight shot and a crisply chocolaty cappuccino.', 'roast': 'Medium', 'rating': 92.0, 'loc_country': 'Taiwan'}, {'name': 'Poseidon Blend Espresso', 'origin_1': 'Yirgacheffe', 'origin_2': 'Sidamo', 'desc_1': 'Evaluated as espresso. Richly floral-toned, elegant, balanced. Watermelon, pink grapefruit zest, Nutella, sandalwood, tiger lily in aroma and small cup. Syrupy-smooth mouthfeel; long, flavor-saturated finish. Sweet cocoa and hazelnut tones are elevated in three parts milk, with continuing floral resonance.', 'desc_2': 'A blend of three coffees: two Ethiopias, one from the Yirgacheffe growing region and one from the Sidamo, and a Guatemala from the Huehuetenango region. GK provides quality specialty coffee to consumers and retailers. For more information, email [email\xa0protected] or call +886-919-314-513.', 'desc_3': 'A deftly blended espresso as good as a straight shot as in milk: rich, high-toned, exuberant with fruit and flowers.', 'roast': 'Medium-Light', 'rating': 95.0, 'loc_country': 'Taiwan'}, {'name': '“Sweety” Espresso Blend', 'origin_1': 'Panama', 'origin_2': 'Ethiopia', 'desc_1': 'Evaluated as espresso. Sweet-toned, deeply rich, chocolaty. Vanilla paste, dark chocolate, narcissus, pink grapefruit zest, black cherry in aroma and cup. Plush, syrupy mouthfeel; resonant, flavor-saturated finish. In three parts milk, rich chocolate tones intensify, along with intimations of vanilla paste and black cherry in the short finish and floral-toned citrus zest in the long. ', 'desc_2': 'An espresso blend comprised of coffees from Panama and Ethiopia. A.R.C., whose motto is “more than specialty,” rigorously controls three vital elements: sourcing of green coffee, roasting, and, in cafe environments, water quality for brewed coffee. For more information, visit http://www.arc.coffee/en/index.html.', 'desc_3': 'A radiant espresso blend that shines equally in the straight shot and in milk, alive with notes of rich dark chocolate and black cherry.', 'roast': 'Medium-Light', 'rating': 95.0, 'loc_country': 'Hong Kong'}, {'name': 'Outbound Espresso', 'origin_1': 'Mexico', 'origin_2': 'Ethiopia', 'desc_1': 'Evaluated as espresso. Balanced, deeply and sweetly pungent. Honeysuckle, cashew, baker’s chocolate, cedar, caramel in aroma and small cup. Satiny mouthfeel; crisp, resonant finish that leads with baker’s chocolate in the short, rounding to nut-toned florals in the long. In three-parts milk, full and expressive of cashew butter, baker’s chocolate and honeysuckle. ', 'desc_2': 'A blend of coffees from Mexico, Ethiopia and Brazil. Propeller is a Toronto-based micro-roaster with a dedication to careful selection and exceptional craft roasting of high-end coffees. Visit www.propellercoffee.com or call 416-479-3771 for more information.', 'desc_3': 'An espresso blend that offers both high-toned florals and low-toned nut and chocolate notes, integrated by a consistent caramel throughline.', 'roast': 'Medium-Light', 'rating': 93.0, 'loc_country': 'Canada'}]","A great match from your context is **“Sweety” Espresso Blend**.

- **Quality Rating:** 95.0
- **Profile:** **dark chocolate, black cherry, vanilla paste**, with a plush, syrupy body
- **Why it fits:** It’s described as **shining equally in the straight shot and in milk**, with rich chocolate and cherry character that stays expressive in milk

**Other strong options:**
- **Poseidon Blend Espresso** — 95.0, more **fruit-forward and floral**, with cocoa and hazelnut in milk
- **Classic Blend** — 92.0, **chocolate + bing cherry**, very solid for both straight espresso and milk drinks

If you want the **most chocolate-and-berry-forward high-scoring espresso blend**, I’d pick **Sweety Espresso Blend**."
"Sweet, rich espresso blend with a heavy body and bright fruit accents for espresso and milk drinks","[{'name': 'Turbo Espresso', 'origin_1': 'Brazil', 'origin_2': 'Colombia', 'desc_1': 'Evaluated as espresso. Richly chocolaty, sweetly nut-toned. Dark chocolate, hazelnut butter, magnolia, gently scorched cedar, date in aroma and small cup. Full, creamy-smooth mouthfeel; crisply sweet, chocolate- and nut-toned finish. In cappuccino-scaled milk, chocolate notes brighten, supported by notes of gently scorched cedar and magnolia.', 'desc_2': 'A blend of coffees from Brazil and Colombia, roasted for espresso. Propeller is a Toronto-based micro-roaster with a dedication to careful selection and exceptional craft roasting of high-end coffees. Visit www.propellercoffee.com or call 416-479-3771 for more information.', 'desc_3': 'A darker-roasted espresso blend particularly attractive in three parts milk, with sweet floral, rich chocolate, and deep nut tones. ', 'roast': 'Medium', 'rating': 93.0, 'loc_country': 'Canada'}, {'name': 'Poseidon Blend Espresso', 'origin_1': 'Yirgacheffe', 'origin_2': 'Sidamo', 'desc_1': 'Evaluated as espresso. Richly floral-toned, elegant, balanced. Watermelon, pink grapefruit zest, Nutella, sandalwood, tiger lily in aroma and small cup. Syrupy-smooth mouthfeel; long, flavor-saturated finish. Sweet cocoa and hazelnut tones are elevated in three parts milk, with continuing floral resonance.', 'desc_2': 'A blend of three coffees: two Ethiopias, one from the Yirgacheffe growing region and one from the Sidamo, and a Guatemala from the Huehuetenango region. GK provides quality specialty coffee to consumers and retailers. For more information, email [email\xa0protected] or call +886-919-314-513.', 'desc_3': 'A deftly blended espresso as good as a straight shot as in milk: rich, high-toned, exuberant with fruit and flowers.', 'roast': 'Medium-Light', 'rating': 95.0, 'loc_country': 'Taiwan'}, {'name': 'Fruit of the Goddess Espresso Blend', 'origin_1': 'Kenya', 'origin_2': 'Costa Rica', 'desc_1': 'Juicy, sweet-tart, rich and deep. Black cherry, dark chocolate, sage, star jasmine, sandalwood in aroma and small cup. Creamy-smooth mouthfeel; long, lingering, chocolaty finish. Dark chocolate, black cherry and star jasmine take center stage in  cappuccino-scaled milk.', 'desc_2': 'A blend of coffees from Kenya, Costa Rica and Ethiopia roasted for espresso applications. Evaluated as espresso. Cozy House Coffee is a Taiwan-based specialty coffee roaster and an SCA Authorized Trainer (AST). For more information, visit https://shop.cozyhousecoffee.com.', 'desc_3': 'A complex, layered espresso blend with sweetly tart fruit notes at the top and spicy florals and dark chocolate underneath — compelling both in the straight shot and in milk.', 'roast': 'Medium-Light', 'rating': 94.0, 'loc_country': 'Taiwan'}, {'name': '“Sweety” Espresso Blend', 'origin_1': 'Panama', 'origin_2': 'Ethiopia', 'desc_1': 'Evaluated as espresso. Sweet-toned, deeply rich, chocolaty. Vanilla paste, dark chocolate, narcissus, pink grapefruit zest, black cherry in aroma and cup. Plush, syrupy mouthfeel; resonant, flavor-saturated finish. In three parts milk, rich chocolate tones intensify, along with intimations of vanilla paste and black cherry in the short finish and floral-toned citrus zest in the long. ', 'desc_2': 'An espresso blend comprised of coffees from Panama and Ethiopia. A.R.C., whose motto is “more than specialty,” rigorously controls three vital elements: sourcing of green coffee, roasting, and, in cafe environments, water quality for brewed coffee. For more information, visit http://www.arc.coffee/en/index.html.', 'desc_3': 'A radiant espresso blend that shines equally in the straight shot and in milk, alive with notes of rich dark chocolate and black cherry.', 'roast': 'Medium-Light', 'rating': 95.0, 'loc_country': 'Hong Kong'}, {'name': 'Espresso Blend Classic No. 1', 'origin_1': 'Indonesia', 'origin_2': 'El Salvador', 'desc_1': 'Evaluated as espresso. Richly sweet, chocolaty and floral. Narcissus, dark chocolate, cedar, black cherry, almond paste in aroma and small cup. Full, syrupy mouthfeel; resonant, chocolaty finish. In three parts milk, chocolate and narcissus notes bloom, and almond paste with hints of cedar balance the lyrical sweetness at the top.', 'desc_2': 'A blend of wet-hulled coffee from Indonesia and conventionally wet-processed coffee from El Salvador, roasted for espresso. Evie’s Café, based in Chia-Yi Taiwan, specializes in fine roasted coffees as well as pour-overs and cold-brews. Visit https://m.facebook.com/eviescafe88/ for more information.', 'desc_3': 'A fine Indonesia/El Salvador espresso blend that is both chocolate-driven and exceptionally floral.', 'roast': 'Medium', 'rating': 93.0, 'loc_country': 'Taiwan'}]","For **sweet, rich espresso with a heavy body and bright fruit accents**, the best match from your context is:

## **Top Pick: Poseidon Blend Espresso**
- **Why it fits:**  
  - **Rich and elegant** with **fruit and floral** complexity
  - Notes of **watermelon, pink grapefruit zest, Nutella, sandalwood**
  - **Syrupy-smooth mouthfeel** and a **long, flavor-saturated finish**
  - Works **well as a straight shot and in milk**

## **Runner-Up: Fruit of the Goddess Espresso Blend**
- **Why it fits:**  
  - **Juicy, sweet-tart, rich and deep**
  - Notes of **black cherry, dark chocolate, sage, star jasmine**
  - **Creamy-smooth mouthfeel**
  - Especially good in **cappuccino-scaled milk**

## **Also Strong for Milk Drinks: “Sweety” Espresso Blend**
- **Why it fits:**  
  - **Sweet-toned, deeply rich, chocolaty**
  - Bright accent of **pink grapefruit zest** and **black cherry**
  - **Plush, syrupy mouthfeel**
  - Excellent in both **straight espresso and milk**

## **Best overall recommendation**
If you want **heavy body + bright fruit accents + strong espresso/milk versatility**, I’d choose:

**Poseidon Blend Espresso**

If you want, I can also rank these by:
- **most chocolate-forward**
- **most fruity**
- **best for cappuccino / latte**
- **best straight espresso**"
"A.R.C. Flora Blend Espresso, Hong Kong, rating 94, medium-light roast, Africa and Asia Pacific blend","[{'name': 'Flora Blend Espresso', 'origin_1': 'Africa', 'origin_2': 'Asia Pacific', 'desc_1': 'Evaluated as espresso. Sweetly tart, floral-toned. Honeysuckle, oak, dried apricot, dark chocolate, thyme in aroma and small cup. Delicately syrupy body; gently drying, floral-driven finish in the short and sweetly herb-toned in the long. In three parts milk, chocolate, florals and fruit all take center stage, and thyme-like herb notes gently follow.', 'desc_2': 'An espresso blend comprised of coffees from Africa and the Asia-Pacific. A.R.C., whose motto is “more than specialty,” rigorously controls three vital elements: sourcing of green coffee, roasting, and, in cafe environments, water quality for brewed coffee. For more information, visit http://www.arc.coffee/en/index.html.', 'desc_3': 'A floral-driven straight shot, amplified with notes of stone fruit and chocolate in cappuccino-scaled milk.', 'roast': 'Medium-Light', 'rating': 94.0, 'loc_country': 'Hong Kong'}, {'name': 'Fruit of the Goddess Espresso Blend', 'origin_1': 'Kenya', 'origin_2': 'Costa Rica', 'desc_1': 'Juicy, sweet-tart, rich and deep. Black cherry, dark chocolate, sage, star jasmine, sandalwood in aroma and small cup. Creamy-smooth mouthfeel; long, lingering, chocolaty finish. Dark chocolate, black cherry and star jasmine take center stage in  cappuccino-scaled milk.', 'desc_2': 'A blend of coffees from Kenya, Costa Rica and Ethiopia roasted for espresso applications. Evaluated as espresso. Cozy House Coffee is a Taiwan-based specialty coffee roaster and an SCA Authorized Trainer (AST). For more information, visit https://shop.cozyhousecoffee.com.', 'desc_3': 'A complex, layered espresso blend with sweetly tart fruit notes at the top and spicy florals and dark chocolate underneath — compelling both in the straight shot and in milk.', 'roast': 'Medium-Light', 'rating': 94.0, 'loc_country': 'Taiwan'}, {'name': 'Fruity Espresso Blend', 'origin_1': 'Panama', 'origin_2': 'Ethiopia', 'desc_1': 'Evaluated as espresso. Bright, balanced, deep, complex. Tamarind, dark chocolate, jasmine, sandalwood, pink grapefruit zest in aroma and small cup. Viscous, syrupy mouthfeel; long, flavor-saturated finish. Three parts milk levels out the high notes while foregrounding fudge-like chocolate and spicy florals, all with undertones of sandalwood.', 'desc_2': 'An espresso blend comprised of washed-process coffees from Panama, Ethiopia and Kenya. NINETYs Roastery is a Hong Kong-based coffee shop specializing in Australian style coffee and hospitality. Visit https://www.ninetys.com.hk/ for more information.', 'desc_3': 'A multi-layered, richly complex espresso blend with sweet-tart fruit and profound chocolate expressed against a backdrop of resiny aromatic wood suggestions.', 'roast': 'Medium-Light', 'rating': 95.0, 'loc_country': 'Hong Kong'}, {'name': 'Espresso Blend Classic No. 1', 'origin_1': 'Indonesia', 'origin_2': 'El Salvador', 'desc_1': 'Evaluated as espresso. Richly sweet, chocolaty and floral. Narcissus, dark chocolate, cedar, black cherry, almond paste in aroma and small cup. Full, syrupy mouthfeel; resonant, chocolaty finish. In three parts milk, chocolate and narcissus notes bloom, and almond paste with hints of cedar balance the lyrical sweetness at the top.', 'desc_2': 'A blend of wet-hulled coffee from Indonesia and conventionally wet-processed coffee from El Salvador, roasted for espresso. Evie’s Café, based in Chia-Yi Taiwan, specializes in fine roasted coffees as well as pour-overs and cold-brews. Visit https://m.facebook.com/eviescafe88/ for more information.', 'desc_3': 'A fine Indonesia/El Salvador espresso blend that is both chocolate-driven and exceptionally floral.', 'roast': 'Medium', 'rating': 93.0, 'loc_country': 'Taiwan'}, {'name': 'Blossom Single Origin Espresso', 'origin_1': 'Bench Maji Zone', 'origin_2': 'Southwestern Ethiopia', 'desc_1': 'Evaluated as espresso. Juicy, buoyant, bright. Pineapple, sandalwood, cacao nib, magnolia, rose in aroma and small cup. Lightly syrupy, satiny in mouthfeel. Flavor consolidates and layers in a sweet, cocoa-toned finish with a continuing hint of pineapple. Delicate and crisp in three parts milk: sweet cocoa and flowers. ', 'desc_2': 'The green coffee contributing its distinction to this single-origin espresso is produced by innovating Gesha Village Estate in southwestern Ethiopia from trees of the local, indigenous Illubabor variety. A washed coffee, meaning the soft fruit residue was removed from the beans before drying. Plat Coffee is a specialty roaster and café in Hong Kong. For more information, visit www.platcoffee.com.', 'desc_3': 'A light-footed, exhilaratingly bright and juicy espresso, complex as both straight shot and in short milk.', 'roast': 'Medium-Light', 'rating': 93.0, 'loc_country': 'Hong Kong'}]","**A.R.C. Flora Blend Espresso — Hong Kong**

- **Coffee Name:** Flora Blend Espresso  
- **Roast Level:** Medium-Light  
- **Quality Rating:** 94  
- **Location/Country:** Hong Kong  
- **Blend Style:** Espresso blend of **Africa + Asia-Pacific** coffees

**Flavor Profile:**
- **Straight shot:** sweetly tart, **floral-toned**
- **Aromas / small cup:** **honeysuckle, oak, dried apricot, dark chocolate, thyme**
- **Body:** delicately **syrupy**
- **Finish:** gently drying, **floral-driven** in the short finish; **sweet herb-toned** in the long finish

**In Milk:**
- In cappuccino-style milk drinks, **chocolate, florals, and fruit** take center stage
- **Thyme-like herbal notes** follow gently

**Extraction Advice:**
- Best as a **floral-driven straight espresso shot**
- Also works very well in **cappuccino-scaled milk drinks**, where the stone fruit and chocolate notes get amplified

**Quick takeaway:**  
This looks like a **bright, elegant espresso blend** with a clear **floral-fruit-chocolate** profile and a medium-light roast that should taste lively rather than heavy."
"Floral espresso with stone fruit, chocolate, and a light syrupy body","[{'name': 'Floral Samurai', 'origin_1': 'Colombia', 'origin_2': 'Guatemala', 'desc_1': 'Evaluated as espresso. Richly chocolaty, sweetly nut-toned. Dark chocolate, almond butter, narcissus, gently scorched cedar, date in aroma and small cup. Full, syrupy-smooth mouthfeel; crisply sweet, chocolate- and nut-toned finish. In three parts milk, chocolate notes predominate, with undertones of gently scorched cedar and narcissus.', 'desc_2': 'A blend of coffees from Colombia, Guatemala, Brazil and Ethiopia roasted for espresso. Flower Coffee Workshop is a nano-roastery and coffee shop in Taichung, Taiwan. Visit https://www.facebook.com/flowercoffee20180526/ for more information.', 'desc_3': 'An espresso blend particularly appealing in three parts milk, with sweet floral, rich chocolate, and deep nut tones. ', 'roast': 'Medium', 'rating': 93.0, 'loc_country': 'Taiwan'}, {'name': 'Signature Floral Orange', 'origin_1': 'Ethiopia', 'origin_2': 'Sumatra', 'desc_1': 'Evaluated as espresso. Rich, fruit-toned, balanced. Baker’s chocolate, pomegranate, gardenia, grapefruit zest, fresh-cut fir in aroma and small cup. Lean, smooth mouthfeel; gently drying, cocoa-toned finish, with hints of grapefruit zest. In cappuccino-scaled milk, baker’s chocolate is center stage, supported by notes of sweet-tart fruit.', 'desc_2': 'This is not an artificially flavored coffee. The blend name, Signature Floral Orange, refers to natural aroma and flavor notes that the blend aims to evoke. Creation Food Co. is a food service company with a specialty coffee division. It operates one of the few large-scale coffee production facilities in Taiwan. Visit www.creation.com.tw or call 0800-020-368 for more information.', 'desc_3': 'A subtly fruit-forward espresso blend, balanced by inviting chocolate suggestions and invigorating notes of citrus zest.', 'roast': 'Medium-Light', 'rating': 92.0, 'loc_country': 'Taiwan'}, {'name': 'Espresso Blend Classic No. 1', 'origin_1': 'Indonesia', 'origin_2': 'El Salvador', 'desc_1': 'Evaluated as espresso. Richly sweet, chocolaty and floral. Narcissus, dark chocolate, cedar, black cherry, almond paste in aroma and small cup. Full, syrupy mouthfeel; resonant, chocolaty finish. In three parts milk, chocolate and narcissus notes bloom, and almond paste with hints of cedar balance the lyrical sweetness at the top.', 'desc_2': 'A blend of wet-hulled coffee from Indonesia and conventionally wet-processed coffee from El Salvador, roasted for espresso. Evie’s Café, based in Chia-Yi Taiwan, specializes in fine roasted coffees as well as pour-overs and cold-brews. Visit https://m.facebook.com/eviescafe88/ for more information.', 'desc_3': 'A fine Indonesia/El Salvador espresso blend that is both chocolate-driven and exceptionally floral.', 'roast': 'Medium', 'rating': 93.0, 'loc_country': 'Taiwan'}, {'name': 'Poseidon Blend Espresso', 'origin_1': 'Yirgacheffe', 'origin_2': 'Sidamo', 'desc_1': 'Evaluated as espresso. Richly floral-toned, elegant, balanced. Watermelon, pink grapefruit zest, Nutella, sandalwood, tiger lily in aroma and small cup. Syrupy-smooth mouthfeel; long, flavor-saturated finish. Sweet cocoa and hazelnut tones are elevated in three parts milk, with continuing floral resonance.', 'desc_2': 'A blend of three coffees: two Ethiopias, one from the Yirgacheffe growing region and one from the Sidamo, and a Guatemala from the Huehuetenango region. GK provides quality specialty coffee to consumers and retailers. For more information, email [email\xa0protected] or call +886-919-314-513.', 'desc_3': 'A deftly blended espresso as good as a straight shot as in milk: rich, high-toned, exuberant with fruit and flowers.', 'roast': 'Medium-Light', 'rating': 95.0, 'loc_country': 'Taiwan'}, {'name': 'Chocolate Lover’s Espresso', 'origin_1': 'Guatemala', 'origin_2': 'Brazil', 'desc_1': 'Evaluated as espresso. Richly chocolaty, nut-toned. Chocolate fudge, pistachio, gardenia, scorched mesquite, molasses in aroma and small cup. Full, creamy mouthfeel; chocolaty, pleasingly smoky-sweet finish. In three parts milk, think Snicker’s bar with extra caffeine.', 'desc_2': 'A blend of coffees from Guatemala, Brazil and Colombia, roasted for espresso. Coffee Please is an artisanal roastery and cafe in Taipei’s Beitou District, famous for its proximity to the Yangming Mountain hot springs. Visit www.facebook.com/CoffeepleaseTW for more information.', 'desc_3': 'A deeply sweet, dessert-like espresso blend, gently smoke-toned, sweetly nutty and floral, boldly chocolaty.', 'roast': 'Medium-Dark', 'rating': 94.0, 'loc_country': 'Taiwan'}]","For a **floral espresso with stone fruit, chocolate, and a light syrupy body**, the **best match from the context is:**

### **Poseidon Blend Espresso**
- **Why it fits:** It’s described as **richly floral-toned** with **watermelon, pink grapefruit zest**, **Nutella**, and **tiger lily**, plus a **syrupy-smooth mouthfeel** and elegant balance.
- It’s not explicitly stone-fruit-forward, but it’s the closest fit for **floral + syrupy + chocolate** with a bright, fruit-driven profile.

### **Also worth considering: Signature Floral Orange**
- **Why:** It has **baker’s chocolate**, **pomegranate**, **gardenia**, and a **lean, smooth mouthfeel**.
- More citrus/fruit than stone fruit, but it leans lighter and more floral than the others.

### **Less suitable options**
- **Floral Samurai** — more **dark chocolate, nut, and full syrupy body**, but less fruit-forward.
- **Espresso Blend Classic No. 1** — very **chocolatey and floral**, with **black cherry**, but also fuller-bodied.
- **Chocolate Lover’s Espresso** — strongest on **chocolate**, but less aligned with the light floral/stone fruit direction.

If you want, I can also **rank all 5 from closest to farthest match** for that flavor target."
Medium-light espresso blend that tastes floral and fruity with chocolate and herbal notes,"[{'name': 'Floral Samurai', 'origin_1': 'Colombia', 'origin_2': 'Guatemala', 'desc_1': 'Evaluated as espresso. Richly chocolaty, sweetly nut-toned. Dark chocolate, almond butter, narcissus, gently scorched cedar, date in aroma and small cup. Full, syrupy-smooth mouthfeel; crisply sweet, chocolate- and nut-toned finish. In three parts milk, chocolate notes predominate, with undertones of gently scorched cedar and narcissus.', 'desc_2': 'A blend of coffees from Colombia, Guatemala, Brazil and Ethiopia roasted for espresso. Flower Coffee Workshop is a nano-roastery and coffee shop in Taichung, Taiwan. Visit https://www.facebook.com/flowercoffee20180526/ for more information.', 'desc_3': 'An espresso blend particularly appealing in three parts milk, with sweet floral, rich chocolate, and deep nut tones. ', 'roast': 'Medium', 'rating': 93.0, 'loc_country': 'Taiwan'}, {'name': 'Espresso Blend Classic No. 1', 'origin_1': 'Indonesia', 'origin_2': 'El Salvador', 'desc_1': 'Evaluated as espresso. Richly sweet, chocolaty and floral. Narcissus, dark chocolate, cedar, black cherry, almond paste in aroma and small cup. Full, syrupy mouthfeel; resonant, chocolaty finish. In three parts milk, chocolate and narcissus notes bloom, and almond paste with hints of cedar balance the lyrical sweetness at the top.', 'desc_2': 'A blend of wet-hulled coffee from Indonesia and conventionally wet-processed coffee from El Salvador, roasted for espresso. Evie’s Café, based in Chia-Yi Taiwan, specializes in fine roasted coffees as well as pour-overs and cold-brews. Visit https://m.facebook.com/eviescafe88/ for more information.', 'desc_3': 'A fine Indonesia/El Salvador espresso blend that is both chocolate-driven and exceptionally floral.', 'roast': 'Medium', 'rating': 93.0, 'loc_country': 'Taiwan'}, {'name': 'Poseidon Blend Espresso', 'origin_1': 'Yirgacheffe', 'origin_2': 'Sidamo', 'desc_1': 'Evaluated as espresso. Richly floral-toned, elegant, balanced. Watermelon, pink grapefruit zest, Nutella, sandalwood, tiger lily in aroma and small cup. Syrupy-smooth mouthfeel; long, flavor-saturated finish. Sweet cocoa and hazelnut tones are elevated in three parts milk, with continuing floral resonance.', 'desc_2': 'A blend of three coffees: two Ethiopias, one from the Yirgacheffe growing region and one from the Sidamo, and a Guatemala from the Huehuetenango region. GK provides quality specialty coffee to consumers and retailers. For more information, email [email\xa0protected] or call +886-919-314-513.', 'desc_3': 'A deftly blended espresso as good as a straight shot as in milk: rich, high-toned, exuberant with fruit and flowers.', 'roast': 'Medium-Light', 'rating': 95.0, 'loc_country': 'Taiwan'}, {'name': 'Flora Blend Espresso', 'origin_1': 'Africa', 'origin_2': 'Asia Pacific', 'desc_1': 'Evaluated as espresso. Sweetly tart, floral-toned. Honeysuckle, oak, dried apricot, dark chocolate, thyme in aroma and small cup. Delicately syrupy body; gently drying, floral-driven finish in the short and sweetly herb-toned in the long. In three parts milk, chocolate, florals and fruit all take center stage, and thyme-like herb notes gently follow.', 'desc_2': 'An espresso blend comprised of coffees from Africa and the Asia-Pacific. A.R.C., whose motto is “more than specialty,” rigorously controls three vital elements: sourcing of green coffee, roasting, and, in cafe environments, water quality for brewed coffee. For more information, visit http://www.arc.coffee/en/index.html.', 'desc_3': 'A floral-driven straight shot, amplified with notes of stone fruit and chocolate in cappuccino-scaled milk.', 'roast': 'Medium-Light', 'rating': 94.0, 'loc_country': 'Hong Kong'}, {'name': 'SOB Espresso', 'origin_1': 'Colombia', 'origin_2': 'Congo', 'desc_1': 'Evaluated as espresso. Deeply chocolaty, richly floral. Chocolate fudge, lilac, peach, fresh-cut cedar, hazelnut butter in aroma and small cup. Crisp, satiny-smooth mouthfeel; the deep, long, resonant finish maintains all of the aroma and flavor notes from the cup. Also profoundly satisfying in three parts milk, with chocolate and florals in a slow dance and fruit returning to the surface in the long finish.', 'desc_2': 'This coffee tied for the highest rating in a tasting of “classic” espresso blends for Coffee Review’s June 2019 tasting report. A single-origin blend of coffees from various Inza smallholder farmers in Colombia and comprised of the Castillo, Caturra and Colombia varieties of Arabica. Visit www.follycoffee.com for more information.', 'desc_3': 'An unusually successful “melange” coffee in which the same blend of green beans is roasted both darker and lighter, then combined. This version hits all of the notes associated with a complete, classic espresso: rich, resounding, chocolaty, floral and fruit-toned.', 'roast': 'Medium', 'rating': 94.0, 'loc_country': 'United States'}]","A great match from your context is:

**Poseidon Blend Espresso**
- **Roast Level:** **Medium-Light**
- **Why it fits:** It’s described as **richly floral-toned, elegant, balanced** with **watermelon, pink grapefruit zest, sandalwood, and tiger lily** in the cup, plus **sweet cocoa and hazelnut** in milk.
- **Style match:** This one leans most clearly into **floral + fruity** while still keeping **chocolate** in the profile, and the **sandalwood / herbal-adjacent** character gives it a more aromatic, nuanced edge.

If you want a slightly **more chocolate-forward** option with floral and herbal notes, consider:

**Flora Blend Espresso**
- **Roast Level:** **Medium-Light**
- **Notes:** **Honeysuckle, dried apricot, dark chocolate, thyme**
- This is the best fit if you specifically want **floral, fruity, chocolate, and herbal** all in one blend.

If you want, I can also rank all 5 blends from **most floral-fruity** to **most chocolate-heavy**."
"High-scoring espresso blend that works well straight and in milk drinks, with a sweet tart finish","[{'name': 'Fruit of the Goddess Espresso Blend', 'origin_1': 'Kenya', 'origin_2': 'Costa Rica', 'desc_1': 'Juicy, sweet-tart, rich and deep. Black cherry, dark chocolate, sage, star jasmine, sandalwood in aroma and small cup. Creamy-smooth mouthfeel; long, lingering, chocolaty finish. Dark chocolate, black cherry and star jasmine take center stage in  cappuccino-scaled milk.', 'desc_2': 'A blend of coffees from Kenya, Costa Rica and Ethiopia roasted for espresso applications. Evaluated as espresso. Cozy House Coffee is a Taiwan-based specialty coffee roaster and an SCA Authorized Trainer (AST). For more information, visit https://shop.cozyhousecoffee.com.', 'desc_3': 'A complex, layered espresso blend with sweetly tart fruit notes at the top and spicy florals and dark chocolate underneath — compelling both in the straight shot and in milk.', 'roast': 'Medium-Light', 'rating': 94.0, 'loc_country': 'Taiwan'}, {'name': 'Turbo Espresso', 'origin_1': 'Brazil', 'origin_2': 'Colombia', 'desc_1': 'Evaluated as espresso. Richly chocolaty, sweetly nut-toned. Dark chocolate, hazelnut butter, magnolia, gently scorched cedar, date in aroma and small cup. Full, creamy-smooth mouthfeel; crisply sweet, chocolate- and nut-toned finish. In cappuccino-scaled milk, chocolate notes brighten, supported by notes of gently scorched cedar and magnolia.', 'desc_2': 'A blend of coffees from Brazil and Colombia, roasted for espresso. Propeller is a Toronto-based micro-roaster with a dedication to careful selection and exceptional craft roasting of high-end coffees. Visit www.propellercoffee.com or call 416-479-3771 for more information.', 'desc_3': 'A darker-roasted espresso blend particularly attractive in three parts milk, with sweet floral, rich chocolate, and deep nut tones. ', 'roast': 'Medium', 'rating': 93.0, 'loc_country': 'Canada'}, {'name': 'Poseidon Blend Espresso', 'origin_1': 'Yirgacheffe', 'origin_2': 'Sidamo', 'desc_1': 'Evaluated as espresso. Richly floral-toned, elegant, balanced. Watermelon, pink grapefruit zest, Nutella, sandalwood, tiger lily in aroma and small cup. Syrupy-smooth mouthfeel; long, flavor-saturated finish. Sweet cocoa and hazelnut tones are elevated in three parts milk, with continuing floral resonance.', 'desc_2': 'A blend of three coffees: two Ethiopias, one from the Yirgacheffe growing region and one from the Sidamo, and a Guatemala from the Huehuetenango region. GK provides quality specialty coffee to consumers and retailers. For more information, email [email\xa0protected] or call +886-919-314-513.', 'desc_3': 'A deftly blended espresso as good as a straight shot as in milk: rich, high-toned, exuberant with fruit and flowers.', 'roast': 'Medium-Light', 'rating': 95.0, 'loc_country': 'Taiwan'}, {'name': '“Sweety” Espresso Blend', 'origin_1': 'Panama', 'origin_2': 'Ethiopia', 'desc_1': 'Evaluated as espresso. Sweet-toned, deeply rich, chocolaty. Vanilla paste, dark chocolate, narcissus, pink grapefruit zest, black cherry in aroma and cup. Plush, syrupy mouthfeel; resonant, flavor-saturated finish. In three parts milk, rich chocolate tones intensify, along with intimations of vanilla paste and black cherry in the short finish and floral-toned citrus zest in the long. ', 'desc_2': 'An espresso blend comprised of coffees from Panama and Ethiopia. A.R.C., whose motto is “more than specialty,” rigorously controls three vital elements: sourcing of green coffee, roasting, and, in cafe environments, water quality for brewed coffee. For more information, visit http://www.arc.coffee/en/index.html.', 'desc_3': 'A radiant espresso blend that shines equally in the straight shot and in milk, alive with notes of rich dark chocolate and black cherry.', 'roast': 'Medium-Light', 'rating': 95.0, 'loc_country': 'Hong Kong'}, {'name': 'Espresso Fino', 'origin_1': 'Guatemala', 'origin_2': 'Brazil', 'desc_1': 'Evaluated as espresso. Richly bittersweet, gently chocolaty. Dried apricot, cocoa powder, fresh-cut cedar, almond, magnolia in aroma and small cup. Plump, creamy mouthfeel; cocoa- and cedar-toned finish. Three parts milk amplifies cocoa, apricot and magnolia notes, while almond and cedar provide pleasing structural undertones.', 'desc_2': 'A blend of coffees from Guatemala, Brazil, and Indonesia roasted for espresso. Founded by Paul Massard and Chris Nolte, Per’la focuses on meticulous sourcing and roasting fine coffees in small batches. Visit www.drinkperla.com for more information.', 'desc_3': 'A crisply chocolaty, gently fruit-toned, sweetly floral espresso blend especially complex in cappuccino-scale milk.', 'roast': 'Medium', 'rating': 92.0, 'loc_country': 'United States'}]","For a **high-scoring espresso blend** that works beautifully **both straight and in milk**, with a **sweet-tart finish**, the best fit from your context is:

## **Fruit of the Goddess Espresso Blend**
- **Quality Rating:** 94
- **Roast Level:** Medium-Light
- **Origin:** Kenya
- **Blend:** Kenya, Costa Rica, Ethiopia
- **Why it fits:** It’s described as **“complex, layered”** with **sweetly tart fruit notes** on top and **dark chocolate underneath**, and it’s explicitly noted as **compelling both in the straight shot and in milk**.
- **Flavor highlights:** black cherry, dark chocolate, sage, star jasmine, sandalwood
- **Finish:** **long, lingering, chocolaty**

### Other strong matches
- **“Sweety” Espresso Blend** — **95 rating**, very good in straight shot and milk, with **black cherry + dark chocolate + pink grapefruit zest**
- **Poseidon Blend Espresso** — **95 rating**, excellent as both espresso and in milk, with **fruit and flowers** and a high-toned profile

### Best overall pick for your exact brief
If you want **sweet-tart, chocolatey, and milk-friendly**, go with **Fruit of the Goddess Espresso Blend**.

If you want, I can also rank these three by **best for straight espresso**, **best for cappuccinos/lattes**, or **most fruit-forward**."
"Elegant espresso blend for cappuccino with fruit, cocoa, and gentle herb-like notes","[{'name': 'Turbo Espresso', 'origin_1': 'Brazil', 'origin_2': 'Colombia', 'desc_1': 'Evaluated as espresso. Richly chocolaty, sweetly nut-toned. Dark chocolate, hazelnut butter, magnolia, gently scorched cedar, date in aroma and small cup. Full, creamy-smooth mouthfeel; crisply sweet, chocolate- and nut-toned finish. In cappuccino-scaled milk, chocolate notes brighten, supported by notes of gently scorched cedar and magnolia.', 'desc_2': 'A blend of coffees from Brazil and Colombia, roasted for espresso. Propeller is a Toronto-based micro-roaster with a dedication to careful selection and exceptional craft roasting of high-end coffees. Visit www.propellercoffee.com or call 416-479-3771 for more information.', 'desc_3': 'A darker-roasted espresso blend particularly attractive in three parts milk, with sweet floral, rich chocolate, and deep nut tones. ', 'roast': 'Medium', 'rating': 93.0, 'loc_country': 'Canada'}, {'name': 'Syunmei Espresso Blend', 'origin_1': 'Ethiopia', 'origin_2': 'Panama', 'desc_1': 'Evaluated as espresso. Richly sweet-tart. Bing cherry, dark chocolate, fir, almond, gardenia in aroma and small cup. Crisp, velvety mouthfeel; chocolaty, wood-toned finish. Notes of dark chocolate and gardenia lead in cappuccino-scaled milk.', 'desc_2': 'A blend of coffees from four origins roasted for espresso applications. Kasasagi is a Taiwan-based company that specializes in roasting “Japanese-style” coffees. Visit https://www.facebook.com/Kasasagicoffee/ for more information.', 'desc_3': 'A friendly, accessible espresso blend with tart fruit and dark chocolate notes. Especially attractive in cappuccino format.', 'roast': 'Medium-Light', 'rating': 92.0, 'loc_country': 'Taiwan'}, {'name': 'Espresso Fino', 'origin_1': 'Guatemala', 'origin_2': 'Brazil', 'desc_1': 'Evaluated as espresso. Richly bittersweet, gently chocolaty. Dried apricot, cocoa powder, fresh-cut cedar, almond, magnolia in aroma and small cup. Plump, creamy mouthfeel; cocoa- and cedar-toned finish. Three parts milk amplifies cocoa, apricot and magnolia notes, while almond and cedar provide pleasing structural undertones.', 'desc_2': 'A blend of coffees from Guatemala, Brazil, and Indonesia roasted for espresso. Founded by Paul Massard and Chris Nolte, Per’la focuses on meticulous sourcing and roasting fine coffees in small batches. Visit www.drinkperla.com for more information.', 'desc_3': 'A crisply chocolaty, gently fruit-toned, sweetly floral espresso blend especially complex in cappuccino-scale milk.', 'roast': 'Medium', 'rating': 92.0, 'loc_country': 'United States'}, {'name': 'Classic Blend', 'origin_1': 'Colombia', 'origin_2': 'Guatemala', 'desc_1': 'Evaluated as espresso. Deeply sweet, crisply chocolaty. Bing cherry, dark chocolate, magnolia, oak, cashew in aroma and small cup. Satiny mouthfeel; oak and cashew lead in the gently drying finish. Chocolate and bing cherry notes intensify in three parts milk.', 'desc_2': 'A blend of coffees from Colombia, Guatemala, Brazil and Ethiopia roasted for espresso. Flower Coffee Workshop is a nano-roastery and coffee shop in Taichung, Taiwan. Visit https://www.facebook.com/flowercoffee20180526/ for more information.', 'desc_3': 'This solid blend offers a richly sweet-tart straight shot and a crisply chocolaty cappuccino.', 'roast': 'Medium', 'rating': 92.0, 'loc_country': 'Taiwan'}, {'name': 'Flora Blend Espresso', 'origin_1': 'Africa', 'origin_2': 'Asia Pacific', 'desc_1': 'Evaluated as espresso. Sweetly tart, floral-toned. Honeysuckle, oak, dried apricot, dark chocolate, thyme in aroma and small cup. Delicately syrupy body; gently drying, floral-driven finish in the short and sweetly herb-toned in the long. In three parts milk, chocolate, florals and fruit all take center stage, and thyme-like herb notes gently follow.', 'desc_2': 'An espresso blend comprised of coffees from Africa and the Asia-Pacific. A.R.C., whose motto is “more than specialty,” rigorously controls three vital elements: sourcing of green coffee, roasting, and, in cafe environments, water quality for brewed coffee. For more information, visit http://www.arc.coffee/en/index.html.', 'desc_3': 'A floral-driven straight shot, amplified with notes of stone fruit and chocolate in cappuccino-scaled milk.', 'roast': 'Medium-Light', 'rating': 94.0, 'loc_country': 'Hong Kong'}]","For the flavor profile you want, the **best match is Flora Blend Espresso**.

**Why it fits:**
- **Fruit:** dried apricot
- **Cocoa/chocolate:** dark chocolate
- **Gentle herb-like note:** thyme
- **Elegant/floral character:** honeysuckle
- It’s described as **especially attractive in cappuccino-scale milk**, where **chocolate, florals, and fruit** all come forward.

**Runner-up options:**
- **Espresso Fino** — best if you want **more cocoa and apricot**, with a bit of cedar and magnolia.
- **Syunmei Espresso Blend** — best if you want **brighter cherry fruit** with dark chocolate and a more accessible cappuccino profile.

If you want, I can also rank these by **best for cappuccino**, **best for straight espresso**, or **best for a more modern fruity espresso**."
Revel Coffee Ethiopia Shakiso Mormora Guji Zone Southern Ethiopia rating 92 medium-light roast,"[{'name': 'Ethiopia Shakiso Mormora', 'origin_1': 'Guji Zone', 'origin_2': 'Southern Ethiopia', 'desc_1': 'Crisply sweet, cocoa-toned. Lemon blossom, roasted cacao nib, date, rice candy, white peppercorn in aroma and cup. Savory-tart structure; delicate, silky mouthfeel. The richly drying finish leads with cocoa-toned, crisply sweet floral notes in the short and a hint of spice (white peppercorn) in the long.', 'desc_2': 'This coffee tied for the third-highest rating in a tasting of 71 organic-certified coffees from Africa for Coffee Review’s November 2017 tasting report. Southern Ethiopia coffees like this one are produced from traditional Ethiopian varieties of Arabica long grown in the region. When processed by the wet or washed method (fruit skin and pulp are removed before drying) they typically express great aromatic complexity and intensity with a particular emphasis on floral notes. Like virtually all southern Ethiopia coffees, this coffee is produced by villagers on small, garden plots interplanted with food and other subsistence crops. Revel Coffee is a micro-roaster located in Billings, Montana. Its motto: “Quality is paramount — a difference you can revel in.” Visit www.revelcoffee.com or call 406-534-9621 for more information.', 'desc_3': 'A gently spice-toned, floral- driven wet-processed Ethiopia cup with pleasing notes of cocoa throughout.', 'roast': 'Medium-Light', 'rating': 92.0, 'loc_country': 'United States'}, {'name': 'Ethiopia Suke Quto', 'origin_1': 'Guji Zone', 'origin_2': 'Oromia Region', 'desc_1': 'Delicate, sweetly spice-toned. Pink peppercorn, date, myrrh, lavender, roasted cacao nib in aroma and cup. Crisp, spice-toned structure with citrus-like acidity; satiny, very smooth mouthfeel. The crisply sweet finish centers around spice and pungent floral notes.', 'desc_2': 'This coffee tied for the third-highest rating in a tasting of 71 organic-certified coffees from Africa for Coffee Review’s November 2017 tasting report. Southern Ethiopia coffees like this one are produced from traditional Ethiopian varieties of Arabica long grown in the region. When processed by the wet or washed method (fruit skin and pulp are removed before drying) they typically express great aromatic complexity and intensity with a particular emphasis on floral notes. Like virtually all southern Ethiopia coffees, this one is produced by villagers on small, garden plots interplanted with food and other subsistence crops. Roast House is a small-batch, quality-focused roaster specializing in farm-direct organic-certified and Fair Trade Certified coffees. Visit roasthousecoffee.com or call 509-995-6500 for more information.', 'desc_3': 'Lavender-like flowers and hints of zesty pink peppercorn animate this crisply sweet wet-processed Ethiopia cup.', 'roast': 'Medium-Light', 'rating': 92.0, 'loc_country': 'United States'}, {'name': 'Ethiopia Gede Natural', 'origin_1': 'Shakiso District', 'origin_2': 'Guji Zone', 'desc_1': 'Evaluated as espresso. Delicate, lively, chocolate-toned. Dark chocolate, macadamia nut, date, cedar, honeysuckle in aroma and small cup. Crisp, velvety mouthfeel; clean, richly drying finish with notes of date and cedar. Balanced in three parts milk, with notes of dark chocolate supported by rich aromatic wood.', 'desc_2': 'This coffee tied for the third-highest rating in a tasting of natural-processed single-origin espressos for Coffee Review’s August 2018 tasting report. USDA organic-certified. Southern Ethiopia coffees like this one are largely produced from traditional Ethiopian varieties of Arabica long grown in the region. Processed by “natural” or dry method, meaning the beans were dried inside the fruit rather than after the fruit has been removed, as is the case with wet-processed or “washed” coffees. Like most southern Ethiopia coffees, this coffee is produced by villagers on small, garden plots interplanted with food and other subsistence crops. Wonderstate Coffee, formerly Kickapoo Coffee, is an award-winning roaster based in rural Wisconsin known for their commitment to guaranteeing higher pay for farmers and being the country’s first 100% solar powered roastery. Visit https://wonderstate.com for more information.', 'desc_3': 'A crisp, clean natural-processed espresso from Ethiopia, as richly chocolate-toned in the straight shot as it is in milk.', 'roast': 'Medium-Light', 'rating': 93.0, 'loc_country': 'United States'}, {'name': 'Ethiospro Blend', 'origin_1': 'Ethiopia', 'origin_2': 'Sabanilla De Alajuela Growing Region', 'desc_1': 'Evaluated as espresso. Bright, floral, spice-toned. Spearmint, black cherry, cedar, tangerine zest, plumeria-like flowers in aroma and small cup. Plush and buttery in mouthfeel. Flavor consolidates to cocoa-toned citrus in a resonant finish. In three parts milk, an elegant cocoa surfaces, with supporting notes of sweet flowers and a hint of pungent cedar.', 'desc_2': 'This coffee tied for the second-highest rating in a tasting of natural-processed single-origin espressos for Coffee Review’s August 2018 tasting report. A blend of natural-processed coffees from the Shakiso, Guji, Oromia and Sidamo growing regions of Ethiopia. Southern Ethiopia coffees like these are largely produced from distinctive traditional Ethiopian varieties of Arabica long grown in the region. The components of this blend are dry-processed or “natural” coffees, meaning the beans were dried inside the fruit rather than after the fruit has been removed, as is the case with wet-processed or “washed” coffees. Revel Coffee is a micro-roaster located in Billings, Montana. Its motto: “Quality is paramount—a difference you can revel in.” Visit www.revelcoffee.com or call 406-534-9621 for more information.', 'desc_3': 'An espresso blend trifecta that leads in equal parts with fruit, flowers and herbs (think black cherry, plumeria and spearmint, respectively).', 'roast': 'Medium-Light', 'rating': 94.0, 'loc_country': 'United States'}, {'name': 'Gigesa Ethiopia', 'origin_1': 'Guji Zone', 'origin_2': 'Oromia Region', 'desc_1': 'Complex, multi-layered, deeply sweet. Dark chocolate, date, butterscotch, ginger blossom, marjoram in aroma and cup. Sweetly tart structure with high-toned acidity; syrupy mouthfeel. The resonant finish centers around notes of date and dark chocolate.', 'desc_2': 'Southern Ethiopia coffees like this one are largely produced from distinctive landrace Ethiopian varieties of Arabica long grown there. This is a natural-processed version (dried in the whole fruit). JBC Coffee Roasters’ vision is simple: “let the coffee lead the way” through sourcing and roasting the best and most unique coffees available and rewarding the farmers who grow those coffees with substantial premiums. Visit www.jbccoffeeroasters.com or call 608-256-5282 for more information.', 'desc_3': 'A deep-toned Ethiopia natural: cleanly fruity, richly chocolaty, juicy-sweet.', 'roast': 'Medium-Light', 'rating': 94.0, 'loc_country': 'United States'}]","**Revel Coffee Ethiopia Shakiso Mormora, Guji Zone, Southern Ethiopia**
- **Rating:** **92.0**
- **Roast Level:** **Medium-Light**
- **Origin:** **Guji Zone, Southern Ethiopia**
- **Roaster:** **Revel Coffee** (Billings, Montana, USA)

**Flavor profile**
- **Crisply sweet and cocoa-toned**
- Notes of **lemon blossom, roasted cacao nib, date, rice candy, and white peppercorn**
- **Savory-tart structure**
- **Delicate, silky mouthfeel**
- Finish is **richly drying**, with **cocoa, floral sweetness, and a hint of spice**

**Extraction / tasting advice**
- Expect a **gently spice-toned, floral-driven washed Ethiopia cup**
- Cocoa notes should show up clearly in the cup, with **bright floral aromatics** and a **clean, structured finish**

**In short:**  
A **classic southern Ethiopia washed coffee** with **floral lift, cocoa depth, and a lightly spicy finish**—very refined and complex for a **92-point** coffee.

If you want, I can also turn this into a **one-line tasting note**, a **brew recommendation**, or a **comparison with similar Guji coffees**."
"Medium-light Ethiopian coffee with cocoa, floral aroma, lemony sweetness, and a silky body","[{'name': 'Ethiopia Yirgacheffe Botabaa Washed G1 21/01', 'origin_1': 'Ochere Woreda', 'origin_2': 'Gedeo Zone', 'desc_1': 'Sweetly tart, decidedly tropical. Ginger blossom, passionfruit, kukui nut, lemon verbena, sugarcane in aroma and cup. Sweet-tart structure with juicy, high-toned acidity; plush, syrupy mouthfeel. The finish is resonant, long, and flavor-saturated.', 'desc_2': 'Southern Ethiopia produces distinctive coffees from largely indigenous, traditional varieties of Arabica long grown in the region. Coffees like this one processed by the wet or washed method (fruit skin and pulp is removed before drying) typically express great aromatic complexity and intensity with a particular emphasis on citrus and floral notes. Kakalove Café is a nano-roaster located in the small city of Chia-Yi in Taiwan that strives to procure and roast the finest quality coffee. Visit www.kakalovecafe.com.tw or email [email\xa0protected] for more information.', 'desc_3': 'A high-toned, juicy-tart, downright heady washed Ethiopia cup with distinct tropical leanings.', 'roast': 'Medium-Light', 'rating': 94.0, 'loc_country': 'Taiwan'}, {'name': 'Ardent Ethiopia Natural', 'origin_1': 'Sidamo (Also Sidama) Growing Region', 'origin_2': 'South-Central Ethiopia', 'desc_1': 'Delicately sweet-tart, richly and intricately aromatic, deep-toned. Dried hibiscus flowers, bergamot, frankincense, lychee, boysenberry in aroma and cup. Confidently sweet-tart structure with sparkling acidity; silky, buoyant mouthfeel. The long, lingering flavor-saturated finish intoxicatingly blurs fruit and floral notes.', 'desc_2': 'This exceptional coffee was selected as the No. 5 coffee on Coffee Review’s list of the Top 30 Coffees of 2020.\xa0 A green coffee from Ardent Coffees, a newer specialized exporter of Ethiopia coffees. Southern Ethiopia coffees like this one are largely produced from distinctive indigenous Ethiopian landrace varieties of Arabica long grown in their respective regions. This is a dry-processed or “natural” version (coffee is dried inside the entire fruit). JBC Coffee Roasters’ vision is simple: “let the coffee lead the way” through sourcing and roasting the best and most unique coffees available and rewarding the farmers who grow those coffees with substantial premiums. Visit www.jbccoffeeroasters.com or call 608-256-5282 for more information.', 'desc_3': 'A natural-processed Ethiopia cup unique and thrilling in its dried fruit and floral aromatics carried by a flawless structure: high-toned, elegant, complex, complete.', 'roast': 'Medium-Light', 'rating': 97.0, 'loc_country': 'United States'}, {'name': 'Banco Gotete Ethiopia', 'origin_1': 'Yirgacheffe Growing Region', 'origin_2': 'Southern Ethiopia', 'desc_1': 'Delicate, richly floral, sweetly spice-toned. Almond nougat, white peach, pink peppercorn, wisteria-like flowers, fragrant sandalwood in aroma and cup. Richly bittersweet structure with vibrant, juicy acidity; plush, syrupy mouthfeel. Resonant, flavor-saturated finish centers around peach, wisteria and sandalwood.', 'desc_2': 'Southern Ethiopia coffees like this one are produced largely from traditional indigenous Ethiopian varieties of Arabica long grown in the region. This lot was processed by the wet or washed method (fruit skin and pulp are removed before drying). Ethiopia coffees processed with this method typically express great aromatic complexity and intensity, with a particular emphasis on floral notes. JBC Coffee Roasters’ vision is simple: “let the coffee lead the way” through sourcing and roasting the best and most unique coffees available and rewarding the farmers who grow those coffees with substantial premiums. Visit www.jbccoffeeroasters.com or call 608-256-5282 for more information. ', 'desc_3': 'A nuanced, multi-layered washed Ethiopia cup with a deep floral profile and energetic lift from an elegant spice throughline.', 'roast': 'Medium-Light', 'rating': 94.0, 'loc_country': 'United States'}, {'name': 'Gedeb Yirgacheffe Ethiopia', 'origin_1': 'Gedeb District', 'origin_2': 'Gedeo Zone', 'desc_1': 'Crisp, balanced, richly sweet. Maple syrup, apricot, hop flowers, nougat, roasted cacao nib in aroma and cup. Sweet-savory structure with lively acidity; full, satiny mouthfeel. Notes of maple syrup and apricot pleasantly dominate the finish, with enticing hints of bittersweet, hop-like florals.', 'desc_2': 'This coffee tied for the third-highest rating in a cupping of coffees roasted by women for Coffee Review‘s April 2018 tasting report. Southern Ethiopia coffees like this one are produced from traditional Ethiopian varieties of Arabica long grown in the region. This is a wet-processed or “washed” coffee, meaning the fruit skin and pulp were removed from the beans immediately after harvesting and before drying. Bluebeard Coffee Roasters’ motto is “The Perfect Medium.” The Tacoma, Washington-based company aims at roasting deep enough to develop sweetness and depth, light enough to leave each coffees’ subtleties intact. Visit www.bluebeardcoffee.com for more information.', 'desc_3': 'A dynamic Ethiopia cup with high-toned fruit notes and bittersweet florals, all enveloped in crisp cocoa.', 'roast': 'Medium-Light', 'rating': 93.0, 'loc_country': 'United States'}, {'name': 'Ethiopia Halo Hartume Daniel Mijane', 'origin_1': 'Yirgacheffe Growing Region', 'origin_2': 'Southern Ethiopia', 'desc_1': 'Delicately vibrant, crisply sweet-tart. Peach, cocoa nib, lilac, pink grapefruit zest, pistachio in aroma and cup. Balanced, sweetly tart in structure; richly silky mouthfeel. The satisfying finish consolidates to notes of cocoa-toned stone fruit.', 'desc_2': 'Southern Ethiopia coffees like this one are largely produced from traditional Ethiopian varieties of Arabica long grown in the region. This lot was processed by the wet or washed method (fruit skin and pulp are removed before drying). Southern Ethiopia coffees processed with this method typically express great aromatic complexity and intensity, with a particular emphasis on floral notes. Old World Coffee Lab is a specialty coffee roaster with cafes in Reno and Carson City, Nevada. Visit www.oldworldcoffee.co for more information.\xa0', 'desc_3': 'A high-toned, elegant washed Yirgacheffe cup with a floral and stone fruit throughline.', 'roast': 'Medium-Light', 'rating': 94.0, 'loc_country': 'United States'}]","The **best match** for **medium-light Ethiopian coffee with cocoa, floral aroma, lemony sweetness, and a silky body** is:

**Document 5 — Ethiopia Halo Hartume Daniel Mijane**

**Why it fits:**
- **Medium-Light roast**
- **Floral aroma:** lilac
- **Cocoa note:** cocoa nib
- **Lemony/citrusy sweetness:** pink grapefruit zest
- **Silky body:** “richly silky mouthfeel”
- Also has a **balanced, sweet-tart** Ethiopian profile that lines up well with your description

**Runner-up:**
- **Document 4 — Gedeb Yirgacheffe Ethiopia**
  - Has **cacao nib** and **hop flowers**, plus a **full, satiny mouthfeel**
  - But it reads a bit more **maple/apricot and savory** than lemony

If you want, I can also rank all 5 from **closest to farthest match** for your flavor description."
"Washed Ethiopia coffee with sweet cocoa notes, floral complexity, and a gently spicy finish","[{'name': 'Ethiopia Yirgacheffe Botabaa Washed G1 21/01', 'origin_1': 'Ochere Woreda', 'origin_2': 'Gedeo Zone', 'desc_1': 'Sweetly tart, decidedly tropical. Ginger blossom, passionfruit, kukui nut, lemon verbena, sugarcane in aroma and cup. Sweet-tart structure with juicy, high-toned acidity; plush, syrupy mouthfeel. The finish is resonant, long, and flavor-saturated.', 'desc_2': 'Southern Ethiopia produces distinctive coffees from largely indigenous, traditional varieties of Arabica long grown in the region. Coffees like this one processed by the wet or washed method (fruit skin and pulp is removed before drying) typically express great aromatic complexity and intensity with a particular emphasis on citrus and floral notes. Kakalove Café is a nano-roaster located in the small city of Chia-Yi in Taiwan that strives to procure and roast the finest quality coffee. Visit www.kakalovecafe.com.tw or email [email\xa0protected] for more information.', 'desc_3': 'A high-toned, juicy-tart, downright heady washed Ethiopia cup with distinct tropical leanings.', 'roast': 'Medium-Light', 'rating': 94.0, 'loc_country': 'Taiwan'}, {'name': 'Memories of Autumn', 'origin_1': 'Ethiopia', 'origin_2': 'Colombia', 'desc_1': 'Complex, multi-layered, deeply sweet. Lilac, cocoa nib, apricot, almond, tangerine zest in aroma and cup. Bright, juicy acidity; plush, syrupy mouthfeel. The resonant finish leads with notes of lilac and plum, balanced by suggestions of crisp cocoa.', 'desc_2': 'A blend of coffees from Ethiopia and Colombia, both wash-processed (fruit skin and flesh are removed from the beans before they are dried). Bargain Cafe is a specialty coffee roaster in Taitung, Taiwan. Visit https://shopee.tw/iamjiter for more information.', 'desc_3': 'A lively, cocoa-toned blend of Ethiopia and Colombia coffees that’s balanced and deep-toned — both richly chocolaty and vibrantly fruit-driven.', 'roast': 'Light', 'rating': 94.0, 'loc_country': 'Taiwan'}, {'name': 'Ethiopia Washed Botabaa G1 Lot.22/01', 'origin_1': 'Kochere District', 'origin_2': 'Gedeo Zone', 'desc_1': 'Sweetly floral, richly aromatic. Magnolia, raspberry, cocoa nib, lemon-thyme, agave syrup in aroma and cup. Sweetly tart structure with bright, juicy acidity; full, syrupy-smooth mouthfeel. The finish leads with notes of magnolia  and raspberry with distinct undertones of cocoa nib.', 'desc_2': 'Southern Ethiopia produces distinctive coffees from selections of indigenous, traditional selections of Arabica long grown in the region. Coffees like this one, processed by the traditional wet or washed method (fruit skin and pulp is removed before drying), typically express great aromatic complexity and intensity. Muka Coffee, based in Pingtung Changzhi Taiwan, specializes in high-quality roasted coffees. Visit www.facebook.com/coffeemuka for more information.', 'desc_3': 'A multi-layered, sweetly tart washed Ethiopia cup with deep floral and high-toned berry notes.', 'roast': 'Light', 'rating': 93.0, 'loc_country': 'Taiwan'}, {'name': 'Ethiopia Banko Gotiti', 'origin_1': 'Kochere', 'origin_2': 'Yirgacheffe Growing Region', 'desc_1': 'Delicate, spice-toned, richly aromatic. Narcissus-like flowers, cocoa nib, peach, lemon verbena, a hint of eucalyptus wood in aroma and cup. High-toned, vibrant acidity; full, syrupy mouthfeel. The deep, cocoa-toned finish centers around notes of narcissus and peach.', 'desc_2': 'Southern Ethiopia coffees like this one are produced from distinctive traditional Ethiopian landrace varieties of Arabica long grown in the region. Processed by the wet or washed method (fruit skin and pulp are removed before drying). Roasted at PT’s Coffee, where the motto is “without the love, it’s just coffee.” Visit www.ptscoffee.com or call 888-678-JAVA for more information.', 'desc_3': 'A delicate, spice-forward washed Yirgacheffe cup with deep, sweet-herbal aromatics.', 'roast': 'Medium-Light', 'rating': 94.0, 'loc_country': 'United States'}, {'name': 'Ethiopia Wuri Washed', 'origin_1': 'Gedeb District', 'origin_2': 'Gedeo Zone', 'desc_1': 'Gently crisp, sweet-toned. Honeydew melon, baking chocolate, hazelnut, fir, lemon verbena in aroma and cup. Sweet in structure with pert acidity; lightly satiny mouthfeel. Nut-toned finish with undertones of aromatic wood.', 'desc_2': 'Southern Ethiopia coffees like this one are produced from traditional indigenous Ethiopian landrace varieties of Arabica. This lot was processed by the wet or washed method (fruit skin and pulp are removed before drying). Southern Ethiopia coffees processed with this method typically express great aromatic complexity and intensity, with a particular emphasis on floral notes. Imported by Atlas Coffee Importers. Indaba Coffee is a small family-owned business in the heart of Spokane, Washington whose mission is “radical hospitality.” For every bag of coffee sold, Indaba donates a meal to someone in need through the 2nd Harvest Food Bank. Visit www.indabacoffee.com for more information.', 'desc_3': 'A friendly, balanced washed Ethiopia with notes of sweet melon, rich aromatic wood, and citrusy herb.', 'roast': 'Light', 'rating': 91.0, 'loc_country': 'United States'}]","A great match from the context is:

**Ethiopia Banko Gotiti**

- **Why it fits:** It’s a **washed Ethiopia** with **richly aromatic floral character**, **cocoa nib**, and a **spice-toned** finish.
- **Flavor highlights:** **Narcissus-like flowers, cocoa nib, peach, lemon verbena**, with a **deep, cocoa-toned finish** and a subtle spicy/herbal edge.
- **Style:** **Medium-Light roast** with vibrant acidity and a syrupy mouthfeel.

If you want, I can also suggest:
- a **brew recipe** that will highlight the cocoa and floral notes, or
- a **second-best match** if you want something even more fruit-forward or more cocoa-heavy."
"Looking for a high-scoring light-to-medium roast with floral notes, cocoa, and a delicate mouthfeel","[{'name': 'Red Sunset by Andres Cardona', 'origin_1': 'Santa Bárbara', 'origin_2': 'Antioquia Department', 'desc_1': 'Elegant, gently fruit-forward. Black cherry, lychee, almond, marjoram, cedar in aroma and cup. Sweetly tart with high-toned acidity; plush, syrupy mouthfeel. The resonant finish is centered around notes of lychee and almond.', 'desc_2': 'Produced by Andres Cardona at Villa Lucía Farm from trees of the Castillo and Colombia varieties of Arabica, and processed by the semi-washed or honey method (skins are removed but at least some of the sticky fruit flesh is allowed to dry on the beans). Nostalgia Coffee Roasters was founded by Taylor Fields in 2018 as a mobile café; it has since added specialty roasting and online sales of select fine coffees. Visit www.nostalgiacoffeeroasters.com for more information.', 'desc_3': 'A pretty, delicate, confident honey-processed Colombia animated by both stone fruit and tropical fruit notes throughout.', 'roast': 'Medium-Light', 'rating': 94.0, 'loc_country': 'United States'}, {'name': 'Colombia Finca El Paraiso', 'origin_1': 'Cauca', 'origin_2': 'Colombia', 'desc_1': 'Chocolaty, deeply sweet-savory. Dark chocolate, fresh ginger, plum blossom, lemon verbena, Italian parsley in aroma and cup. Savory-leaning structure with sweet undertones and crisp, citrusy acidity; lively, tannic mouthfeel. Gently drying, chocolaty and spice-toned finish.', 'desc_2': 'Produced by Diego Samuel Bermudez Tapia of the Castillo, Caturra and Colombia varieties of Arabica and processed by the double anaerobic method (subject to oxygen-restricted fermentation first in the whole fruit, then, after skins are removed, in the fruit flesh). Dory Coffee Roasters is a Taipei-based nano-roaster of specialty coffee. For more information, visit https://www.facebook.com/dorycoffee99/.', 'desc_3': 'Processed by an experimental anaerobic fermentation method that nets a savory, sweetly spicy and gingery, intriguingly unconventional cup. ', 'roast': 'Medium-Light', 'rating': 93.0, 'loc_country': 'Taiwan'}, {'name': 'Twenty Five', 'origin_1': 'Ethiopia', 'origin_2': 'Papua New Guinea', 'desc_1': 'Evaluated as espresso. Luminous, complexly layered, impossibly rich. Caramelized pineapple, tamarind, star jasmine, chocolate fudge, myrrh in aroma and small cup. Creamy, vivacious mouthfeel; long, flavor-saturated finish. Close to otherworldly in three parts milk: All the notes from the cup harmonize, and new notes surface: suggestions of lychee, pink grapefruit zest, marjoram.', 'desc_2': 'This exceptional espresso blend was selected as the No. 6 coffee on\xa0Coffee Review’s\xa0list of the Top 30 Coffees of 2018.\xa0 This blend was designed to celebrate Barrington Coffee’s 25th anniversary as an artisan roaster dedicated to elite coffees, fresh delivery and roasting that foregrounds the coffee and not the roast. Visit www.barringtoncoffee.com or call 800-528-0998 for more information.', 'desc_3': 'Barrington’s anniversary blend is worthy of a celebration, brilliantly curated and roasted, and under $15 a bag.', 'roast': 'Medium-Light', 'rating': 96.0, 'loc_country': 'United States'}, {'name': 'Santa Elena Colombia Caturra Natural', 'origin_1': 'Antioquia Department', 'origin_2': 'Colombia', 'desc_1': 'Gently sweet-tart, fruit-toned. Dried plum, cocoa nib, fresh-cut oak, lemon verbena, freesia-like flowers in aroma and cup. Delicately tart structure with brisk acidity; crisp, satiny mouthfeel. Cocoa and cedar notes lead the quiet finish.', 'desc_2': 'Produced by Samuel Roldan of Finca Santa Elena entirely of the Caturra variety of Arabica and processed by the natural method (dried in the whole fruit). Hub Coffee Roasters is a specialty roaster focused on single-origin coffees with several cafes in the Reno area. Visit www.hubcoffeeroasters.com for more information.', 'desc_3': 'An easygoing, approachable natural-processed Colombia cup with a sweetly tart cup profile complicated by hints of cocoa nib and spicy florals.', 'roast': 'Medium-Light', 'rating': 92.0, 'loc_country': 'United States'}, {'name': 'Dark Roast Holiday Blend', 'origin_1': 'Sumatra', 'origin_2': 'Panama', 'desc_1': 'Very roast-prominent, chocolaty and spiced-toned. Chocolate, charred mesquite, date, baking spices, dark caramel in aroma and cup. Sweet-toned structure with a bitter edge; full though drying mouthfeel. The finish, while sweet, is dominated by burned wood notes that obscure the underlying chocolate and fruit.', 'desc_2': 'This blend was purchased from a Peet’s Coffee retail location as a nationally branded benchmark comparison for the holiday blends from other smaller roasters reviewed this month. It is comprised of three coffees: a wet-hulled Sumatra Batak, a washed-process Panama Finca Don Bosco, and a washed-process Kenya. Peet’s Coffee, now a national chain, was founded by Alfred Peet in 1966, making it one of the first and most influential artisan coffee roasters in the U.S. Visit www.peets.com for more information.', 'desc_3': 'An interesting blend skillfully dark-roasted, save for the bitter, burned finish. Otherwise, quietly intriguing, sweet and smoky.', 'roast': 'Dark', 'rating': 86.0, 'loc_country': 'United States'}]","Based on your taste target — **high-scoring, light-to-medium roast, floral notes, cocoa, and a delicate mouthfeel** — the **best match in this set is:**

## **Santa Elena Colombia Caturra Natural**
- **Roast Level:** Medium-Light  
- **Quality Rating:** **92.0**
- **Why it fits:**
  - **Floral notes:** *freesia-like flowers*
  - **Cocoa:** *cocoa nib* and a cocoa-led finish
  - **Delicate mouthfeel:** *crisp, satiny mouthfeel*
  - **Light-to-medium profile:** sweet-tart, gently bright, and approachable

### Why not the others?
- **Red Sunset by Andres Cardona** — very high-scoring, but it leans more **fruit-forward** with lychee, black cherry, and almond than floral/cocoa.
- **Colombia Finca El Paraiso** — has chocolate and floral elements, but it’s more **savory, spicy, and tannic** than delicate.
- **Twenty Five** — extremely high-scoring and complex, but it reads more **espresso-rich and creamy** with tropical/caramelized character than light floral cocoa.
- **Dark Roast Holiday Blend** — not a fit for light-to-medium or delicate; it’s roast-heavy and smoky.

### Quick pick
If you want the **closest overall match**, go with **Santa Elena Colombia Caturra Natural**.  
If you want the **highest-scoring option overall**, **Twenty Five** is the top score — but it’s less aligned with your flavor preferences.

If you want, I can also rank these **from best to worst for your exact flavor target**."
"A sweet, aromatic African coffee with cacao flavors and subtle spice for filter brewing","[{'name': 'Rhapsody of Dreams', 'origin_1': 'Kenya', 'origin_2': 'Colombia', 'desc_1': 'Chocolaty and floral-toned. Dark chocolate, freesia-like flowers, pluot, pink peppercorn, oak in aroma and cup. Sweet-tart structure with bright, sparkling acidity; very full, syrupy-smooth mouthfeel. Spice-toned, floral finish.', 'desc_2': 'A blend of coffees from Kenya and Colombia, both washed-process, designed for pour-over brewing. Evie’s Café, based in Chia-Yi Taiwan, specializes in fine roasted coffees as well as pour-overs and cold-brews. Visit https://m.facebook.com/eviescafe88/ for more information.', 'desc_3': 'A creative blend of two exceptional green coffees that nets a multi-layered and engaging cup: spice-toned, deeply chocolaty, richly floral.', 'roast': 'Medium-Light', 'rating': 94.0, 'loc_country': 'Taiwan'}, {'name': 'Gikanda Kenya', 'origin_1': 'South-Central Kenya', 'origin_2': 'Boquete Growing Region', 'desc_1': 'Sweetly bright, spicy and savory-edged. Orange zest, black currant, baker’s chocolate, tamarind, floral-toned vanilla, redwood in aroma and cup. Deeply bright and richly savory in structure; syrupy, lively mouthfeel. Very deep, very lasting finish, saturated with flavor: chocolate, black currant, vanilla. ', 'desc_2': 'Despite grower discontent and urban encroachment on prime coffee lands, Kenya continues to produce some of the world’s most elegant and distinctive coffees. JBC Coffee Roasters’ vision is simple: “let the coffee lead the way” through sourcing and roasting the best and most unique coffees available and rewarding the farmers who grow those coffees with substantial premiums. Visit www.jbccoffeeroasters.com or call 608-256-5282 for more information.', 'desc_3': 'Superb version of the classic sweet-savory, crisply juicy, fragrantly floral-edged Kenya cup.', 'roast': 'Medium-Light', 'rating': 96.0, 'loc_country': 'United States'}, {'name': 'Kenya Murang’a Githiga AA', 'origin_1': 'Muranga District', 'origin_2': 'Central Province', 'desc_1': 'Very sweetly tart, floral-prominent and rich-toned. Lemon custard, red currant jam, tea rose, maple syrup and dried coconut in aroma and cup. Delightfully crisp and tart, though cohesively resonant in structure; very lightly though buoyantly syrupy in mouthfeel. The finish is pert and satisfying, with a lingering sweet crispness and a long aromatic trajectory.', 'desc_2': 'Despite grower discontent and urban encroachment on prime coffee lands, Kenya continues to produce some of the world’s most elegant and distinctive coffees. Evie’s Café, based in Chia-Yi Taiwan, specializes in fine roasted coffees as well as pour-overs and cold-brews. Visit https://m.facebook.com/eviescafe88/ for more information.', 'desc_3': 'Though delicate and perhaps a bit bright for some palates, the integrated breadth of “tart” is reminiscent of fine desserts by the same name. An elegant example of the Kenya type.', 'roast': 'Medium-Light', 'rating': 94.0, 'loc_country': 'Taiwan'}, {'name': 'South Africa Elephant Coast Estate Coffea Racemosa', 'origin_1': 'Kwazulu-Natal Province', 'origin_2': 'South Africa', 'desc_1': 'Richly bittersweet, deep-toned. Hop flowers, pink peppercorn, tangerine zest, quince, fresh-cut fir in aroma and cup. Sweet-savory structure with friendly, accessible acidity; satiny-smooth mouthfeel. The bittersweet finish centers around tangerine zest and quince.', 'desc_2': 'Produced by Charles Denison of Elephant Coast Estate from the rare, tiny-beaned South African indigenous coffee species Racemosa, and processed by the washed method. Available as part of Rare Coffees Tour. Paradise Roasters specializes in micro-lot Arabica and Robusta coffees from Asia and other emerging origins. The company prides itself on quality and freshness, craft-roasting coffees in small batches only after orders are placed. Visit www.paradiseroasters.com or call 763-433-0626 for more information.', 'desc_3': 'While basically sweet, this coffee’s main impulses are a unique and intriguing citrus-zest-like bittersweetness with savory floral underpinnings. ', 'roast': 'Medium-Light', 'rating': 92.0, 'loc_country': 'United States'}, {'name': 'Kenya AB', 'origin_1': 'South-Central Kenya', 'origin_2': 'Santa Maria', 'desc_1': 'Roast-touched, floral-toned, richly chocolaty. Narcissus, chocolate fudge, black cherry, almond, lightly scorched mesquite in aroma and cup. Sweet-toned structure with crisp, malic acidity, suggesting green apple; full, creamy mouthfeel. The finish consolidates to chocolate fudge and black cherry with undertones of smoky mesquite.', 'desc_2': 'This coffee earned the second-highest rating in a cupping of coffees from New England roasters for Coffee Review’s February 2019 tasting report. Despite challenges ranging from contested government coffee policy and urban encroachment on prime coffee lands to chronically unstable weather, Kenya continues to produce some of the world’s most elegant and distinctive coffees. Vermont Artisan Coffee & Tea provides craft-roasted coffees and quality teas to retail establishments, food service markets, and retail customers throughout New England, and beyond. For more information, visit \xa0www.vtartisan.com.', 'desc_3': 'A deeply sweet Kenya cup with a developed roast profile that equally prioritizes flowers and chocolate.', 'roast': 'Medium', 'rating': 94.0, 'loc_country': 'United States'}]","A great match from the context is:

**Coffee Name:** **Rhapsody of Dreams**
- **Origin:** Kenya
- **Why it fits:** It’s described as **deeply chocolaty, richly floral, and spice-toned** with **dark chocolate** and **pink peppercorn** notes—very close to the sweet, aromatic African cup with cacao and subtle spice you’re after.
- **Best brew style:** **Pour-over / filter**
- **Roast Level:** **Medium-Light**

If you want, I can also give you a **filter brew recipe** for it:
- **Coffee:** 15g
- **Water:** 240g @ **93°C / 199°F**
- **Grind Size:** Medium-fine, like table salt
- **Ratio:** **1:16**
- **Total Time:** about **2:30–3:00 mins**

**Step-by-Step Instructions:**
1. Rinse the filter and preheat your dripper and cup.
2. Add **15g coffee**, then pour **40g** of water to bloom for **30–45 sec**.
3. Pour in slow circles up to **240g total**.
4. Let it draw down and serve.

If you’d like, I can also suggest **the best of the other Kenya options** for a more **fruit-forward** or more **classic chocolatey** profile."
"1. Roast House Ethiopia Suke Quto Medium-Light from United States, origin Guji Zone Oromia Region, rating 92","[{'name': 'Ethiopia Suke Quto', 'origin_1': 'Guji Zone', 'origin_2': 'Oromia Region', 'desc_1': 'Delicate, sweetly spice-toned. Pink peppercorn, date, myrrh, lavender, roasted cacao nib in aroma and cup. Crisp, spice-toned structure with citrus-like acidity; satiny, very smooth mouthfeel. The crisply sweet finish centers around spice and pungent floral notes.', 'desc_2': 'This coffee tied for the third-highest rating in a tasting of 71 organic-certified coffees from Africa for Coffee Review’s November 2017 tasting report. Southern Ethiopia coffees like this one are produced from traditional Ethiopian varieties of Arabica long grown in the region. When processed by the wet or washed method (fruit skin and pulp are removed before drying) they typically express great aromatic complexity and intensity with a particular emphasis on floral notes. Like virtually all southern Ethiopia coffees, this one is produced by villagers on small, garden plots interplanted with food and other subsistence crops. Roast House is a small-batch, quality-focused roaster specializing in farm-direct organic-certified and Fair Trade Certified coffees. Visit roasthousecoffee.com or call 509-995-6500 for more information.', 'desc_3': 'Lavender-like flowers and hints of zesty pink peppercorn animate this crisply sweet wet-processed Ethiopia cup.', 'roast': 'Medium-Light', 'rating': 92.0, 'loc_country': 'United States'}, {'name': 'Ethiopia Cup of Excellence Guji Natural', 'origin_1': 'West Guji Zone', 'origin_2': 'Hambela Wamena Woreda', 'desc_1': 'Complex, bright, citrusy. Meyer lemon zest, cocoa nib, dried hibiscus flowers, marjoram, red plum in aroma and cup. Sweetly tart with crisp but juicy acidity; lightly viscous, satiny mouthfeel. Layered finish with citrus and cocoa at the center.', 'desc_2': 'Produced by Ato Yidnekachew Seleshi from trees of the admired indigenous 74110 selection of Arabica and processed by the natural method (dried in the whole fruit). Paradise Roasters specializes in micro-lot Arabica and Robusta coffees from Asia and other emerging origins. The company prides itself on quality and freshness, craft-roasting coffees in small batches only after orders are placed. Visit www.paradiseroasters.com or call 763-433-0626 for more information.', 'desc_3': 'A delicate, high-toned Ethiopia cup with sweet herb undertones, ethereal in its perfumy complexity.', 'roast': 'Light', 'rating': 95.0, 'loc_country': 'United States'}, {'name': 'Ethiopia Buku Abela', 'origin_1': 'Guji Zone', 'origin_2': 'Oromia Region', 'desc_1': 'Cleanly fruit-toned, delicately sweet-tart. Raspberry, bergamot, cocoa nib, honey, lemon verbena in aroma and cup. Sweetly tart structure with delicate, buoyant mouthfeel; crisp, fruit-forward finish.', 'desc_2': ""Guji is a coffee-growing region nestled next to Ethiopia's better-known Yirgacheffe and Sidamo regions. Guji coffees are largely produced from distinctive landrace varieties of Arabica long grown there. Processed by the washed method. Home in Harmony coffees are created by HiH Lifestyle Co., a coffee roaster tailored to retail, wholesale and commercial coffee solutions. Visit\xa0www.hih2020.com\xa0or email\xa0[email\xa0protected]"", 'desc_3': 'A fruit-driven, sweetly herbaceous wash-processed Ethiopia cup: delicate, bright, juicy.', 'roast': 'Medium-Light', 'rating': 94.0, 'loc_country': 'Taiwan'}, {'name': 'Ethiopia Guji Laayyoo Natural', 'origin_1': 'Guji Zone', 'origin_2': 'Southern Ethiopia', 'desc_1': 'Richly sweet-tart, brightly fruit-forward. Pomegranate, cocoa nib, butterscotch, hazelnut, passionflower in aroma in cup. Sweet-savory in structure with citrusy acidity; crisply smooth mouthfeel. Quiet, cocoa-toned finish with sweet hazelnut undertones.', 'desc_2': 'Produced by smallholding farmers from trees of the 74110, 74112 and other local selected varieties of Arabica and processed by the natural method at the Sookoo Washing Station. Paradise Roasters specializes in micro-lot Arabica and Robusta coffees from Asia and other emerging origins. The company prides itself on quality and freshness, craft-roasting coffees in small batches only after orders are placed. Visit www.paradiseroasters.com or call 763-433-0626 for more information.', 'desc_3': 'A juicy, cleanly fruit-toned natural-processed Ethiopia, high-toned and fruit-driven.', 'roast': 'Light', 'rating': 94.0, 'loc_country': 'United States'}, {'name': 'Ethiopia Guji Hambela Dabaye', 'origin_1': 'Guji Zone', 'origin_2': 'Oromia Region', 'desc_1': 'Gently fruit-toned, sweetly tart. Plum, cocoa nib, lemon verbena, oak, maple syrup in aroma and cup. Crisp, high-toned with juicy acidity; satiny mouthfeel. The sweetly herbaceous finish is driven by lemon verbena and maple syrup notes with oak undertones.', 'desc_2': ""Guji is nestled next to Ethiopia's better-known Yirgacheffe and Sidamo growing regions. Processed by the wet or washed method (fruit skin and pulp are removed before drying). Sunny’s Coffee is a café and roastery in the Tochigi Prefecture specializing in craft-roasted coffees and house-made food. Visit sunnyscoffee.thebase.in for more information.\xa0"", 'desc_3': 'A friendly, accessible washed Ethiopia cup animated by delicate stone fruit, cocoa and sweet herb notes throughout.', 'roast': 'Light', 'rating': 91.0, 'loc_country': 'Japan'}]","**Roast House Ethiopia Suke Quto Medium-Light**  
- **Origin:** Guji Zone, Oromia Region, Ethiopia  
- **Roast Level:** Medium-Light  
- **Location/Country:** United States  
- **Quality Rating:** 92.0

**Tasting Profile:**  
- **Aroma/Cup:** Pink peppercorn, date, myrrh, lavender, roasted cacao nib  
- **Acidity:** Crisp, spice-toned with citrus-like acidity  
- **Mouthfeel:** Satiny, very smooth  
- **Finish:** Crisply sweet with spice and pungent floral notes

**Processing & Background:**  
- **Process:** Wet-processed / washed  
- **Typical Ethiopian character:** Floral, aromatic, and complex  
- **Origin context:** Grown by villagers on small garden plots interplanted with food crops

**Extraction Advice:**  
- Expect **lavender-like florals** and **zesty pink peppercorn** notes to shine, especially in a clean brew.

If you want, I can also turn this into a **brew recommendation** for **pour-over, espresso, or French press**."
"2. Lightly roasted Ethiopian coffee with floral aromatics, pink pepper-like spice, citrusy brightness, and a smooth, silky body","[{'name': 'Ardent Ethiopia Natural', 'origin_1': 'Sidamo (Also Sidama) Growing Region', 'origin_2': 'South-Central Ethiopia', 'desc_1': 'Delicately sweet-tart, richly and intricately aromatic, deep-toned. Dried hibiscus flowers, bergamot, frankincense, lychee, boysenberry in aroma and cup. Confidently sweet-tart structure with sparkling acidity; silky, buoyant mouthfeel. The long, lingering flavor-saturated finish intoxicatingly blurs fruit and floral notes.', 'desc_2': 'This exceptional coffee was selected as the No. 5 coffee on Coffee Review’s list of the Top 30 Coffees of 2020.\xa0 A green coffee from Ardent Coffees, a newer specialized exporter of Ethiopia coffees. Southern Ethiopia coffees like this one are largely produced from distinctive indigenous Ethiopian landrace varieties of Arabica long grown in their respective regions. This is a dry-processed or “natural” version (coffee is dried inside the entire fruit). JBC Coffee Roasters’ vision is simple: “let the coffee lead the way” through sourcing and roasting the best and most unique coffees available and rewarding the farmers who grow those coffees with substantial premiums. Visit www.jbccoffeeroasters.com or call 608-256-5282 for more information.', 'desc_3': 'A natural-processed Ethiopia cup unique and thrilling in its dried fruit and floral aromatics carried by a flawless structure: high-toned, elegant, complex, complete.', 'roast': 'Medium-Light', 'rating': 97.0, 'loc_country': 'United States'}, {'name': 'Ethiopia Suke Quto', 'origin_1': 'Guji Zone', 'origin_2': 'Oromia Region', 'desc_1': 'Delicate, sweetly spice-toned. Pink peppercorn, date, myrrh, lavender, roasted cacao nib in aroma and cup. Crisp, spice-toned structure with citrus-like acidity; satiny, very smooth mouthfeel. The crisply sweet finish centers around spice and pungent floral notes.', 'desc_2': 'This coffee tied for the third-highest rating in a tasting of 71 organic-certified coffees from Africa for Coffee Review’s November 2017 tasting report. Southern Ethiopia coffees like this one are produced from traditional Ethiopian varieties of Arabica long grown in the region. When processed by the wet or washed method (fruit skin and pulp are removed before drying) they typically express great aromatic complexity and intensity with a particular emphasis on floral notes. Like virtually all southern Ethiopia coffees, this one is produced by villagers on small, garden plots interplanted with food and other subsistence crops. Roast House is a small-batch, quality-focused roaster specializing in farm-direct organic-certified and Fair Trade Certified coffees. Visit roasthousecoffee.com or call 509-995-6500 for more information.', 'desc_3': 'Lavender-like flowers and hints of zesty pink peppercorn animate this crisply sweet wet-processed Ethiopia cup.', 'roast': 'Medium-Light', 'rating': 92.0, 'loc_country': 'United States'}, {'name': 'Ethiospro Blend', 'origin_1': 'Ethiopia', 'origin_2': 'Sabanilla De Alajuela Growing Region', 'desc_1': 'Evaluated as espresso. Bright, floral, spice-toned. Spearmint, black cherry, cedar, tangerine zest, plumeria-like flowers in aroma and small cup. Plush and buttery in mouthfeel. Flavor consolidates to cocoa-toned citrus in a resonant finish. In three parts milk, an elegant cocoa surfaces, with supporting notes of sweet flowers and a hint of pungent cedar.', 'desc_2': 'This coffee tied for the second-highest rating in a tasting of natural-processed single-origin espressos for Coffee Review’s August 2018 tasting report. A blend of natural-processed coffees from the Shakiso, Guji, Oromia and Sidamo growing regions of Ethiopia. Southern Ethiopia coffees like these are largely produced from distinctive traditional Ethiopian varieties of Arabica long grown in the region. The components of this blend are dry-processed or “natural” coffees, meaning the beans were dried inside the fruit rather than after the fruit has been removed, as is the case with wet-processed or “washed” coffees. Revel Coffee is a micro-roaster located in Billings, Montana. Its motto: “Quality is paramount—a difference you can revel in.” Visit www.revelcoffee.com or call 406-534-9621 for more information.', 'desc_3': 'An espresso blend trifecta that leads in equal parts with fruit, flowers and herbs (think black cherry, plumeria and spearmint, respectively).', 'roast': 'Medium-Light', 'rating': 94.0, 'loc_country': 'United States'}, {'name': 'Ethiopia Yirgacheffe Botabaa G1', 'origin_1': 'Yirgacheffe Growing Region', 'origin_2': 'Southern Ethiopia', 'desc_1': 'Citrusy and spice-toned. Lemon verbena, gardenia-like flowers, sandalwood, caramel, pink peppercorn in aroma and cup. Richly sweet-tart in structure with vibrant acidity; full, satiny mouthfeel. The finish consolidates to lemon verbena and sandalwood in the short, with caramel resurfacing in the long.', 'desc_2': 'Southern Ethiopia coffees like this one are produced from traditional, largely indigenous varieties of Arabica long grown in the region. This lot was processed by the wet or washed method (fruit skin and pulp are removed before drying). Southern Ethiopia coffees processed with this method typically express great aromatic complexity and intensity, with a particular emphasis on floral notes. De Clieu Coffee is a Taiwan-based roaster whose mission it is to explore extraordinary coffees. For more information, visit https://m.facebook.com/declieucoffeetaipei.', 'desc_3': 'A citrus-driven wet-processed Ethiopia cup with fragrant aromatic wood notes throughout.', 'roast': 'Medium-Light', 'rating': 92.0, 'loc_country': 'Taiwan'}, {'name': 'Banco Gotete Ethiopia', 'origin_1': 'Yirgacheffe Growing Region', 'origin_2': 'Southern Ethiopia', 'desc_1': 'Delicate, richly floral, sweetly spice-toned. Almond nougat, white peach, pink peppercorn, wisteria-like flowers, fragrant sandalwood in aroma and cup. Richly bittersweet structure with vibrant, juicy acidity; plush, syrupy mouthfeel. Resonant, flavor-saturated finish centers around peach, wisteria and sandalwood.', 'desc_2': 'Southern Ethiopia coffees like this one are produced largely from traditional indigenous Ethiopian varieties of Arabica long grown in the region. This lot was processed by the wet or washed method (fruit skin and pulp are removed before drying). Ethiopia coffees processed with this method typically express great aromatic complexity and intensity, with a particular emphasis on floral notes. JBC Coffee Roasters’ vision is simple: “let the coffee lead the way” through sourcing and roasting the best and most unique coffees available and rewarding the farmers who grow those coffees with substantial premiums. Visit www.jbccoffeeroasters.com or call 608-256-5282 for more information. ', 'desc_3': 'A nuanced, multi-layered washed Ethiopia cup with a deep floral profile and energetic lift from an elegant spice throughline.', 'roast': 'Medium-Light', 'rating': 94.0, 'loc_country': 'United States'}]","The best match is **Document 4: Ethiopia Yirgacheffe Botabaa G1**.

**Why it fits:**
- **Lightly roasted Ethiopian coffee**: Yes, **Medium-Light**
- **Floral aromatics**: **Gardenia-like flowers**
- **Pink pepper-like spice**: **Pink peppercorn**
- **Citrusy brightness**: **Lemon verbena**, vibrant acidity
- **Smooth, silky body**: **Full, satiny mouthfeel**

**Closest alternative:**  
- **Document 2: Ethiopia Suke Quto** — also has **pink peppercorn**, **lavender**, **citrus-like acidity**, and a **satiny, very smooth mouthfeel**, but it’s more spice-toned than floral-citrus overall.

So the answer is **Ethiopia Yirgacheffe Botabaa G1**."
"3. Washed coffee with sweet spice notes, flower-like aroma, lively acidity, and a clean, satiny finish","[{'name': 'Trilogy', 'origin_1': 'Asia', 'origin_2': 'Africa', 'desc_1': 'Richly sweet, spice-toned. Baker’s chocolate, spice box, magnolia, fresh-cut fir, brown sugar in aroma and cup. Sweet in structure with round, gentle acidity; full, satiny mouthfeel. The finish centers around baker’s chocolate and spice with notes of aromatic wood throughout.', 'desc_2': 'A blend of washed and wet-hulled coffees from Africa, Asia and the Americas. Barrington Coffee is an artisan roaster dedicated to elite coffees, fresh delivery and roasting that foregrounds the coffee and not the roast. Visit www.barringtoncoffee.com or call 800-528-0998 for more information.', 'desc_3': 'A blend of washed and wet-hulled coffees that reads like a friendly Sumatra: sweetly wood-framed with notes of chocolate and baking spices.', 'roast': 'Medium-Light', 'rating': 92.0, 'loc_country': 'United States'}, {'name': 'Rhapsody of Dreams', 'origin_1': 'Kenya', 'origin_2': 'Colombia', 'desc_1': 'Chocolaty and floral-toned. Dark chocolate, freesia-like flowers, pluot, pink peppercorn, oak in aroma and cup. Sweet-tart structure with bright, sparkling acidity; very full, syrupy-smooth mouthfeel. Spice-toned, floral finish.', 'desc_2': 'A blend of coffees from Kenya and Colombia, both washed-process, designed for pour-over brewing. Evie’s Café, based in Chia-Yi Taiwan, specializes in fine roasted coffees as well as pour-overs and cold-brews. Visit https://m.facebook.com/eviescafe88/ for more information.', 'desc_3': 'A creative blend of two exceptional green coffees that nets a multi-layered and engaging cup: spice-toned, deeply chocolaty, richly floral.', 'roast': 'Medium-Light', 'rating': 94.0, 'loc_country': 'Taiwan'}, {'name': 'Costa Rica La Rejolla Washed Geisha', 'origin_1': 'Lourdes De Naranjo', 'origin_2': 'West Valley', 'desc_1': 'Richly aromatic, floral-toned. Orange blossom, baking chocolate, vanilla bean, apricot, the scent of oak forest in aroma and cup. Crisply sweet structure with floral acidity; very smooth, full mouthfeel. The chocolaty finish is supported by notes of orange blossom and vanilla bean.', 'desc_2': 'Produced by Francisco A. Mena at Sumava de Lourdes Farm entirely of the Geisha (also spelled Gesha) variety of Arabica, and processed by the washed method (fruit skin and flesh are removed from the beans before they are dried). Willoughby’s Coffee & Tea is a pioneer specialty coffee roaster established in the early 1980s that has gracefully and successfully moved with the\xa0 times and now offers a menu of extremely refined small-lot, single-origin coffees. Visit www.willoughbyscoffee.com or call 800-388-8400 for more information.', 'desc_3': 'A deeply aromatic washed Costa Rica Geisha with the lavish florals this variety is known for, supported by bright fruit and sweet chocolate.', 'roast': 'Medium-Light', 'rating': 94.0, 'loc_country': 'United States'}, {'name': 'Floral Samurai', 'origin_1': 'Colombia', 'origin_2': 'Guatemala', 'desc_1': 'Evaluated as espresso. Richly chocolaty, sweetly nut-toned. Dark chocolate, almond butter, narcissus, gently scorched cedar, date in aroma and small cup. Full, syrupy-smooth mouthfeel; crisply sweet, chocolate- and nut-toned finish. In three parts milk, chocolate notes predominate, with undertones of gently scorched cedar and narcissus.', 'desc_2': 'A blend of coffees from Colombia, Guatemala, Brazil and Ethiopia roasted for espresso. Flower Coffee Workshop is a nano-roastery and coffee shop in Taichung, Taiwan. Visit https://www.facebook.com/flowercoffee20180526/ for more information.', 'desc_3': 'An espresso blend particularly appealing in three parts milk, with sweet floral, rich chocolate, and deep nut tones. ', 'roast': 'Medium', 'rating': 93.0, 'loc_country': 'Taiwan'}, {'name': 'Miami Winter', 'origin_1': 'Kenya', 'origin_2': 'Ethiopia', 'desc_1': 'Lush, deeply and richly sweet. Ginger blossom, pineapple, myrrh, maple syrup, orange marmalade in aroma and cup. Richly sweet-tart in structure with vibrant acidity; satiny mouthfeel. The long finish morphs from notes of tropical flowers in the long to tropical fruits nuanced by resonant aromatic wood in the long.', 'desc_2': 'A blend of coffees from Kenya and Ethiopia. This coffee tied for the second-highest rating in a cupping of blends for\xa0Coffee Review‘s February 2018 tasting report.\xa0Founded by Paul Massard and Chris Nolte, Per’la focuses on meticulous sourcing and roasting fine coffees in small batches. Visit www.drinkperla.com for more information.', 'desc_3': 'A deeply attractive blend that evokes the tropics, with notes of ginger blossom and pineapple leading the aromatic charge.', 'roast': 'Medium-Light', 'rating': 93.0, 'loc_country': 'United States'}]","**Best match: Document 3 — Costa Rica La Rejolla Washed Geisha**

Why it fits:
- **Washed process**: explicitly listed
- **Sweet spice notes**: baking chocolate, vanilla bean, oak forest
- **Flower-like aroma**: orange blossom, floral-toned aroma
- **Lively acidity**: described as **floral acidity** and crisp sweetness
- **Clean, satiny finish**: very smooth mouthfeel with a refined chocolaty finish

If you want, I can also rank the **top 2–3 closest matches** and explain why each one compares."
4. High-scoring organic African coffee with delicate floral complexity and bright acidity from a small-batch roaster,"[{'name': 'Ardent Ethiopia Natural', 'origin_1': 'Sidamo (Also Sidama) Growing Region', 'origin_2': 'South-Central Ethiopia', 'desc_1': 'Delicately sweet-tart, richly and intricately aromatic, deep-toned. Dried hibiscus flowers, bergamot, frankincense, lychee, boysenberry in aroma and cup. Confidently sweet-tart structure with sparkling acidity; silky, buoyant mouthfeel. The long, lingering flavor-saturated finish intoxicatingly blurs fruit and floral notes.', 'desc_2': 'This exceptional coffee was selected as the No. 5 coffee on Coffee Review’s list of the Top 30 Coffees of 2020.\xa0 A green coffee from Ardent Coffees, a newer specialized exporter of Ethiopia coffees. Southern Ethiopia coffees like this one are largely produced from distinctive indigenous Ethiopian landrace varieties of Arabica long grown in their respective regions. This is a dry-processed or “natural” version (coffee is dried inside the entire fruit). JBC Coffee Roasters’ vision is simple: “let the coffee lead the way” through sourcing and roasting the best and most unique coffees available and rewarding the farmers who grow those coffees with substantial premiums. Visit www.jbccoffeeroasters.com or call 608-256-5282 for more information.', 'desc_3': 'A natural-processed Ethiopia cup unique and thrilling in its dried fruit and floral aromatics carried by a flawless structure: high-toned, elegant, complex, complete.', 'roast': 'Medium-Light', 'rating': 97.0, 'loc_country': 'United States'}, {'name': 'Ka’u Champagne Natural', 'origin_1': ""Ka'U Growing Region"", 'origin_2': ""Big Island Of Hawai'I"", 'desc_1': 'Vibrant, juicy, brightly fruit-toned and spicily floral. Wild strawberry, honey, dried gardenia, pistachio butter, pink peppercorn in aroma and cup. Sweet-tart structure with crisp, fresh acidity; viscous, lively mouthfeel. The finish amplifies rich floral and fruit with support from deep spice and earthy honey suggestions.', 'desc_2': 'This coffee tied for the highest rating in a cupping of Hawai’i-grown coffees for Coffee Review’s May 2019 tasting report. This Ka’u coffee, comprised mostly of the Typica and Caturra varieties of Arabica, was processed using an unusual sequence of procedures. It was first fermented in the whole fruit with wine yeasts added to the tank, then dried in the whole fruit, making it, in effect, a fermented natural. Paradise Roasters specializes in micro-lot Arabica and Robusta coffees from Asia and other emerging origins. The company prides itself on quality and freshness, craft-roasting coffees in small batches only after orders are placed. Visit www.paradiseroasters.com or call 763-433-0626 for more information. ', 'desc_3': 'Adventures in wine yeast: Two of Hawai’i’s (and the world’s) most common coffee varieties are elevated by an experimental fermentation method that results in a beverage that evokes Champagne — fruity but dry, not effervescent, but exceptionally vibrant.', 'roast': 'Light', 'rating': 94.0, 'loc_country': 'United States'}, {'name': 'Ethiopia Suke Quto', 'origin_1': 'Guji Zone', 'origin_2': 'Oromia Region', 'desc_1': 'Delicate, sweetly spice-toned. Pink peppercorn, date, myrrh, lavender, roasted cacao nib in aroma and cup. Crisp, spice-toned structure with citrus-like acidity; satiny, very smooth mouthfeel. The crisply sweet finish centers around spice and pungent floral notes.', 'desc_2': 'This coffee tied for the third-highest rating in a tasting of 71 organic-certified coffees from Africa for Coffee Review’s November 2017 tasting report. Southern Ethiopia coffees like this one are produced from traditional Ethiopian varieties of Arabica long grown in the region. When processed by the wet or washed method (fruit skin and pulp are removed before drying) they typically express great aromatic complexity and intensity with a particular emphasis on floral notes. Like virtually all southern Ethiopia coffees, this one is produced by villagers on small, garden plots interplanted with food and other subsistence crops. Roast House is a small-batch, quality-focused roaster specializing in farm-direct organic-certified and Fair Trade Certified coffees. Visit roasthousecoffee.com or call 509-995-6500 for more information.', 'desc_3': 'Lavender-like flowers and hints of zesty pink peppercorn animate this crisply sweet wet-processed Ethiopia cup.', 'roast': 'Medium-Light', 'rating': 92.0, 'loc_country': 'United States'}, {'name': 'Ethiopia Shakiso Mormora', 'origin_1': 'Guji Zone', 'origin_2': 'Southern Ethiopia', 'desc_1': 'Crisply sweet, cocoa-toned. Lemon blossom, roasted cacao nib, date, rice candy, white peppercorn in aroma and cup. Savory-tart structure; delicate, silky mouthfeel. The richly drying finish leads with cocoa-toned, crisply sweet floral notes in the short and a hint of spice (white peppercorn) in the long.', 'desc_2': 'This coffee tied for the third-highest rating in a tasting of 71 organic-certified coffees from Africa for Coffee Review’s November 2017 tasting report. Southern Ethiopia coffees like this one are produced from traditional Ethiopian varieties of Arabica long grown in the region. When processed by the wet or washed method (fruit skin and pulp are removed before drying) they typically express great aromatic complexity and intensity with a particular emphasis on floral notes. Like virtually all southern Ethiopia coffees, this coffee is produced by villagers on small, garden plots interplanted with food and other subsistence crops. Revel Coffee is a micro-roaster located in Billings, Montana. Its motto: “Quality is paramount — a difference you can revel in.” Visit www.revelcoffee.com or call 406-534-9621 for more information.', 'desc_3': 'A gently spice-toned, floral- driven wet-processed Ethiopia cup with pleasing notes of cocoa throughout.', 'roast': 'Medium-Light', 'rating': 92.0, 'loc_country': 'United States'}, {'name': 'The Natural', 'origin_1': 'Africa', 'origin_2': 'Asia', 'desc_1': 'Very sweet, chocolaty and spicy. Ripe banana, moist pipe tobacco, tangerine zest, lilac, bakers chocolate in aroma and small cup. Light, silky mouthfeel. Tightens and turns rather dry in the finish, especially in the long. The coffee’s complex aromatics and deep sweetness carry seductively into three parts milk.', 'desc_2': 'A blend of dried-in-the-fruit, natural-processed coffees from Africa and Asia. Barrington Coffee is an artisan roaster dedicated to elite coffees, fresh delivery and roasting that foregrounds the coffee and not the roast. Visit www.barringtoncoffee.com or call 800-528-0998 for more information.', 'desc_3': 'A compelling natural espresso — fully loaded with chocolaty, fruit-forward adventure.', 'roast': 'Medium-Light', 'rating': 92.0, 'loc_country': 'United States'}]","**Best match: Ethiopia Suke Quto**

Why it fits:
- **High-scoring:** **92.0**
- **Organic-certified African coffee**
- **Delicate floral complexity:** notes of **lavender** and **pungent floral** character
- **Bright acidity:** **citrus-like acidity**
- **Small-batch roaster:** **Roast House** is described as a **small-batch, quality-focused roaster**

Quick note:
- If you want something even more **floral and sparkling**, **Ardent Ethiopia Natural** is the most intense floral/bright option here, but it’s **not identified as organic** in the context.
- If you want a more **cocoa-toned floral organic** option, **Ethiopia Shakiso Mormora** is also a strong fit.

If you'd like, I can rank **all 5 coffees** from best to least fitting for this description."
"5. Smooth, aromatic Ethiopian coffee with sweet spice, citrus lift, and a refined finish","[{'name': 'Ethiospro Blend', 'origin_1': 'Ethiopia', 'origin_2': 'Sabanilla De Alajuela Growing Region', 'desc_1': 'Evaluated as espresso. Bright, floral, spice-toned. Spearmint, black cherry, cedar, tangerine zest, plumeria-like flowers in aroma and small cup. Plush and buttery in mouthfeel. Flavor consolidates to cocoa-toned citrus in a resonant finish. In three parts milk, an elegant cocoa surfaces, with supporting notes of sweet flowers and a hint of pungent cedar.', 'desc_2': 'This coffee tied for the second-highest rating in a tasting of natural-processed single-origin espressos for Coffee Review’s August 2018 tasting report. A blend of natural-processed coffees from the Shakiso, Guji, Oromia and Sidamo growing regions of Ethiopia. Southern Ethiopia coffees like these are largely produced from distinctive traditional Ethiopian varieties of Arabica long grown in the region. The components of this blend are dry-processed or “natural” coffees, meaning the beans were dried inside the fruit rather than after the fruit has been removed, as is the case with wet-processed or “washed” coffees. Revel Coffee is a micro-roaster located in Billings, Montana. Its motto: “Quality is paramount—a difference you can revel in.” Visit www.revelcoffee.com or call 406-534-9621 for more information.', 'desc_3': 'An espresso blend trifecta that leads in equal parts with fruit, flowers and herbs (think black cherry, plumeria and spearmint, respectively).', 'roast': 'Medium-Light', 'rating': 94.0, 'loc_country': 'United States'}, {'name': 'Ardent Ethiopia Natural', 'origin_1': 'Sidamo (Also Sidama) Growing Region', 'origin_2': 'South-Central Ethiopia', 'desc_1': 'Delicately sweet-tart, richly and intricately aromatic, deep-toned. Dried hibiscus flowers, bergamot, frankincense, lychee, boysenberry in aroma and cup. Confidently sweet-tart structure with sparkling acidity; silky, buoyant mouthfeel. The long, lingering flavor-saturated finish intoxicatingly blurs fruit and floral notes.', 'desc_2': 'This exceptional coffee was selected as the No. 5 coffee on Coffee Review’s list of the Top 30 Coffees of 2020.\xa0 A green coffee from Ardent Coffees, a newer specialized exporter of Ethiopia coffees. Southern Ethiopia coffees like this one are largely produced from distinctive indigenous Ethiopian landrace varieties of Arabica long grown in their respective regions. This is a dry-processed or “natural” version (coffee is dried inside the entire fruit). JBC Coffee Roasters’ vision is simple: “let the coffee lead the way” through sourcing and roasting the best and most unique coffees available and rewarding the farmers who grow those coffees with substantial premiums. Visit www.jbccoffeeroasters.com or call 608-256-5282 for more information.', 'desc_3': 'A natural-processed Ethiopia cup unique and thrilling in its dried fruit and floral aromatics carried by a flawless structure: high-toned, elegant, complex, complete.', 'roast': 'Medium-Light', 'rating': 97.0, 'loc_country': 'United States'}, {'name': 'Ethiopia Yirgacheffe Botabaa G1', 'origin_1': 'Yirgacheffe Growing Region', 'origin_2': 'Southern Ethiopia', 'desc_1': 'Citrusy and spice-toned. Lemon verbena, gardenia-like flowers, sandalwood, caramel, pink peppercorn in aroma and cup. Richly sweet-tart in structure with vibrant acidity; full, satiny mouthfeel. The finish consolidates to lemon verbena and sandalwood in the short, with caramel resurfacing in the long.', 'desc_2': 'Southern Ethiopia coffees like this one are produced from traditional, largely indigenous varieties of Arabica long grown in the region. This lot was processed by the wet or washed method (fruit skin and pulp are removed before drying). Southern Ethiopia coffees processed with this method typically express great aromatic complexity and intensity, with a particular emphasis on floral notes. De Clieu Coffee is a Taiwan-based roaster whose mission it is to explore extraordinary coffees. For more information, visit https://m.facebook.com/declieucoffeetaipei.', 'desc_3': 'A citrus-driven wet-processed Ethiopia cup with fragrant aromatic wood notes throughout.', 'roast': 'Medium-Light', 'rating': 92.0, 'loc_country': 'Taiwan'}, {'name': 'Ethiopia Yirgacheffe Botabaa Washed G1 21/01', 'origin_1': 'Ochere Woreda', 'origin_2': 'Gedeo Zone', 'desc_1': 'Sweetly tart, decidedly tropical. Ginger blossom, passionfruit, kukui nut, lemon verbena, sugarcane in aroma and cup. Sweet-tart structure with juicy, high-toned acidity; plush, syrupy mouthfeel. The finish is resonant, long, and flavor-saturated.', 'desc_2': 'Southern Ethiopia produces distinctive coffees from largely indigenous, traditional varieties of Arabica long grown in the region. Coffees like this one processed by the wet or washed method (fruit skin and pulp is removed before drying) typically express great aromatic complexity and intensity with a particular emphasis on citrus and floral notes. Kakalove Café is a nano-roaster located in the small city of Chia-Yi in Taiwan that strives to procure and roast the finest quality coffee. Visit www.kakalovecafe.com.tw or email [email\xa0protected] for more information.', 'desc_3': 'A high-toned, juicy-tart, downright heady washed Ethiopia cup with distinct tropical leanings.', 'roast': 'Medium-Light', 'rating': 94.0, 'loc_country': 'Taiwan'}, {'name': 'Ethiopia Suke Quto', 'origin_1': 'Guji Zone', 'origin_2': 'Oromia Region', 'desc_1': 'Delicate, sweetly spice-toned. Pink peppercorn, date, myrrh, lavender, roasted cacao nib in aroma and cup. Crisp, spice-toned structure with citrus-like acidity; satiny, very smooth mouthfeel. The crisply sweet finish centers around spice and pungent floral notes.', 'desc_2': 'This coffee tied for the third-highest rating in a tasting of 71 organic-certified coffees from Africa for Coffee Review’s November 2017 tasting report. Southern Ethiopia coffees like this one are produced from traditional Ethiopian varieties of Arabica long grown in the region. When processed by the wet or washed method (fruit skin and pulp are removed before drying) they typically express great aromatic complexity and intensity with a particular emphasis on floral notes. Like virtually all southern Ethiopia coffees, this one is produced by villagers on small, garden plots interplanted with food and other subsistence crops. Roast House is a small-batch, quality-focused roaster specializing in farm-direct organic-certified and Fair Trade Certified coffees. Visit roasthousecoffee.com or call 509-995-6500 for more information.', 'desc_3': 'Lavender-like flowers and hints of zesty pink peppercorn animate this crisply sweet wet-processed Ethiopia cup.', 'roast': 'Medium-Light', 'rating': 92.0, 'loc_country': 'United States'}]","The best match is **Document 5: Ethiopia Suke Quto**.

**Why it fits:**
- **Smooth:** “satiny, very smooth mouthfeel”
- **Aromatic:** “delicate, sweetly spice-toned” with **lavender** and floral notes
- **Sweet spice:** **pink peppercorn**, myrrh
- **Citrus lift:** “citrus-like acidity”
- **Refined finish:** “crisply sweet finish” with spice and pungent floral notes

If you want, I can also rank the other 4 options by how closely they fit that description."
Big Creek Coffee Roasters Ethiopia Gedeb Halo Beriti medium roast United States 94 rating Gedeb District Gedeo Zone,"[{'name': 'Ethiopia Gedeb Halo Beriti', 'origin_1': 'Gedeb District', 'origin_2': 'Gedeo Zone', 'desc_1': 'Deeply sweet, subtly pungent. Honey, pear, tangerine zest, dark chocolate, pistachio in aroma and cup. Sweet and juicy yet crisp in structure (think ripe pear); plush and buoyant in mouthfeel. Resonant and flavor saturated in the short finish; simplifies around hints of tangerine and pistachio in the long.', 'desc_2': 'Southern Ethiopia coffees like this one are produced from distinctive traditional Ethiopian varieties of Arabica long grown in the region. Like virtually all southern Ethiopia coffees, this coffee is produced by villagers on small garden plots interplanted with food and other subsistence crops. Processed by the wet or washed method (fruit skin and pulp are removed before drying). This coffee tied for the highest rating in a tasting of 71 organic-certified coffees from Africa for Coffee Review’s November 2017 tasting report. Big Creek Coffee Roasters is a small, quality-oriented batch roaster located in Montana’s Bitterroot Valley. Visit www.bigcreekcoffeeroasters.com or call 406-375-7508 for more information.', 'desc_3': 'A deeply and generously lush cup saved from sentimentality by a crisp, incense-like, slightly savory edge. Very wide range of aromatics.', 'roast': 'Medium', 'rating': 94.0, 'loc_country': 'United States'}, {'name': 'Ethiopia Gedeb Worka Wuri', 'origin_1': 'Gedeb District', 'origin_2': 'Gedeo Zone', 'desc_1': 'Richly aromatic, deeply and sweetly herb-toned. Cocoa nib, bergamot, lilac, maple syrup, myrrh in aroma and cup. Deeply sweet-toned in structure with vibrant, juicy acidity; syrupy-smooth mouthfeel. The long, resonant finish is flavor-saturated, floral- and fruit-toned.', 'desc_2': 'Southern Ethiopia coffees like this one are produced from traditional Ethiopian landrace varieties of Arabica long grown in the region. This is a wet-processed or “washed” coffee, meaning the fruit skin and pulp were removed from the beans immediately after harvesting and before drying. Jaunt Coffee Roasters is a San Diego-based roaster and café with an extensive coffee and food menu. Visit www.jauntcoffee.com for more information.', 'desc_3': 'A high-toned, vibrant washed-process Ethiopia cup animated by rich flowers and bittersweet citrus supported by complex herb notes.', 'roast': 'Light', 'rating': 95.0, 'loc_country': 'United States'}, {'name': 'Gedeb Ethiopia', 'origin_1': 'Gedeb District', 'origin_2': 'Gedeo Zone', 'desc_1': 'Deeply sweet, intensely pungent. Dark chocolate, tangerine zest, star jasmine, maple syrup, frankincense in aroma and cup. Deeply sweet-toned in structure with lively, bright acidity; satiny mouthfeel. The finish is as elegant as the cup implies: flavor-saturated, floral-, chocolate- and fruit-toned in both short and long.', 'desc_2': 'Southern Ethiopia coffees like this one are produced from traditional Ethiopian varieties of Arabica long grown in the region. This is a wet-processed or “washed” coffee, meaning the fruit skin and pulp were removed from the beans immediately after harvesting and before drying. Like virtually all southern Ethiopia coffees, this coffee is produced by villagers on small, garden plots interplanted with food and other subsistence crops. JBC Coffee Roasters’ vision is simple: “let the coffee lead the way” through sourcing and roasting the best and most unique coffees available and rewarding the farmers who grow those coffees with substantial premiums. Visit www.jbccoffeeroasters.com or call 608-256-5282 for more information.', 'desc_3': 'A big, juicy wet-processed Ethiopia cup laden with rich floral and fruit tones throughout, all enveloped in dark chocolate.', 'roast': 'Medium-Light', 'rating': 95.0, 'loc_country': 'United States'}, {'name': 'Ethiopia Yirgacheffe Worka Sakaro', 'origin_1': 'Gedeb District', 'origin_2': 'Gedeo Zone', 'desc_1': 'Bright, juicy, citrusy. Star Jasmine, tangerine zest, cocoa nib, almond, hint of spearmint in aroma and cup. Sweet-tart structure with nimble acidity; very smooth, satiny mouthfeel. Floral-toned finish supported by notes of tangerine zest and almond.', 'desc_2': 'Southern Ethiopia coffees like this one are largely produced from traditional Ethiopian landrace varieties of Arabica long grown in the region. Processed by the washed method. Paradise Roasters specializes in micro-lot Arabica and Robusta coffees from Asia and other emerging origins. Paradise prides itself on quality and freshness, craft-roasting coffees in small batches only after orders are placed. Visit www.paradiseroasters.com or call 763-433-0626 for more information.', 'desc_3': 'A bright, citrus-driven cup with ballast from notes of cocoa nib and sweet mint and nut impulses.', 'roast': 'Medium-Light', 'rating': 95.0, 'loc_country': 'United States'}, {'name': 'Gedeb Yirgacheffe Ethiopia', 'origin_1': 'Gedeb District', 'origin_2': 'Gedeo Zone', 'desc_1': 'Crisp, balanced, richly sweet. Maple syrup, apricot, hop flowers, nougat, roasted cacao nib in aroma and cup. Sweet-savory structure with lively acidity; full, satiny mouthfeel. Notes of maple syrup and apricot pleasantly dominate the finish, with enticing hints of bittersweet, hop-like florals.', 'desc_2': 'This coffee tied for the third-highest rating in a cupping of coffees roasted by women for Coffee Review‘s April 2018 tasting report. Southern Ethiopia coffees like this one are produced from traditional Ethiopian varieties of Arabica long grown in the region. This is a wet-processed or “washed” coffee, meaning the fruit skin and pulp were removed from the beans immediately after harvesting and before drying. Bluebeard Coffee Roasters’ motto is “The Perfect Medium.” The Tacoma, Washington-based company aims at roasting deep enough to develop sweetness and depth, light enough to leave each coffees’ subtleties intact. Visit www.bluebeardcoffee.com for more information.', 'desc_3': 'A dynamic Ethiopia cup with high-toned fruit notes and bittersweet florals, all enveloped in crisp cocoa.', 'roast': 'Medium-Light', 'rating': 93.0, 'loc_country': 'United States'}]","**Big Creek Coffee Roasters Ethiopia Gedeb Halo Beriti** is a **medium roast** coffee from the **Gedeb District, Gedeo Zone, southern Ethiopia**, and it earned a **94.0 quality rating** in the U.S.

**What it tastes like:**
- **Aromas/flavors:** honey, pear, tangerine zest, dark chocolate, pistachio
- **Cup character:** deeply sweet, juicy, crisp, and plush
- **Finish:** resonant and flavor-saturated, with lingering tangerine and pistachio notes
- **Extra nuance:** a slightly savory, incense-like edge keeps it from tasting too soft or sentimental

**Processing:**
- **Washed / wet-processed**
- The fruit skin and pulp are removed before drying, which often gives Ethiopian coffees a cleaner, brighter structure

**Origin context:**
- Grown by **smallholder villagers** on garden plots in southern Ethiopia
- Uses **traditional Ethiopian Arabica varieties** long grown in the region

If you want, I can also turn this into:
- a **brew recommendation**
- a **flavor comparison** against other Gedeb coffees
- or a **one-line tasting note for a menu or product page**"
"Looking for a coffee with sweet pear and citrus zest notes, rich chocolate and nutty aromatics, plus a crisp juicy structure","[{'name': 'Bright Minds', 'origin_1': 'San José', 'origin_2': 'Caldas', 'desc_1': 'Richly spice-toned, gently floral. Star anise, baking chocolate, lavender, vanilla, cedar in aroma and cup. Sweetly tart with pert acidity; very smooth, silky mouthfeel. The quietly flavor-laden finish centers around chocolate, lavender and star anise.', 'desc_2': 'Produced at Café Granja La Esperanza from trees of the Colombia and Castillo varieties of Arabica and processed by the washed method (fruit skin and flesh are removed before drying). Founded in 2015, the Greater Goods mission is to enrich the lives of coffee-drinkers through passion, creativity, innovation and commitment to the consistency of the specialty coffee the company roasts, and through the local causes supported with its proceeds. Visit greatergoodsroasting.com or call 512-858-2680 for more information.', 'desc_3': 'A vibrantly spice-driven cup with a throughline of bright floral and deep chocolate suggestions.', 'roast': 'Medium-Light', 'rating': 93.0, 'loc_country': 'United States'}, {'name': 'Wilderness Blend', 'origin_1': 'Ethiopia', 'origin_2': 'Kenya', 'desc_1': 'High-toned, richly sweet. Nectarine, apple blossom, redwood, dark chocolate, grapefruit zest in aroma and cup. Sweetly tart structure with bright, lively acidity; crisp, velvety-smooth mouthfeel. The finish is saturated with notes of stone fruit and apple blossom in the short, with dark chocolate and a hint of grapefruit zest resurfacing in the long.', 'desc_2': 'A blend comprised of\xa0four coffees: two Ethiopias, one washed- and one natural-processed; a Kenya; and a honey-processed El Salvador. This coffee tied for the second-highest rating in a cupping of blends for\xa0Coffee Review‘s February 2018 tasting report.\xa0Kakalove Café is a nano-roaster located in the small city of Chia-Yi in Taiwan that strives to procure and roast the finest quality coffee. Visit www.kakalovecafe.com.tw\xa0or email\xa0[email\xa0protected]\xa0for more information.', 'desc_3': 'An elegant citrusy and chocolate-toned cup, pleasingly complicated by notes of stone fruit and rich aromatic wood.', 'roast': 'Light', 'rating': 93.0, 'loc_country': 'Taiwan'}, {'name': 'Poseidon Blend Espresso', 'origin_1': 'Yirgacheffe', 'origin_2': 'Sidamo', 'desc_1': 'Evaluated as espresso. Richly floral-toned, elegant, balanced. Watermelon, pink grapefruit zest, Nutella, sandalwood, tiger lily in aroma and small cup. Syrupy-smooth mouthfeel; long, flavor-saturated finish. Sweet cocoa and hazelnut tones are elevated in three parts milk, with continuing floral resonance.', 'desc_2': 'A blend of three coffees: two Ethiopias, one from the Yirgacheffe growing region and one from the Sidamo, and a Guatemala from the Huehuetenango region. GK provides quality specialty coffee to consumers and retailers. For more information, email [email\xa0protected] or call +886-919-314-513.', 'desc_3': 'A deftly blended espresso as good as a straight shot as in milk: rich, high-toned, exuberant with fruit and flowers.', 'roast': 'Medium-Light', 'rating': 95.0, 'loc_country': 'Taiwan'}, {'name': 'Floral Samurai', 'origin_1': 'Colombia', 'origin_2': 'Guatemala', 'desc_1': 'Evaluated as espresso. Richly chocolaty, sweetly nut-toned. Dark chocolate, almond butter, narcissus, gently scorched cedar, date in aroma and small cup. Full, syrupy-smooth mouthfeel; crisply sweet, chocolate- and nut-toned finish. In three parts milk, chocolate notes predominate, with undertones of gently scorched cedar and narcissus.', 'desc_2': 'A blend of coffees from Colombia, Guatemala, Brazil and Ethiopia roasted for espresso. Flower Coffee Workshop is a nano-roastery and coffee shop in Taichung, Taiwan. Visit https://www.facebook.com/flowercoffee20180526/ for more information.', 'desc_3': 'An espresso blend particularly appealing in three parts milk, with sweet floral, rich chocolate, and deep nut tones. ', 'roast': 'Medium', 'rating': 93.0, 'loc_country': 'Taiwan'}, {'name': 'Colombia Granja La Esperanza Tres Dragones', 'origin_1': 'Valle Del Cauca Growing Region', 'origin_2': 'Colombia', 'desc_1': 'Deeply fruity, sweetly fermenty, headily floral. Strawberry coulis, brandy, almond butter, toffee, honeysuckle in aroma and cup. Richly sweet-tart structure with juicy, bright acidity; viscous, syrupy mouthfeel. Sustained flavor-saturated finish.', 'desc_2': 'Produced by Rigoberto Herrera at Granja La Esperanza in Colombia, a producer that specializes in innovation, in this case applying a complex version of the natural process to successfully intensify sweetness and fruit to coffee from trees of the normally rather plain-tasting Colombia variety. Roasted at PT’s Coffee, where the motto is “without the love, it’s just coffee.” Visit www.ptscoffee.com or call 888-678-JAVA for more information.', 'desc_3': 'A bombshell of a coffee with enough personality to stand up to a lemon tart — for breakfast, of course.', 'roast': 'Medium-Light', 'rating': 94.0, 'loc_country': 'United States'}]","Based on your note profile, the **closest match is _Wilderness Blend_**.

**Why it fits best:**
- **Sweet pear / juicy fruit character:** It leans into **nectarine, apple blossom, and grapefruit zest**, which gives that crisp, juicy, bright-fruit impression you’re after.
- **Citrus zest:** Explicit **grapefruit zest** is right there.
- **Chocolate + nutty aromatics:** It has **dark chocolate** and a rich aromatic structure, though it’s a little less nutty than some others.
- **Crisp juicy structure:** Described as **sweetly tart** with **bright, lively acidity** and a **crisp, velvety-smooth mouthfeel**.

**Runner-up:** **Poseidon Blend Espresso**
- Better if you want more **Nutella / hazelnut** and chocolate,
- plus **pink grapefruit zest** and a juicy structure,
- but it’s more espresso-focused and floral than pear-like.

**If you want the most chocolate + nutty option:** **Floral Samurai**
- **Dark chocolate, almond butter, date**
- But it’s less citrusy and less juicy than Wilderness Blend.

**Best overall for your description:** **Wilderness Blend**  
**Best if you want chocolate/nut in espresso form:** **Poseidon Blend Espresso**

If you want, I can also rank all 5 from **closest to least close** for your flavor target."
"Medium-roast Ethiopian coffee with lush body, bright fruit sweetness, and a long flavor-saturated finish","[{'name': 'Ardent Ethiopia Natural', 'origin_1': 'Sidamo (Also Sidama) Growing Region', 'origin_2': 'South-Central Ethiopia', 'desc_1': 'Delicately sweet-tart, richly and intricately aromatic, deep-toned. Dried hibiscus flowers, bergamot, frankincense, lychee, boysenberry in aroma and cup. Confidently sweet-tart structure with sparkling acidity; silky, buoyant mouthfeel. The long, lingering flavor-saturated finish intoxicatingly blurs fruit and floral notes.', 'desc_2': 'This exceptional coffee was selected as the No. 5 coffee on Coffee Review’s list of the Top 30 Coffees of 2020.\xa0 A green coffee from Ardent Coffees, a newer specialized exporter of Ethiopia coffees. Southern Ethiopia coffees like this one are largely produced from distinctive indigenous Ethiopian landrace varieties of Arabica long grown in their respective regions. This is a dry-processed or “natural” version (coffee is dried inside the entire fruit). JBC Coffee Roasters’ vision is simple: “let the coffee lead the way” through sourcing and roasting the best and most unique coffees available and rewarding the farmers who grow those coffees with substantial premiums. Visit www.jbccoffeeroasters.com or call 608-256-5282 for more information.', 'desc_3': 'A natural-processed Ethiopia cup unique and thrilling in its dried fruit and floral aromatics carried by a flawless structure: high-toned, elegant, complex, complete.', 'roast': 'Medium-Light', 'rating': 97.0, 'loc_country': 'United States'}, {'name': 'Gedeb Yirgacheffe Ethiopia', 'origin_1': 'Gedeb District', 'origin_2': 'Gedeo Zone', 'desc_1': 'Crisp, balanced, richly sweet. Maple syrup, apricot, hop flowers, nougat, roasted cacao nib in aroma and cup. Sweet-savory structure with lively acidity; full, satiny mouthfeel. Notes of maple syrup and apricot pleasantly dominate the finish, with enticing hints of bittersweet, hop-like florals.', 'desc_2': 'This coffee tied for the third-highest rating in a cupping of coffees roasted by women for Coffee Review‘s April 2018 tasting report. Southern Ethiopia coffees like this one are produced from traditional Ethiopian varieties of Arabica long grown in the region. This is a wet-processed or “washed” coffee, meaning the fruit skin and pulp were removed from the beans immediately after harvesting and before drying. Bluebeard Coffee Roasters’ motto is “The Perfect Medium.” The Tacoma, Washington-based company aims at roasting deep enough to develop sweetness and depth, light enough to leave each coffees’ subtleties intact. Visit www.bluebeardcoffee.com for more information.', 'desc_3': 'A dynamic Ethiopia cup with high-toned fruit notes and bittersweet florals, all enveloped in crisp cocoa.', 'roast': 'Medium-Light', 'rating': 93.0, 'loc_country': 'United States'}, {'name': 'Ethiopia Suke Quto', 'origin_1': 'Guji Zone', 'origin_2': 'Oromia Region', 'desc_1': 'Delicate, sweetly spice-toned. Pink peppercorn, date, myrrh, lavender, roasted cacao nib in aroma and cup. Crisp, spice-toned structure with citrus-like acidity; satiny, very smooth mouthfeel. The crisply sweet finish centers around spice and pungent floral notes.', 'desc_2': 'This coffee tied for the third-highest rating in a tasting of 71 organic-certified coffees from Africa for Coffee Review’s November 2017 tasting report. Southern Ethiopia coffees like this one are produced from traditional Ethiopian varieties of Arabica long grown in the region. When processed by the wet or washed method (fruit skin and pulp are removed before drying) they typically express great aromatic complexity and intensity with a particular emphasis on floral notes. Like virtually all southern Ethiopia coffees, this one is produced by villagers on small, garden plots interplanted with food and other subsistence crops. Roast House is a small-batch, quality-focused roaster specializing in farm-direct organic-certified and Fair Trade Certified coffees. Visit roasthousecoffee.com or call 509-995-6500 for more information.', 'desc_3': 'Lavender-like flowers and hints of zesty pink peppercorn animate this crisply sweet wet-processed Ethiopia cup.', 'roast': 'Medium-Light', 'rating': 92.0, 'loc_country': 'United States'}, {'name': 'Banco Gotete Ethiopia', 'origin_1': 'Yirgacheffe Growing Region', 'origin_2': 'Southern Ethiopia', 'desc_1': 'Delicate, richly floral, sweetly spice-toned. Almond nougat, white peach, pink peppercorn, wisteria-like flowers, fragrant sandalwood in aroma and cup. Richly bittersweet structure with vibrant, juicy acidity; plush, syrupy mouthfeel. Resonant, flavor-saturated finish centers around peach, wisteria and sandalwood.', 'desc_2': 'Southern Ethiopia coffees like this one are produced largely from traditional indigenous Ethiopian varieties of Arabica long grown in the region. This lot was processed by the wet or washed method (fruit skin and pulp are removed before drying). Ethiopia coffees processed with this method typically express great aromatic complexity and intensity, with a particular emphasis on floral notes. JBC Coffee Roasters’ vision is simple: “let the coffee lead the way” through sourcing and roasting the best and most unique coffees available and rewarding the farmers who grow those coffees with substantial premiums. Visit www.jbccoffeeroasters.com or call 608-256-5282 for more information. ', 'desc_3': 'A nuanced, multi-layered washed Ethiopia cup with a deep floral profile and energetic lift from an elegant spice throughline.', 'roast': 'Medium-Light', 'rating': 94.0, 'loc_country': 'United States'}, {'name': 'Alaka Ethiopia', 'origin_1': 'Hambela Wamena', 'origin_2': 'Guji Zone', 'desc_1': 'Crisply sweet-tart, balanced. Pear, almond butter, magnolia, baking chocolate, molasses in aroma and cup. Brightly sweet-tart structure with lively acidity; crisp, satiny mouthfeel. Finish consolidates to notes of almond, pear and baking chocolate.', 'desc_2': 'Certified USDA organic. Produced at the Hambela Coffee Estate, owned and operated by METAD farm and mill. Southern Ethiopia produces distinctive coffees from traditional varieties of Arabica long grown in the region. JBC Coffee Roasters’ vision is simple: “let the coffee lead the way” through sourcing and roasting the best and most unique coffees available and rewarding the farmers who grow those coffees with substantial premiums. Visit www.jbccoffeeroasters.com or call 608-256-5282 for more information.', 'desc_3': 'A relaxing, laid-back Ethiopia cup with pretty almond and pear notes supported by crisp chocolate.', 'roast': 'Medium-Light', 'rating': 94.0, 'loc_country': 'United States'}]","The **best match** is **Document 1: Ardent Ethiopia Natural**.

Why it fits:
- **Medium-roast / medium-light**: yes
- **Lush body**: described as **“silky, buoyant mouthfeel”**
- **Bright fruit sweetness**: **lychee, boysenberry, sweet-tart structure**
- **Long flavor-saturated finish**: explicitly says **“long, lingering flavor-saturated finish”**

This one is also **natural-processed**, which often brings out the **deeper fruit sweetness** and more **intense aromatic complexity** you’re describing.

If you want, I can also give you:
- a **top 3 ranking** from the list,
- a **more floral option**,
- or a **more syrupy/full-bodied option**."
High-scoring washed African coffee with a heavy mouthfeel and a balance of fruity sweetness and dark chocolate,"[{'name': 'Ethiopia', 'origin_1': 'Bench-Maji Zone', 'origin_2': 'Southern Ethiopia', 'desc_1': 'Crisply sweet, fruit-toned. Raspberry, roasted cacao nib, honey, fresh-cut fir, freesia-like flowers in aroma and cup. Richly sweet-tart in structure with vibrant acidity; delicate, silky mouthfeel. The long, lasting finish centers around cocoa-toned honey and freesia.', 'desc_2': 'This coffee tied for the third-highest rating in a cupping of coffees from U.S. Mountain States roasters for Coffee Review’s October 2018 tasting report. Southern Ethiopia produces distinctive coffees from traditional, largely indigenous varieties of Arabica long grown in the region. This is a “natural” or dry-processed version, meaning the beans were dried inside the fruit rather than after the fruit has been removed, as is the case with wet-processed or “washed” coffees. Caffeic is a family-owned, Montana-based roaster with a focus on sourcing and sharing the highest-quality coffees available. Visit www.caffeic.coffee for more information.', 'desc_3': 'A sweetly fruit-forward natural-processed Ethiopia with spicy-floral intrigue.', 'roast': 'Medium-Light', 'rating': 93.0, 'loc_country': 'United States'}, {'name': 'Kenya AB', 'origin_1': 'South-Central Kenya', 'origin_2': 'Santa Maria', 'desc_1': 'Roast-touched, floral-toned, richly chocolaty. Narcissus, chocolate fudge, black cherry, almond, lightly scorched mesquite in aroma and cup. Sweet-toned structure with crisp, malic acidity, suggesting green apple; full, creamy mouthfeel. The finish consolidates to chocolate fudge and black cherry with undertones of smoky mesquite.', 'desc_2': 'This coffee earned the second-highest rating in a cupping of coffees from New England roasters for Coffee Review’s February 2019 tasting report. Despite challenges ranging from contested government coffee policy and urban encroachment on prime coffee lands to chronically unstable weather, Kenya continues to produce some of the world’s most elegant and distinctive coffees. Vermont Artisan Coffee & Tea provides craft-roasted coffees and quality teas to retail establishments, food service markets, and retail customers throughout New England, and beyond. For more information, visit \xa0www.vtartisan.com.', 'desc_3': 'A deeply sweet Kenya cup with a developed roast profile that equally prioritizes flowers and chocolate.', 'roast': 'Medium', 'rating': 94.0, 'loc_country': 'United States'}, {'name': 'Mini-Me Washed Kaffa Forest', 'origin_1': 'Yirgacheffe Growing Region', 'origin_2': 'Southern Ethiopia', 'desc_1': 'Evaluated as espresso. Intensely chocolaty, vivaciously fruit-toned. Dark chocolate, narcissus, pie cherry, molasses, sandalwood in aroma and small cup. Rich, syrupy mouthfeel. A resonant finish leads with cherry and narcissus notes in the short and sandalwood-toned chocolate in the long. In three parts milk, dark chocolate envelopes deeply stated fruit and floral notes. ', 'desc_2': 'This exceptional coffee was selected as the No. 18 coffee on\xa0Coffee Review’s\xa0list of the Top 30 Coffees of 2018. Southern Ethiopia coffees like this one are produced from traditional Ethiopian varieties of Arabica long grown in the region. It was processed by the wet or washed method (fruit skin and pulp are removed before drying). Southern Ethiopia coffees processed by this method typically express great aromatic complexity and intensity, with a particular emphasis on floral notes. In addition to his retail roasting operation, Aroma Roast Coffees, Simon Hsieh also operates Soaring Phoenix Trading, a business focused on purpose-built commercial espresso blends and high quality single-origin coffees. Visit www.facebook.com/4ArtsZeroDefectCoffees or call 886-0983-749876 for more information.', 'desc_3': 'A dynamic trifecta of flowers, fruit and chocolate in both the shot and in cappuccino-scaled milk.', 'roast': 'Medium-Dark', 'rating': 95.0, 'loc_country': 'Taiwan'}, {'name': 'Ethiopia Tadese Yonka', 'origin_1': 'Sidamo (Also Sidama) Growing Region', 'origin_2': 'South-Central Ethiopia', 'desc_1': 'Fruit-centered, crisply sweet. Bing cherry, magnolia, oak, agave syrup, baker’s chocolate in aroma and cup. Sweet-toned structure with gentle acidity; satiny, full mouthfeel. The short finish leads with notes of cherry and baker’s chocolate, rounding to deep, low-toned flowers in the long.', 'desc_2': 'This coffee tied for third-highest rating in a cupping of coffees from New England roasters for Coffee Review’s February 2019 tasting report. Southern Ethiopia coffees like this one are largely produced from distinctive indigenous Ethiopian varieties of Arabica long grown in the region. Like most southern Ethiopia coffees, this coffee was produced by villagers on small garden plots interplanted with food and other subsistence crops. This is a wet-processed or “washed” coffee, meaning the fruit skin and pulp were removed from the beans immediately after harvesting and before drying. Gracenote Coffee is an espresso bar and roastery in Boston, Massachusetts. For more information, visit www.gracenotecoffee.com.', 'desc_3': 'A distinctive wet-processed Ethiopia cup with resonant stone fruit and crisp chocolate notes throughout.', 'roast': 'Medium-Light', 'rating': 93.0, 'loc_country': 'United States'}, {'name': 'Kenya Zuri', 'origin_1': 'Kenya', 'origin_2': 'Colombia', 'desc_1': 'Deep, sweet, chocolaty. Chocolate fudge, black cherry, fresh-cut fir, hibiscus blossom, brown sugar in aroma and small cup. Sweet-tart structure with crisp, apple-like acidity; velvety-smooth mouthfeel. Gently drying finish with a chocolate throughline and fir undertones.', 'desc_2': 'This coffee tied for the fourth-highest rating in a cupping of single-origin coffees available in U.S. supermarkets for Coffee Review’s February 2020 report. Purchased at a Whole Foods Market in Berkeley, California. Processed by the washed method (fruit skin and pulp are removed before drying). Allegro Coffee, a subsidiary of Whole Foods Market, offers one of the country’s largest selections of single-origin coffees. Visit www.allegrocoffee.com or call 800-227-1107 for more information.', 'desc_3': 'A straightforward, accessible Kenya cup with big chocolate notes as a throughline.', 'roast': 'Medium', 'rating': 90.0, 'loc_country': 'United States'}]","A strong match from the context is:

**Ethiopia Tadese Yonka**
- **Washed Ethiopia** from the **Sidamo/Sidama** region
- **Quality rating:** **93**
- **Flavor fit:** **Bing cherry, baker’s chocolate**
- **Mouthfeel:** **satiny, full**
- **Profile:** crisp fruit sweetness with chocolate depth

If you want **more heavy mouthfeel and darker chocolate**, an even closer match is:

**Kenya AB**
- **Quality rating:** **94**
- **Flavors:** **black cherry, chocolate fudge, almond**
- **Mouthfeel:** **full, creamy**
- **But:** it’s **Kenya**, not African washed Ethiopia

If you want, I can also narrow this down to the **single best washed African coffee** for:
- **espresso**
- **pour-over**
- **milk drinks**
- **highest chocolate intensity**"
"A vibrant, sweet coffee with floral aromatics, fruit brightness, and a plush texture from a small-batch US roaster","[{'name': 'Ka’u Pink Honey', 'origin_1': ""Ka'U District"", 'origin_2': 'Big Island Of Hawai’I', 'desc_1': 'Tropically sweet, floral-driven. Star jasmine, mango, date, macadamia nut, amber in aroma and cup. Sweet-tart structure with gently bright acidity; delicately confident acidity. Resonantly fruit- and floral-toned finish.', 'desc_2': 'Produced at Miranda Farms entirely of the Red Catuaí variety of Arabica and processed by the pink honey method, in which coffee is fermented in the whole fruit before skins are removed and the beans are dried with the pinkish-toned fruit flesh or mucilage still adhering to them. Paradise Roasters specializes in micro-lot Arabica and Robusta coffees from Asia and other emerging origins. The company prides itself on quality and freshness, craft-roasting coffees in small batches only after orders are placed. Visit www.paradiseroasters.com or call 763-433-0626 for more information.', 'desc_3': 'An exciting Ka’u cup that is equal parts lushly fruit-forward and elegantly floral.', 'roast': 'Light', 'rating': 94.0, 'loc_country': 'United States'}, {'name': 'Humanitarian Grounds', 'origin_1': 'Nicaragua', 'origin_2': 'Guatemala', 'desc_1': 'Sweetly savory, floral-toned. Lily, hazelnut, cocoa powder, black cherry, oak in aroma and cup. Sweet structure with pert acidity; full but lively mouthfeel. Floral tones fade in the finish, while cocoa powder and fresh-cut oak come forward. ', 'desc_2': 'This coffee tied for the third-highest rating in a cupping of “Cause Coffees” for Coffee Review’s March 2021 report. Roasters of these coffees contribute a portion of proceeds to non-profit organizations doing work to improve the lives of others, locally or globally. 20% of sales from this blend are donated to Direct Relief. This is a blend of washed and natural-processed coffees from Nicaragua, Guatemala and Ethiopia. One of the country’s pioneering socially and environmentally progressive roasters, Thanksgiving aimed to combine coffee quality with social and environmental responsibility many years before the latter preoccupations became fashionable. Visit www.thanksgivingcoffee.com or call 800-648-6491 for more information.', 'desc_3': 'Sweet floral suggestions complicate a base of richly aromatic cocoa and wood tones.', 'roast': 'Medium', 'rating': 92.0, 'loc_country': 'United States'}, {'name': 'Floral Samurai', 'origin_1': 'Colombia', 'origin_2': 'Guatemala', 'desc_1': 'Evaluated as espresso. Richly chocolaty, sweetly nut-toned. Dark chocolate, almond butter, narcissus, gently scorched cedar, date in aroma and small cup. Full, syrupy-smooth mouthfeel; crisply sweet, chocolate- and nut-toned finish. In three parts milk, chocolate notes predominate, with undertones of gently scorched cedar and narcissus.', 'desc_2': 'A blend of coffees from Colombia, Guatemala, Brazil and Ethiopia roasted for espresso. Flower Coffee Workshop is a nano-roastery and coffee shop in Taichung, Taiwan. Visit https://www.facebook.com/flowercoffee20180526/ for more information.', 'desc_3': 'An espresso blend particularly appealing in three parts milk, with sweet floral, rich chocolate, and deep nut tones. ', 'roast': 'Medium', 'rating': 93.0, 'loc_country': 'Taiwan'}, {'name': 'Red Sunset by Andres Cardona', 'origin_1': 'Santa Bárbara', 'origin_2': 'Antioquia Department', 'desc_1': 'Elegant, gently fruit-forward. Black cherry, lychee, almond, marjoram, cedar in aroma and cup. Sweetly tart with high-toned acidity; plush, syrupy mouthfeel. The resonant finish is centered around notes of lychee and almond.', 'desc_2': 'Produced by Andres Cardona at Villa Lucía Farm from trees of the Castillo and Colombia varieties of Arabica, and processed by the semi-washed or honey method (skins are removed but at least some of the sticky fruit flesh is allowed to dry on the beans). Nostalgia Coffee Roasters was founded by Taylor Fields in 2018 as a mobile café; it has since added specialty roasting and online sales of select fine coffees. Visit www.nostalgiacoffeeroasters.com for more information.', 'desc_3': 'A pretty, delicate, confident honey-processed Colombia animated by both stone fruit and tropical fruit notes throughout.', 'roast': 'Medium-Light', 'rating': 94.0, 'loc_country': 'United States'}, {'name': 'Puna Arakawa Estate Lactic Natural', 'origin_1': 'Kurtistown', 'origin_2': 'Puna', 'desc_1': 'Deeply floral, richly spice-toned. Passionfruit, wild honey, cocoa nib, spiced rum, narcissus in aroma and cup. Sweetly savory structure with balanced, high-toned acidity; crisply satiny mouthfeel. Floral and fruit-forward finish with crisp cocoa undertones.', 'desc_2': 'Produced by Edna Arakawa and Jim Chestnut of Arakawa Estate from trees of the Typica and Caturra varieties of Arabica on the Big Island of Hawai’i, and processed by Miguel Meza using an experimental method in which the coffee fruit is fermented with lactic acid-producing organisms and dried in the whole fruit in a de-humidified room. Paradise Roasters specializes in micro-lot Arabica and Robusta coffees from Asia and other emerging origins. Paradise prides itself on quality and freshness, craft-roasting coffees in small batches only after orders are placed. Visit www.paradiseroasters.com or call 763-433-0626 for more information.', 'desc_3': 'A rare but relatively affordable Puna microlot processed by an experimental lactic method that nets a saturated intensity of aroma and flavor.', 'roast': 'Medium-Light', 'rating': 95.0, 'loc_country': 'United States'}]","The best match is **Ka’u Pink Honey** from **Paradise Roasters**.

**Why it fits:**
- **Vibrant, sweet**: tropically sweet with a sweet-tart structure
- **Floral aromatics**: star jasmine and other floral tones
- **Fruit brightness**: mango and fruit-forward finish
- **Plush texture**: elegant, lush mouthfeel implied by the cupping notes
- **Small-batch US roaster**: Paradise Roasters is a **United States** roaster that crafts coffees in **small batches**

**Key notes:**
- **Origin:** Ka'U District, Hawai’i
- **Roast Level:** Light
- **Process:** Pink honey
- **Variety:** Red Catuaí
- **Profile:** floral, fruity, sweet, and bright

If you want, I can also give you the **top 2 alternates** from the context that come close to this style."
Red Rooster Coffee Roaster Ethiopia Kayon Mountain Light roast United States Guji Zone Odo Shakiso District rating 93 November 2017,"[{'name': 'Ethiopia Kayon Mountain', 'origin_1': 'Odo Shakiso District', 'origin_2': 'Guji Zone', 'desc_1': 'Elegant, intricately rich. Lemon verbena, raw honey, mango, star jasmine, roasted cacao nib in aroma and cup. Vibrantly sweet-tart in structure with juicy acidity; syrupy mouthfeel. The crisp, cocoa-toned finish consolidates to notes of lemon verbena and jasmine. ', 'desc_2': 'Produced by Ato Esmael and his friends and family at their estate farm in the Guji Zone, one of several areas in southern Ethiopia. It is produced from distinctive traditional varieties of Arabica long grown in the region. Processed by the wet or washed method (fruit skin and pulp are removed before drying). Established in 2010, Red Rooster is an organic-certified micro-roaster focusing on socially conscious coffee and high-quality coffee. Visit redroostercoffee.com or call 540-745-7338 for more information.', 'desc_3': 'A richly sweet-tart, lively and complex Ethiopia coffee with deeply pleasing notes of mango and jasmine.', 'roast': 'Light', 'rating': 94.0, 'loc_country': 'United States'}, {'name': 'Ethiopia Kayon Mountain (Washed)', 'origin_1': 'Odo Shakiso District', 'origin_2': 'Guji Zone', 'desc_1': 'Elegant, high-toned, complex. Apricot, narcissus, lime, almond brittle, lemon balm in aroma and cup. Sweet-savory structure with juicy, bright acidity; plush, syrupy mouthfeel. The finish centers around notes of apricot and narcissus with undertones of almond brittle.', 'desc_2': 'Produced by the Hassen family at their estate farm in the Guji Zone from distinctive traditional varieties of Arabica long grown in the region. Processed by the wet or washed method (fruit skin and pulp are removed before drying). Established in 2010, Red Rooster is an organic-certified micro-roaster focusing on socially conscious coffee and high-quality coffee. Visit redroostercoffee.com or call 540-745-7338 for more information.', 'desc_3': 'A delicate, confident, multi-layered Ethiopia cup that delivers stone fruit, deep florals, and juicy-bright acidity. ', 'roast': 'Light', 'rating': 94.0, 'loc_country': 'United States'}, {'name': 'Ethiopia Kayon Mountain (Natural)', 'origin_1': 'Odo Shakiso District', 'origin_2': 'Guji Zone', 'desc_1': 'Fruit-toned, richly floral. Wild strawberry, lilac, honey, pink peppercorn, dark chocolate in aroma and cup. Sweetly tart structure with citrusy acidity; full, creamy mouthfeel. The finish is all strawberry, lilac and chocolate.', 'desc_2': 'Produced by the Hassen family at their estate farm in the Guji Zone from distinctive traditional varieties of Arabica long grown in the region. This is a dry-processed or “natural” version, meaning the beans were dried inside the fruit rather than after the fruit has been removed, as is the case with wet-processed or “washed” coffees. Certified USDA organic. Established in 2010, Red Rooster is an organic-certified micro-roaster focusing on socially conscious coffee and high-quality coffee. Visit redroostercoffee.com or call 540-745-7338 for more information.', 'desc_3': 'A fruit and flower extravaganza; this clean natural-processed cup offers an abundance of berry, sweet floral, and dark chocolate notes, all in balance and lucidly expressed.', 'roast': 'Light', 'rating': 94.0, 'loc_country': 'United States'}, {'name': 'Ethiopia Demeka Becha', 'origin_1': 'Sidama Growing Region', 'origin_2': 'Southern Ethiopia', 'desc_1': 'Delicate, richly aromatic, distinctively high-toned. Bergamot, jasmine, Meyer lemon zest, cocoa nib, praline in aroma and cup. Sweetly tart, floral structure with juicy, balanced acidity; silky, buoyant mouthfeel. Long, juicy, satisfying finish.', 'desc_2': 'Produced by smallholding farmers and processed by the full washed method at Ayele Tulu’s Demeka Becha washing station. Imported by Catalyst Trade. Established in 2010, Red Rooster is an organic-certified micro roaster focusing on socially conscious, high-quality coffee. Visit redroostercoffee.com or call 540-745-7338 for more information.', 'desc_3': 'A Red Rooster exclusive coffee, and one worth seeking out: a classic washed Ethiopia profile with generous floral and complex citrus notes supported by crisp cocoa nib.', 'roast': 'Light', 'rating': 95.0, 'loc_country': 'United States'}, {'name': 'Ethiopia Shantawene Washed', 'origin_1': 'Idamo (Also Sidama) Growing Region', 'origin_2': 'Southern Ethiopia', 'desc_1': 'Very sweet, high-toned, richly floral. Star jasmine, lemon verbena, pineapple, cocoa nib, frankincense in aroma and cup. Sweetly tart structure with juicy, levitating acidity; delicate but syrupy mouthfeel. Crisp, long, floral-toned finish.', 'desc_2': 'This exceptional coffee was selected as the No. 8 coffee on Coffee Review’s list of the Top 30 Coffees of 2020. The coffee tied for the highest rating in a cupping of “desert-island coffees” submitted by roasters for Coffee Review’s May 2020 tasting report. Southern Ethiopia coffees like this one are largely produced from distinctive indigenous Ethiopian varieties of Arabica long grown in the region. Processed by the washed method (fruit skin and pulp are removed before drying). Certified organic. Established in 2010, Red Rooster is an organic-certified micro-roaster focusing on socially conscious coffee and high-quality coffee. Visit redroostercoffee.com or call 540-745-7338 for more information.', 'desc_3': 'An exceptional washed-process Sidama cup evoking a garden in spring, vivid with complex sweet-spicy florals. Plus, it’s certified organic.', 'roast': 'Medium-Light', 'rating': 96.0, 'loc_country': 'United States'}]","It looks like you’re referring to **Red Rooster Coffee Roaster’s Ethiopia Kayon Mountain** from **Odo Shakiso District, Guji Zone, Ethiopia**.

**Key details from the context:**
- **Coffee:** Ethiopia Kayon Mountain
- **Origin:** Odo Shakiso District
- **Roast Level:** Light
- **Location/Country:** United States
- **Quality Rating:** **94.0**  
- **Relevant edition:** The **November 2017** version in the context is **the washed (wet-processed) coffee**

**Tasting notes for the November 2017-style washed lot:**
- Apricot
- Narcissus
- Lime
- Almond brittle
- Lemon balm
- Sweet-savory structure
- Juicy, bright acidity
- Plush, syrupy mouthfeel

**Process:**
- **Washed / wet processed**
- Fruit skin and pulp removed before drying

If you want, I can also help compare the **washed vs. natural** Kayon Mountain versions side by side."
"Light-roasted Ethiopian natural coffee with sweet-tart berry and floral aromas, lively acidity, and a smooth satiny texture","[{'name': 'Ardent Ethiopia Natural', 'origin_1': 'Sidamo (Also Sidama) Growing Region', 'origin_2': 'South-Central Ethiopia', 'desc_1': 'Delicately sweet-tart, richly and intricately aromatic, deep-toned. Dried hibiscus flowers, bergamot, frankincense, lychee, boysenberry in aroma and cup. Confidently sweet-tart structure with sparkling acidity; silky, buoyant mouthfeel. The long, lingering flavor-saturated finish intoxicatingly blurs fruit and floral notes.', 'desc_2': 'This exceptional coffee was selected as the No. 5 coffee on Coffee Review’s list of the Top 30 Coffees of 2020.\xa0 A green coffee from Ardent Coffees, a newer specialized exporter of Ethiopia coffees. Southern Ethiopia coffees like this one are largely produced from distinctive indigenous Ethiopian landrace varieties of Arabica long grown in their respective regions. This is a dry-processed or “natural” version (coffee is dried inside the entire fruit). JBC Coffee Roasters’ vision is simple: “let the coffee lead the way” through sourcing and roasting the best and most unique coffees available and rewarding the farmers who grow those coffees with substantial premiums. Visit www.jbccoffeeroasters.com or call 608-256-5282 for more information.', 'desc_3': 'A natural-processed Ethiopia cup unique and thrilling in its dried fruit and floral aromatics carried by a flawless structure: high-toned, elegant, complex, complete.', 'roast': 'Medium-Light', 'rating': 97.0, 'loc_country': 'United States'}, {'name': 'Gedeb Yirgacheffe Ethiopia', 'origin_1': 'Gedeb District', 'origin_2': 'Gedeo Zone', 'desc_1': 'Crisp, balanced, richly sweet. Maple syrup, apricot, hop flowers, nougat, roasted cacao nib in aroma and cup. Sweet-savory structure with lively acidity; full, satiny mouthfeel. Notes of maple syrup and apricot pleasantly dominate the finish, with enticing hints of bittersweet, hop-like florals.', 'desc_2': 'This coffee tied for the third-highest rating in a cupping of coffees roasted by women for Coffee Review‘s April 2018 tasting report. Southern Ethiopia coffees like this one are produced from traditional Ethiopian varieties of Arabica long grown in the region. This is a wet-processed or “washed” coffee, meaning the fruit skin and pulp were removed from the beans immediately after harvesting and before drying. Bluebeard Coffee Roasters’ motto is “The Perfect Medium.” The Tacoma, Washington-based company aims at roasting deep enough to develop sweetness and depth, light enough to leave each coffees’ subtleties intact. Visit www.bluebeardcoffee.com for more information.', 'desc_3': 'A dynamic Ethiopia cup with high-toned fruit notes and bittersweet florals, all enveloped in crisp cocoa.', 'roast': 'Medium-Light', 'rating': 93.0, 'loc_country': 'United States'}, {'name': 'Ethiopia Kayon Mountain', 'origin_1': 'Odo Shakiso District', 'origin_2': 'Guji Zone', 'desc_1': 'Delicate, richly and sweetly tart. Dried hibiscus, fine musk, almond, sandalwood, raspberry in aroma and cup. Fruit-toned, deeply sweet structure with gently-expressed acidity; buoyant, satiny-smooth mouthfeel. The crisp, flavor-saturated finish is characterized by sweet-tart fruit and floral tones (raspberry, hibiscus).', 'desc_2': 'This coffee tied for the second-highest rating in a tasting of 71 organic-certified coffees from Africa for Coffee Review’s November 2017 tasting report. Southern Ethiopia coffees like this one are produced from distinctive traditional Ethiopian varieties of Arabica long grown in the region. Like virtually all southern Ethiopia coffees, this coffee is produced by villagers on small garden plots interplanted with food and other subsistence crops. This is a dry-processed or “natural” coffee, meaning the beans were dried inside the fruit rather than after the fruit has been removed, as is the case with wet-processed or “washed” coffees. Certified USDA organic. Established in 2010, Red Rooster is an organic-certified micro-roaster focusing on socially conscious coffee and high-quality coffee. Visit redroostercoffee.com or call 540-745-7338 for more information.', 'desc_3': 'A lively and crisply sweet, fruit-forward natural-processed Ethiopia cup.', 'roast': 'Light', 'rating': 93.0, 'loc_country': 'United States'}, {'name': 'Ethiopia', 'origin_1': 'Bench-Maji Zone', 'origin_2': 'Southern Ethiopia', 'desc_1': 'Crisply sweet, fruit-toned. Raspberry, roasted cacao nib, honey, fresh-cut fir, freesia-like flowers in aroma and cup. Richly sweet-tart in structure with vibrant acidity; delicate, silky mouthfeel. The long, lasting finish centers around cocoa-toned honey and freesia.', 'desc_2': 'This coffee tied for the third-highest rating in a cupping of coffees from U.S. Mountain States roasters for Coffee Review’s October 2018 tasting report. Southern Ethiopia produces distinctive coffees from traditional, largely indigenous varieties of Arabica long grown in the region. This is a “natural” or dry-processed version, meaning the beans were dried inside the fruit rather than after the fruit has been removed, as is the case with wet-processed or “washed” coffees. Caffeic is a family-owned, Montana-based roaster with a focus on sourcing and sharing the highest-quality coffees available. Visit www.caffeic.coffee for more information.', 'desc_3': 'A sweetly fruit-forward natural-processed Ethiopia with spicy-floral intrigue.', 'roast': 'Medium-Light', 'rating': 93.0, 'loc_country': 'United States'}, {'name': 'Banco Gotete Ethiopia', 'origin_1': 'Yirgacheffe Growing Region', 'origin_2': 'Southern Ethiopia', 'desc_1': 'Delicate, richly floral, sweetly spice-toned. Almond nougat, white peach, pink peppercorn, wisteria-like flowers, fragrant sandalwood in aroma and cup. Richly bittersweet structure with vibrant, juicy acidity; plush, syrupy mouthfeel. Resonant, flavor-saturated finish centers around peach, wisteria and sandalwood.', 'desc_2': 'Southern Ethiopia coffees like this one are produced largely from traditional indigenous Ethiopian varieties of Arabica long grown in the region. This lot was processed by the wet or washed method (fruit skin and pulp are removed before drying). Ethiopia coffees processed with this method typically express great aromatic complexity and intensity, with a particular emphasis on floral notes. JBC Coffee Roasters’ vision is simple: “let the coffee lead the way” through sourcing and roasting the best and most unique coffees available and rewarding the farmers who grow those coffees with substantial premiums. Visit www.jbccoffeeroasters.com or call 608-256-5282 for more information. ', 'desc_3': 'A nuanced, multi-layered washed Ethiopia cup with a deep floral profile and energetic lift from an elegant spice throughline.', 'roast': 'Medium-Light', 'rating': 94.0, 'loc_country': 'United States'}]","The best match is **Document 1: Ardent Ethiopia Natural**.

**Why it fits:**
- **Light / medium-light roast**: matches the light-roasted clue
- **Ethiopian natural**: explicitly a **dry-processed “natural”**
- **Sweet-tart berry + floral aromas**: **boysenberry, lychee, dried hibiscus, bergamot**
- **Lively acidity**: described as **sparkling acidity**
- **Smooth satiny texture**: **silky, buoyant mouthfeel**

If you want, I can also rank the other documents by closeness to your description."
"Fruit-forward natural process Ethiopia with crisp sweetness, berry-like notes, and a silky mouthfeel","[{'name': 'Fruit Bomb/Ethiopia Shantewene', 'origin_1': 'Sidama Region', 'origin_2': 'South-Central Ethiopia', 'desc_1': 'Evaluated as espresso. Aromatically intense, sweet-tart-savory. Concord grape, lychee, dark chocolate, aloewood, oregano in aroma and cup. Creamy-smooth mouthfeel; savory, herbaceous, chocolaty finish. In three parts milk, savory notes usurp sweet, with inviting aloewood and oregano notes supported by dark chocolate and lychee undertones.', 'desc_2': 'Produced by Faysel Abdosh from distinctive traditional Ethiopian landrace varieties of Arabica long grown in the region. This lot was processed by the anaerobic natural method, in which fermentation of the whole fruit occurs in a hermetically sealed vessel. Founded in 2013, modcup coffee focuses on fresh roasting and distinctive natural-processed coffees. Visit modcup.com for more information.', 'desc_3': 'A strikingly composed Ethiopia anaerobic natural. Experimental processing seems to encourage a complex savory structure that pleasingly supports the up-front fruit.', 'roast': 'Medium-Light', 'rating': 93.0, 'loc_country': 'United States'}, {'name': 'Banco Gotete Ethiopia', 'origin_1': 'Yirgacheffe Growing Region', 'origin_2': 'Southern Ethiopia', 'desc_1': 'Delicate, richly floral, sweetly spice-toned. Almond nougat, white peach, pink peppercorn, wisteria-like flowers, fragrant sandalwood in aroma and cup. Richly bittersweet structure with vibrant, juicy acidity; plush, syrupy mouthfeel. Resonant, flavor-saturated finish centers around peach, wisteria and sandalwood.', 'desc_2': 'Southern Ethiopia coffees like this one are produced largely from traditional indigenous Ethiopian varieties of Arabica long grown in the region. This lot was processed by the wet or washed method (fruit skin and pulp are removed before drying). Ethiopia coffees processed with this method typically express great aromatic complexity and intensity, with a particular emphasis on floral notes. JBC Coffee Roasters’ vision is simple: “let the coffee lead the way” through sourcing and roasting the best and most unique coffees available and rewarding the farmers who grow those coffees with substantial premiums. Visit www.jbccoffeeroasters.com or call 608-256-5282 for more information. ', 'desc_3': 'A nuanced, multi-layered washed Ethiopia cup with a deep floral profile and energetic lift from an elegant spice throughline.', 'roast': 'Medium-Light', 'rating': 94.0, 'loc_country': 'United States'}, {'name': 'Ethiopia Sidama Bona Sweet Natural G1', 'origin_1': 'Idamo (Also Sidama) Growing Region', 'origin_2': 'South-Central Ethiopia', 'desc_1': 'Chocolaty and fruit-centered. Dark chocolate, blueberry, jasmine, lemongrass, a hint of brandy in aroma and cup. Sweet-toned structure with gentle, round acidity; syrupy-smooth mouthfeel. Chocolate and flowers, in particular, carry into a resonant finish.', 'desc_2': 'Southern Ethiopia coffees like this one are largely produced from distinctive indigenous Ethiopian landrace varieties of Arabica long grown in their respective regions. This is a dry-processed or “natural” version, meaning the beans were dried inside the fruit rather than after the fruit has been removed, as is the case with wet-processed or “washed” coffees. Singsun Coffee is an artisanal coffee shop in Hsinchu, Taiwan operated by roastmaster Peng Shuai. Visit https://reurl.cc/k0aGYn for more information.', 'desc_3': 'A lush, deeply fruit-toned, sweetly fermenty natural Ethiopia cup.', 'roast': 'Medium-Light', 'rating': 93.0, 'loc_country': 'Taiwan'}, {'name': 'Ethiopia West Arsi Nensebo Natural G1', 'origin_1': 'Guji Zone', 'origin_2': 'Southern Ethiopia', 'desc_1': 'Delicately berry-toned with savory impulses. Dried strawberry, honey, star jasmine, fresh-cut cedar, macadamia nut in aroma and cup. Sweet-savory structure with vibrant, lively acidity; very full, syrupy-smooth mouthfeel. Resonant, rich finish redolent of strawberry and star jasmine.', 'desc_2': 'Southern Ethiopian coffees like this one are largely produced from indigenous landrace varieties of Arabica long grown in the region. This is a natural-processed version (dried in the whole fruit). Pro Aroma Enterprise Coffee Co., Ltd. is a Taiwan-based specialty coffee company. Visit proaromacafe.com.tw/ for more information.', 'desc_3': 'A juicy fruit-bomb of a natural Ethiopia cup, the fruit complemented by spicy floral and buttery nut tones.', 'roast': 'Medium-Light', 'rating': 95.0, 'loc_country': 'Taiwan'}, {'name': 'Ethiopia Yirgacheffe Botabaa G1', 'origin_1': 'Yirgacheffe Growing Region', 'origin_2': 'Southern Ethiopia', 'desc_1': 'Citrusy and spice-toned. Lemon verbena, gardenia-like flowers, sandalwood, caramel, pink peppercorn in aroma and cup. Richly sweet-tart in structure with vibrant acidity; full, satiny mouthfeel. The finish consolidates to lemon verbena and sandalwood in the short, with caramel resurfacing in the long.', 'desc_2': 'Southern Ethiopia coffees like this one are produced from traditional, largely indigenous varieties of Arabica long grown in the region. This lot was processed by the wet or washed method (fruit skin and pulp are removed before drying). Southern Ethiopia coffees processed with this method typically express great aromatic complexity and intensity, with a particular emphasis on floral notes. De Clieu Coffee is a Taiwan-based roaster whose mission it is to explore extraordinary coffees. For more information, visit https://m.facebook.com/declieucoffeetaipei.', 'desc_3': 'A citrus-driven wet-processed Ethiopia cup with fragrant aromatic wood notes throughout.', 'roast': 'Medium-Light', 'rating': 92.0, 'loc_country': 'Taiwan'}]","A great match from the context is:

**Ethiopia West Arsi Nensebo Natural G1**
- **Origin:** Guji Zone
- **Process:** **Natural**
- **Why it fits:** It’s described as a **juicy fruit-bomb of a natural Ethiopia cup** with **dried strawberry**, **honey**, **star jasmine**, and a **very full, syrupy-smooth mouthfeel**. That lines up well with **fruit-forward**, **berry-like notes**, and a **silky mouthfeel**.
- **Body/texture:** **Very full, syrupy-smooth**
- **Roast level:** **Medium-Light**

If you want, I can also rank the other Ethiopian options in the context by how closely they match **“crisp sweetness, berry-like notes, and silky mouthfeel.”**"
"High-scoring light roast with bright fruit character, floral tones, and a smooth body","[{'name': 'Ka’u Pink Honey', 'origin_1': ""Ka'U District"", 'origin_2': 'Big Island Of Hawai’I', 'desc_1': 'Tropically sweet, floral-driven. Star jasmine, mango, date, macadamia nut, amber in aroma and cup. Sweet-tart structure with gently bright acidity; delicately confident acidity. Resonantly fruit- and floral-toned finish.', 'desc_2': 'Produced at Miranda Farms entirely of the Red Catuaí variety of Arabica and processed by the pink honey method, in which coffee is fermented in the whole fruit before skins are removed and the beans are dried with the pinkish-toned fruit flesh or mucilage still adhering to them. Paradise Roasters specializes in micro-lot Arabica and Robusta coffees from Asia and other emerging origins. The company prides itself on quality and freshness, craft-roasting coffees in small batches only after orders are placed. Visit www.paradiseroasters.com or call 763-433-0626 for more information.', 'desc_3': 'An exciting Ka’u cup that is equal parts lushly fruit-forward and elegantly floral.', 'roast': 'Light', 'rating': 94.0, 'loc_country': 'United States'}, {'name': 'Red Sunset by Andres Cardona', 'origin_1': 'Santa Bárbara', 'origin_2': 'Antioquia Department', 'desc_1': 'Elegant, gently fruit-forward. Black cherry, lychee, almond, marjoram, cedar in aroma and cup. Sweetly tart with high-toned acidity; plush, syrupy mouthfeel. The resonant finish is centered around notes of lychee and almond.', 'desc_2': 'Produced by Andres Cardona at Villa Lucía Farm from trees of the Castillo and Colombia varieties of Arabica, and processed by the semi-washed or honey method (skins are removed but at least some of the sticky fruit flesh is allowed to dry on the beans). Nostalgia Coffee Roasters was founded by Taylor Fields in 2018 as a mobile café; it has since added specialty roasting and online sales of select fine coffees. Visit www.nostalgiacoffeeroasters.com for more information.', 'desc_3': 'A pretty, delicate, confident honey-processed Colombia animated by both stone fruit and tropical fruit notes throughout.', 'roast': 'Medium-Light', 'rating': 94.0, 'loc_country': 'United States'}, {'name': 'Peru Incahuasi', 'origin_1': 'Cusco Region', 'origin_2': 'Peru', 'desc_1': 'Gently fruit-toned, integrated and balanced. Pineapple, almond nougat, redwood, narcissus, marjoram in aroma and cup. Sweetly tart with juicy, high-toned acidity; vibrant, syrupy mouthfeel. The finish centers around notes of pineapple and almond.', 'desc_2': 'Produced at Incahuasi Farm from trees of the Typica, Bourbon and Caturra varieties of Arabica, and processed by the natural method (dried in the whole fruit). Based in Phoenix, Arizona, Press Coffee roasts in small batches to ensure the highest quality and consistency, while sharing their knowledge and passion for coffee with customers. Visit www.presscoffee.com for more information.', 'desc_3': 'Laden with tropical fruit notes, this unusually composed natural-processed Peru excites with its vibrantly sweet-tart structure and deep floral and herb tones.', 'roast': 'Medium-Light', 'rating': 94.0, 'loc_country': 'United States'}, {'name': 'Pike’s Place Blend', 'origin_1': 'Latin America', 'origin_2': 'Americas', 'desc_1': 'Brisk, dry, sweetly vegetal. Green bean, carob, charred balsa, faded gardenia, raw almond in aroma and cup. Flatly bittersweet structure with  inert acidity; dry, rather thin mouthfeel. Wood-framed, sweetly vegetal finish.', 'desc_2': 'Purchased at amazon.com as a nationally branded benchmark comparison for the darker-roasted coffees from smaller roasters reviewed this month. Visit www.starbucks.com for more information.', 'desc_3': 'This blend retains its popularity, despite what reads here as a flat, bitterish cup, with only some backgrounded sweetness and nuance.', 'roast': 'Dark', 'rating': 84.0, 'loc_country': 'United States'}, {'name': 'Hawai’i Ka’u Champagne Natural', 'origin_1': 'Ka’U Growing Region', 'origin_2': 'Big Island Of Hawai’I', 'desc_1': 'Deeply sweet, tropical. Pineapple, lychee, baking chocolate, jasmine, lemon verbena in aroma and cup. Sweetly tart with very lively, phosphoric acidity; silky-smooth mouthfeel. The finish is fruit-driven with jasmine undertones.', 'desc_2': 'Produced by smallholding farmers from trees of the Typica, Caturra and Catuai varieties of Arabica and fermented in the whole fruit with wine yeasts, then dried, still in the whole fruit. Paradise Roasters specializes in micro-lot Arabica and Robusta coffees from Asia and other emerging origins. The company prides itself on quality and freshness, craft-roasting coffees in small batches only after orders are placed. Visit www.paradiseroasters.com or call 763-433-0626 for more information.', 'desc_3': 'An experimentally processed coffee from the Big Island’s Ka’u region, tropical in its suggestions, dessert-like in its sweetness.', 'roast': 'Medium-Light', 'rating': 93.0, 'loc_country': 'United States'}]","A great match from the context is **Ka’u Pink Honey**.

**Why it fits:**
- **Light roast**
- **Bright fruit character:** mango, date, sweet-tart structure
- **Floral tones:** star jasmine, elegant floral finish
- **Smooth body:** described as lush and delicately confident, with a fruit- and floral-toned finish

If you want the **closest overall fit with a slightly more tropical profile**, **Hawai’i Ka’u Champagne Natural** is also excellent:
- Pineapple, lychee, jasmine
- Silky-smooth mouthfeel
- Bright, lively acidity

**Best pick for your description:** **Ka’u Pink Honey**  
**Best pick for more tropical brightness:** **Hawai’i Ka’u Champagne Natural**"
"Organic-certified African coffee with a lively sweet profile, natural processing, and a clean fruity finish","[{'name': 'DR Congo, Gera Village, SOPACDI', 'origin_1': 'South Kivu Province', 'origin_2': 'The Democratic Republic Of The Congo', 'desc_1': 'Very sweet, high-toned, with savory underpinnings. Tangerine zest, cocoa nib, Bing cherry, amber, almond butter in aroma and cup. Tart-leaning but integrated  structure with vibrant, juicy acidity; full, viscous mouthfeel. The finish is animated by notes of Bing cherry and amber.', 'desc_2': 'This exceptional coffee was selected as the No. 25 coffee on Coffee Review’s list of the Top 30 Coffees of 2020.\xa0 Produced entirely from trees of Bourbon-related varieties of Arabica by members of the SOPACDI coop. Located overlooking Lake Kivu, on the opposite side of the lake from Rwanda, this rapidly growing cooperative now has nearly 6,000 members and apparently is succeeding in its goal to help heal wounds left by the latest in eastern Congo’s seemingly endless string of horrific rebellions and civil wars. A wet-processed or “washed” coffee (fruit skin and pulp are removed before drying); certified organically grown and fair trade. Conscious Cup Coffee Roasters is an independent and family-owned and -operated cafe and coffee roaster specializing in socially and environmentally sustainable coffees. Visit www.consciouscup.com or call 815-356-0115 for more information.', 'desc_3': 'An especially juicy, high-toned DR Congo cup with notes of citrus zest and bright stone fruit grounded by earthy-perfumy amber-like suggestions.', 'roast': 'Medium-Light', 'rating': 94.0, 'loc_country': 'United States'}, {'name': 'Organic Ethiopia Kirite', 'origin_1': 'Hambela District', 'origin_2': 'Guji Zone', 'desc_1': 'High-toned, crisply sweet. Lemon blossom, apricot, frankincense, spearmint, roasted cacao nib in aroma and cup. Balanced, complete sweet-savory structure; satiny, full mouthfeel. Sweet spearmint notes carry the cocoa-toned finish, with hints of lemon blossom and apricot.', 'desc_2': 'This coffee tied for the second-highest rating in a tasting of 71 organic-certified coffees from Africa for Coffee Review’s November 2017 tasting report. Produced by the METAD farm and mill in southern Ethiopia. Southern Ethiopia produces distinctive coffees from traditional varieties of Arabica long grown in the region. Coffees like this one processed by the wet or washed method (fruit skin and pulp is removed before drying) typically express great aromatic complexity and intensity with a particular emphasis on citrus and floral notes. Ceritifed USDA organic. Wonderstate Coffee, formerly Kickapoo Coffee, is an award-winning roaster based in rural Wisconsin known for their commitment to guaranteeing higher pay for farmers and being the country’s first 100% solar powered roastery. Visit https://wonderstate.com for more information.', 'desc_3': 'An inviting wet-processed Ethiopia cup. Invokes a walk through a citrus orchard in spring, with a bonus of sweet herb and cocoa tones.', 'roast': 'Medium-Light', 'rating': 93.0, 'loc_country': 'United States'}, {'name': 'Ardent Ethiopia Natural', 'origin_1': 'Sidamo (Also Sidama) Growing Region', 'origin_2': 'South-Central Ethiopia', 'desc_1': 'Delicately sweet-tart, richly and intricately aromatic, deep-toned. Dried hibiscus flowers, bergamot, frankincense, lychee, boysenberry in aroma and cup. Confidently sweet-tart structure with sparkling acidity; silky, buoyant mouthfeel. The long, lingering flavor-saturated finish intoxicatingly blurs fruit and floral notes.', 'desc_2': 'This exceptional coffee was selected as the No. 5 coffee on Coffee Review’s list of the Top 30 Coffees of 2020.\xa0 A green coffee from Ardent Coffees, a newer specialized exporter of Ethiopia coffees. Southern Ethiopia coffees like this one are largely produced from distinctive indigenous Ethiopian landrace varieties of Arabica long grown in their respective regions. This is a dry-processed or “natural” version (coffee is dried inside the entire fruit). JBC Coffee Roasters’ vision is simple: “let the coffee lead the way” through sourcing and roasting the best and most unique coffees available and rewarding the farmers who grow those coffees with substantial premiums. Visit www.jbccoffeeroasters.com or call 608-256-5282 for more information.', 'desc_3': 'A natural-processed Ethiopia cup unique and thrilling in its dried fruit and floral aromatics carried by a flawless structure: high-toned, elegant, complex, complete.', 'roast': 'Medium-Light', 'rating': 97.0, 'loc_country': 'United States'}, {'name': 'Sustainable Harvest Homacho Waeno Natural', 'origin_1': 'Aleta Wondo', 'origin_2': 'Sidama (Also Sidamo) Growing Region', 'desc_1': 'Deeply and richly sweet-savory. Orange marmalade, pipe tobacco, dried fig, dark chocolate, freesia-like flowers in aroma and cup. Bright, sweetly-tart in structure with zesty acidity; delicately satiny mouthfeel. Notes of richly savory pipe tobacco lead in the finish, paired with dried fig in the short and orange marmalade in the long.', 'desc_2': 'This coffee tied for the second-highest rating in a tasting of 71 organic-certified coffees from Africa for Coffee Review’s November 2017 tasting report. Southern Ethiopia coffees like this one are produced from distinctive traditional Ethiopian varieties of Arabica long grown in the region. Like virtually all southern Ethiopia coffees, this coffee is produced by villagers on small garden plots interplanted with food and other subsistence crops. This is a dry-processed or “natural” coffee, meaning the beans were dried inside the fruit rather than after the fruit has been removed, as is the case with wet-processed or “washed” coffees. Red E Cafe is a popular café \xa0and roastery in Portland, Oregon. For more information, visit.www.theredecafe.com.', 'desc_3': 'A natural-processed Ethiopia coffee of intriguing depth, with a wide range of aroma/flavor notes, savory pipe tobacco to high-toned, spicy florals, to crisply sweet citrus marmalade.', 'roast': 'Light', 'rating': 93.0, 'loc_country': 'United States'}, {'name': 'Ethiopia', 'origin_1': 'Bench-Maji Zone', 'origin_2': 'Southern Ethiopia', 'desc_1': 'Crisply sweet, fruit-toned. Raspberry, roasted cacao nib, honey, fresh-cut fir, freesia-like flowers in aroma and cup. Richly sweet-tart in structure with vibrant acidity; delicate, silky mouthfeel. The long, lasting finish centers around cocoa-toned honey and freesia.', 'desc_2': 'This coffee tied for the third-highest rating in a cupping of coffees from U.S. Mountain States roasters for Coffee Review’s October 2018 tasting report. Southern Ethiopia produces distinctive coffees from traditional, largely indigenous varieties of Arabica long grown in the region. This is a “natural” or dry-processed version, meaning the beans were dried inside the fruit rather than after the fruit has been removed, as is the case with wet-processed or “washed” coffees. Caffeic is a family-owned, Montana-based roaster with a focus on sourcing and sharing the highest-quality coffees available. Visit www.caffeic.coffee for more information.', 'desc_3': 'A sweetly fruit-forward natural-processed Ethiopia with spicy-floral intrigue.', 'roast': 'Medium-Light', 'rating': 93.0, 'loc_country': 'United States'}]","A great match from the context is:

**Ardent Ethiopia Natural**
- **Origin:** Sidamo / Sidama, Ethiopia
- **Processing:** **Natural** / dry-processed
- **Profile:** **Delicately sweet-tart, richly aromatic**, with **lychee, boysenberry, bergamot, hibiscus, and frankincense**
- **Finish:** **Long, fruit-forward, and floral**
- **Why it fits:** It’s an **organic-certified African coffee style** with a **lively sweet profile** and a **clean, fruity finish** thanks to its natural processing and high-toned acidity.

If you want, I can also narrow this down further by:
- **more berry-forward**
- **more citrusy**
- **more floral**
- **less tart / more syrupy**"
Willoughby's Coffee & Tea Ethiopia Gelgelu Natural Organic Yirgacheffe Southern Ethiopia 93 rating medium-light roast,"[{'name': 'Ethiopia Gelgelu Natural Organic', 'origin_1': 'Yirgacheffe Growing Region', 'origin_2': 'Southern Ethiopia', 'desc_1': 'High-toned, floral. Dried apricot, magnolia, almond butter, maple syrup, cherry brandy in aroma and cup. Crisp, sweetly-tart in structure; plush, syrupy mouthfeel. Notes of magnolia and dried apricot dominate in the flavor-laden short finish, with hints of almond butter and fruit brandy in the long.', 'desc_2': 'This coffee tied for the second-highest rating in a tasting of 71 organic-certified coffees from Africa for Coffee Review’s November 2017 tasting report. Southern Ethiopia coffees like this one are produced from traditional Ethiopian varieties of Arabica long grown in the region. This is a dry-processed or “natural” Yirgacheffe, meaning the beans were dried inside the fruit rather than after the fruit has been removed, as is the case with wet-processed or “washed” coffees. Certified USDA organic. Willoughby’s Coffee & Tea is a pioneer specialty coffee roaster established in the early 1980s that has gracefully and successfully moved with the times and now offers a menu of extremely refined small-lot, single-origin coffees. Visit www.willoughbyscoffee.com or call 800-388-8400 for more information.', 'desc_3': 'A deeply sweet natural-processed Ethiopia cup, with stone fruit and brandy notes as parallel throughlines.', 'roast': 'Medium-Light', 'rating': 93.0, 'loc_country': 'United States'}, {'name': 'Ethiopia Suke Quto', 'origin_1': 'Guji Zone', 'origin_2': 'Oromia Region', 'desc_1': 'Delicate, sweetly spice-toned. Pink peppercorn, date, myrrh, lavender, roasted cacao nib in aroma and cup. Crisp, spice-toned structure with citrus-like acidity; satiny, very smooth mouthfeel. The crisply sweet finish centers around spice and pungent floral notes.', 'desc_2': 'This coffee tied for the third-highest rating in a tasting of 71 organic-certified coffees from Africa for Coffee Review’s November 2017 tasting report. Southern Ethiopia coffees like this one are produced from traditional Ethiopian varieties of Arabica long grown in the region. When processed by the wet or washed method (fruit skin and pulp are removed before drying) they typically express great aromatic complexity and intensity with a particular emphasis on floral notes. Like virtually all southern Ethiopia coffees, this one is produced by villagers on small, garden plots interplanted with food and other subsistence crops. Roast House is a small-batch, quality-focused roaster specializing in farm-direct organic-certified and Fair Trade Certified coffees. Visit roasthousecoffee.com or call 509-995-6500 for more information.', 'desc_3': 'Lavender-like flowers and hints of zesty pink peppercorn animate this crisply sweet wet-processed Ethiopia cup.', 'roast': 'Medium-Light', 'rating': 92.0, 'loc_country': 'United States'}, {'name': 'Ethiopia Hambela Natural Organic', 'origin_1': 'Guji Zone', 'origin_2': 'Oromia Region', 'desc_1': 'Balanced, fruit-toned, deeply sweet. Mulberry, wine barrel, dark chocolate, sandalwood, freesia in aroma and cup. Sweet-tart structure with wine-like acidity; satiny-smooth mouthfeel. The finish leads with mulberry and dark chocolate, supported by spice-toned aromatic wood and freesia-like flowers.', 'desc_2': 'This coffee tied for the second-highest rating in a cupping of coffees from New England roasters for Coffee Review’s February 2019 tasting report. Southern Ethiopia produces distinctive coffees from traditional, largely indigenous varieties of Arabica long grown in the region. This is a dry-processed or “natural” version, meaning the beans were dried inside the fruit rather than after the fruit has been removed, as is the case with wet-processed or “washed” coffees. Certified organic. Willoughby’s Coffee & Tea is a pioneer specialty coffee roaster established in the early 1980s that has gracefully and successfully moved with the times and now offers a menu of extremely refined small-lot, single-origin coffees. Visit www.willoughbyscoffee.com or call 800-388-8400 for more information.', 'desc_3': 'A spice-driven, fruit-forward natural-processed Ethiopia cup: rich, resonant, clean, deep.', 'roast': 'Medium-Light', 'rating': 94.0, 'loc_country': 'United States'}, {'name': 'Ardent Ethiopia Natural', 'origin_1': 'Sidamo (Also Sidama) Growing Region', 'origin_2': 'South-Central Ethiopia', 'desc_1': 'Delicately sweet-tart, richly and intricately aromatic, deep-toned. Dried hibiscus flowers, bergamot, frankincense, lychee, boysenberry in aroma and cup. Confidently sweet-tart structure with sparkling acidity; silky, buoyant mouthfeel. The long, lingering flavor-saturated finish intoxicatingly blurs fruit and floral notes.', 'desc_2': 'This exceptional coffee was selected as the No. 5 coffee on Coffee Review’s list of the Top 30 Coffees of 2020.\xa0 A green coffee from Ardent Coffees, a newer specialized exporter of Ethiopia coffees. Southern Ethiopia coffees like this one are largely produced from distinctive indigenous Ethiopian landrace varieties of Arabica long grown in their respective regions. This is a dry-processed or “natural” version (coffee is dried inside the entire fruit). JBC Coffee Roasters’ vision is simple: “let the coffee lead the way” through sourcing and roasting the best and most unique coffees available and rewarding the farmers who grow those coffees with substantial premiums. Visit www.jbccoffeeroasters.com or call 608-256-5282 for more information.', 'desc_3': 'A natural-processed Ethiopia cup unique and thrilling in its dried fruit and floral aromatics carried by a flawless structure: high-toned, elegant, complex, complete.', 'roast': 'Medium-Light', 'rating': 97.0, 'loc_country': 'United States'}, {'name': 'Ethiopia Amaro Gayo Natural', 'origin_1': 'Yirgacheffe Growing Region', 'origin_2': 'Southern Ethiopia', 'desc_1': 'Deeply sweet, fruit- and cocoa-toned. Baker’s chocolate, dried coconut, tea rose, almond, cedar in aroma and cup. Fruit-toned structure with round, gentle acidity; crisp though syrupy mouthfeel. The spice-toned finish suggests homemade fruitcake, with notes of dried fruit, nuts and warming spices. ', 'desc_2': 'This coffee tied for the third-highest rating in a tasting of 71 organic-certified coffees from Africa for Coffee Review’s November 2017 tasting report. Yirgacheffe is a coffee region in southern Ethiopia that produces distinctive coffees from traditional varieties of Arabica long grown in the region. This is a “natural” or dry-processed version, meaning the beans were dried inside the fruit, encouraging a flavor profile that is less predictable and deeper than the more familiar wet-processed floral- and citrus-toned Yirgacheffe profile. Like virtually all southern Ethiopia coffees, this coffee is produced by villagers on small, garden plots interplanted with food and other subsistence crops. Certified USDA organic. Named after the cofounders’ son, Ben, Ben’s Beans prides itself on ethical sourcing, as well as in donating a portion of proceeds to charities in the coffee-producing regions they work with. Visit www.bensbeans.org for more information.', 'desc_3': 'The overall impression of this natural-processed Yirgacheffe cup is equal parts dried fruit and chocolate, nicely elaborated by spice suggestions (cinnamon, clove, nutmeg).', 'roast': 'Medium-Light', 'rating': 92.0, 'loc_country': 'United States'}]","**Willoughby’s Coffee & Tea Ethiopia Gelgelu Natural Organic** is a **high-scoring natural Yirgacheffe** with a **medium-light roast** and a **93 rating**.

**What it tastes like:**
- **Aroma/Cup:** floral, dried apricot, magnolia, almond butter, maple syrup, cherry brandy
- **Structure:** crisp, sweet-tart
- **Mouthfeel:** plush, syrupy
- **Finish:** magnolia and dried apricot up front, with almond butter and fruit brandy lingering

**Processing & style:**
- **Origin:** Yirgacheffe, Southern Ethiopia
- **Process:** **Natural / dry-processed**
- This means the coffee was **dried inside the fruit**, which usually gives it:
  - deeper fruit character
  - more sweetness
  - a less citrusy, more jammy profile than washed Yirgacheffe

**Best way to think about it:**
- A **deeply sweet, fruit-forward Ethiopian cup**
- Expect **stone fruit and brandy-like notes** rather than bright lemony florals

**Quick brew suggestion:**
For the best clarity and sweetness, try:
- **Pour-over**
- **Coffee:** 20g
- **Water:** 320g @ **93°C / 199°F**
- **Ratio:** **1:16**
- **Grind Size:** medium-fine, like table salt
- **Total Time:** about **2:45–3:30**

**Step-by-Step Instructions:**
1. Rinse your filter and preheat the brewer.
2. Add 20g coffee and start with a 40g bloom for 30–45 seconds.
3. Pour in slow circles up to 320g total.
4. Let it draw down fully.
5. If it tastes too sharp, grind slightly finer; if bitter or heavy, grind a bit coarser.

If you want, I can also compare this coffee to the **washed Yirgacheffe style** so you know exactly what to expect in the cup."
"Medium-light Ethiopia natural with floral aroma, stone fruit sweetness, heavy body, and syrupy texture","[{'name': 'Banco Gotete Ethiopia', 'origin_1': 'Yirgacheffe Growing Region', 'origin_2': 'Southern Ethiopia', 'desc_1': 'Delicate, richly floral, sweetly spice-toned. Almond nougat, white peach, pink peppercorn, wisteria-like flowers, fragrant sandalwood in aroma and cup. Richly bittersweet structure with vibrant, juicy acidity; plush, syrupy mouthfeel. Resonant, flavor-saturated finish centers around peach, wisteria and sandalwood.', 'desc_2': 'Southern Ethiopia coffees like this one are produced largely from traditional indigenous Ethiopian varieties of Arabica long grown in the region. This lot was processed by the wet or washed method (fruit skin and pulp are removed before drying). Ethiopia coffees processed with this method typically express great aromatic complexity and intensity, with a particular emphasis on floral notes. JBC Coffee Roasters’ vision is simple: “let the coffee lead the way” through sourcing and roasting the best and most unique coffees available and rewarding the farmers who grow those coffees with substantial premiums. Visit www.jbccoffeeroasters.com or call 608-256-5282 for more information. ', 'desc_3': 'A nuanced, multi-layered washed Ethiopia cup with a deep floral profile and energetic lift from an elegant spice throughline.', 'roast': 'Medium-Light', 'rating': 94.0, 'loc_country': 'United States'}, {'name': 'Ethiopia Halo Hartume Daniel Mijane', 'origin_1': 'Yirgacheffe Growing Region', 'origin_2': 'Southern Ethiopia', 'desc_1': 'Delicately vibrant, crisply sweet-tart. Peach, cocoa nib, lilac, pink grapefruit zest, pistachio in aroma and cup. Balanced, sweetly tart in structure; richly silky mouthfeel. The satisfying finish consolidates to notes of cocoa-toned stone fruit.', 'desc_2': 'Southern Ethiopia coffees like this one are largely produced from traditional Ethiopian varieties of Arabica long grown in the region. This lot was processed by the wet or washed method (fruit skin and pulp are removed before drying). Southern Ethiopia coffees processed with this method typically express great aromatic complexity and intensity, with a particular emphasis on floral notes. Old World Coffee Lab is a specialty coffee roaster with cafes in Reno and Carson City, Nevada. Visit www.oldworldcoffee.co for more information.\xa0', 'desc_3': 'A high-toned, elegant washed Yirgacheffe cup with a floral and stone fruit throughline.', 'roast': 'Medium-Light', 'rating': 94.0, 'loc_country': 'United States'}, {'name': 'Ethiopia West Arsi Nensebo Natural G1', 'origin_1': 'Guji Zone', 'origin_2': 'Southern Ethiopia', 'desc_1': 'Delicately berry-toned with savory impulses. Dried strawberry, honey, star jasmine, fresh-cut cedar, macadamia nut in aroma and cup. Sweet-savory structure with vibrant, lively acidity; very full, syrupy-smooth mouthfeel. Resonant, rich finish redolent of strawberry and star jasmine.', 'desc_2': 'Southern Ethiopian coffees like this one are largely produced from indigenous landrace varieties of Arabica long grown in the region. This is a natural-processed version (dried in the whole fruit). Pro Aroma Enterprise Coffee Co., Ltd. is a Taiwan-based specialty coffee company. Visit proaromacafe.com.tw/ for more information.', 'desc_3': 'A juicy fruit-bomb of a natural Ethiopia cup, the fruit complemented by spicy floral and buttery nut tones.', 'roast': 'Medium-Light', 'rating': 95.0, 'loc_country': 'Taiwan'}, {'name': 'Ethiopian Sweet Lily', 'origin_1': 'Guji Zone', 'origin_2': 'Oromia Region', 'desc_1': 'Richly sweet, floral-toned. Magnolia, almond, maple syrup, plum, myrrh in aroma and cup. Sweetly tart structure, with bright, juicy acidity; delicate, silky mouthfeel. The richly drying finish centers around notes of almond and myrrh.', 'desc_2': 'Produced by smallholding farmers around the Biru Bekele washing station, largely produced from distinctive indigenous Ethiopian landrace varieties of Arabica long grown in the region. Processed by the natural method (dried in the whole fruit). Cafe Kreyol is a roaster in Manassas, Virginia with the mission of creating sustainable employment by way of specialty coffee. Visit www.cafekreyol.com or call 571-719-7018 for more information.', 'desc_3': 'A deeply sweet natural-processed Ethiopia coffee with magnolia-like floral notes and an undercurrent of stone fruit and myrrh.', 'roast': 'Medium-Light', 'rating': 93.0, 'loc_country': 'United States'}, {'name': 'Ethiopia Guji Shakiso G1 Honey', 'origin_1': 'Sidama Growing Region', 'origin_2': 'Southern Ethiopia', 'desc_1': 'Fruit-toned, deeply floral. Raspberry, wisteria, honey, pink peppercorn, dark chocolate in aroma and cup. Sweetly tart structure with crisp, juicy acidity; full, satiny-smooth mouthfeel. The finish is driven by notes of raspberry and dark chocolate.', 'desc_2': 'Produced by smallholding farmers, from local heirloom varieties of Arabica, and processed by the honey method, in which the skins are removed from the fruit but some fruit flesh is allowed to dry on the beans. VERYTIME is a specialty nano-roaster based in Taoyuan, Taiwan. Visit facebook.com/verytime7 for more information.', 'desc_3': 'A fruit and flower medley, this honey-processed Ethiopia cup is berry-toned with a richly floral throughline and supporting notes of dark chocolate. ', 'roast': 'Medium-Light', 'rating': 94.0, 'loc_country': 'Taiwan'}]","The best match is **Document 3: Ethiopia West Arsi Nensebo Natural G1**.

Why it fits:
- **Medium-light roast**: yes
- **Natural process**: yes
- **Floral aroma**: star jasmine
- **Stone fruit sweetness**: not explicit, but it has a juicy fruit-driven profile
- **Heavy / syrupy texture**: **very full, syrupy-smooth mouthfeel**

If you want the **closest washed Ethiopia with more obvious stone fruit + florals**, **Document 2** is also a strong fit, but it won’t be as heavy or syrupy as Document 3."
"Lightly roasted Ethiopian coffee with apricot, cherry brandy, and almond butter notes plus a long sweet finish","[{'name': 'Ardent Ethiopia Natural', 'origin_1': 'Sidamo (Also Sidama) Growing Region', 'origin_2': 'South-Central Ethiopia', 'desc_1': 'Delicately sweet-tart, richly and intricately aromatic, deep-toned. Dried hibiscus flowers, bergamot, frankincense, lychee, boysenberry in aroma and cup. Confidently sweet-tart structure with sparkling acidity; silky, buoyant mouthfeel. The long, lingering flavor-saturated finish intoxicatingly blurs fruit and floral notes.', 'desc_2': 'This exceptional coffee was selected as the No. 5 coffee on Coffee Review’s list of the Top 30 Coffees of 2020.\xa0 A green coffee from Ardent Coffees, a newer specialized exporter of Ethiopia coffees. Southern Ethiopia coffees like this one are largely produced from distinctive indigenous Ethiopian landrace varieties of Arabica long grown in their respective regions. This is a dry-processed or “natural” version (coffee is dried inside the entire fruit). JBC Coffee Roasters’ vision is simple: “let the coffee lead the way” through sourcing and roasting the best and most unique coffees available and rewarding the farmers who grow those coffees with substantial premiums. Visit www.jbccoffeeroasters.com or call 608-256-5282 for more information.', 'desc_3': 'A natural-processed Ethiopia cup unique and thrilling in its dried fruit and floral aromatics carried by a flawless structure: high-toned, elegant, complex, complete.', 'roast': 'Medium-Light', 'rating': 97.0, 'loc_country': 'United States'}, {'name': 'Ethiopia Idido Wegida', 'origin_1': 'Yirgacheffe Growing Region', 'origin_2': 'Southern Ethiopia', 'desc_1': 'High-toned, sweetly tart. Maple syrup, almond butter, dried apricot, cocoa nib, baking spices in aroma and cup. Sweet-tart structure with pert acidity; velvety-smooth mouthfeel. The flavor-saturated finish centers on maple syrup and dried apricot in the short and cocoa-toned almond butter in the long, with a hint of baking spices.', 'desc_2': 'Southern Ethiopia coffees like this one are produced from traditional Ethiopian varieties of Arabica long grown in the region. It was processed by the wet or washed method (fruit skin and pulp are removed before drying). The company name Amavida combines the Spanish words for love and life, reflecting Amavida’s multifaceted commitment to fairness and fine coffee. For further information visit www.amavida.com or call 850-213-1965.', 'desc_3': 'A deeply sweet washed-process Ethiopia cup, spice-toned with elegant suggestions of dried stone fruit.', 'roast': 'Medium-Light', 'rating': 93.0, 'loc_country': 'United States'}, {'name': 'Gedeb Yirgacheffe Ethiopia', 'origin_1': 'Gedeb District', 'origin_2': 'Gedeo Zone', 'desc_1': 'Crisp, balanced, richly sweet. Maple syrup, apricot, hop flowers, nougat, roasted cacao nib in aroma and cup. Sweet-savory structure with lively acidity; full, satiny mouthfeel. Notes of maple syrup and apricot pleasantly dominate the finish, with enticing hints of bittersweet, hop-like florals.', 'desc_2': 'This coffee tied for the third-highest rating in a cupping of coffees roasted by women for Coffee Review‘s April 2018 tasting report. Southern Ethiopia coffees like this one are produced from traditional Ethiopian varieties of Arabica long grown in the region. This is a wet-processed or “washed” coffee, meaning the fruit skin and pulp were removed from the beans immediately after harvesting and before drying. Bluebeard Coffee Roasters’ motto is “The Perfect Medium.” The Tacoma, Washington-based company aims at roasting deep enough to develop sweetness and depth, light enough to leave each coffees’ subtleties intact. Visit www.bluebeardcoffee.com for more information.', 'desc_3': 'A dynamic Ethiopia cup with high-toned fruit notes and bittersweet florals, all enveloped in crisp cocoa.', 'roast': 'Medium-Light', 'rating': 93.0, 'loc_country': 'United States'}, {'name': 'Ethiopia Guji', 'origin_1': 'Guji Zone', 'origin_2': 'Oromia Region', 'desc_1': 'Crisply sweet, balanced. Baker’s chocolate, apricot, magnolia, cedar, almond in aroma and cup. Sweet-tart in structure with brisk acidity; velvety-smooth mouthfeel. The finish centers around apricot and magnolia in the short, with cedar and baker’s chocolate returning in the long. ', 'desc_2': 'Certified organic and produced from distinctive, largely indigenous varieties of Arabica long grown in the region. Ethiopia coffees like this one processed by the wet or washed method (fruit skin and pulp is removed before drying) typically express great aromatic complexity and intensity with a particular emphasis on citrus and floral notes. Santa Cruz-based North Coast Roasting Company has a global sourcing program for the highest-quality organic-certified green coffee, hand-roasted in small batches. Visit www.northcoastroasting.com for more information.', 'desc_3': 'A balanced washed-process Ethiopia cup with pleasing notes of stone fruit and baker’s chocolate as throughlines.', 'roast': 'Medium-Light', 'rating': 90.0, 'loc_country': 'United States'}, {'name': 'Alaka Ethiopia', 'origin_1': 'Hambela Wamena', 'origin_2': 'Guji Zone', 'desc_1': 'Crisply sweet-tart, balanced. Pear, almond butter, magnolia, baking chocolate, molasses in aroma and cup. Brightly sweet-tart structure with lively acidity; crisp, satiny mouthfeel. Finish consolidates to notes of almond, pear and baking chocolate.', 'desc_2': 'Certified USDA organic. Produced at the Hambela Coffee Estate, owned and operated by METAD farm and mill. Southern Ethiopia produces distinctive coffees from traditional varieties of Arabica long grown in the region. JBC Coffee Roasters’ vision is simple: “let the coffee lead the way” through sourcing and roasting the best and most unique coffees available and rewarding the farmers who grow those coffees with substantial premiums. Visit www.jbccoffeeroasters.com or call 608-256-5282 for more information.', 'desc_3': 'A relaxing, laid-back Ethiopia cup with pretty almond and pear notes supported by crisp chocolate.', 'roast': 'Medium-Light', 'rating': 94.0, 'loc_country': 'United States'}]","The **closest match is Document 2: Ethiopia Idido Wegida**.

**Why it fits best:**
- **Lightly roasted Ethiopian coffee** — roast level is **Medium-Light**
- **Apricot** note — explicitly listed
- **Almond butter** note — explicitly listed
- **Long sweet finish** — described as a **flavor-saturated finish** with **maple syrup, dried apricot**, and **cocoa-toned almond butter**
- **Cherry brandy** isn’t named directly, but the coffee’s **sweet-tart fruit character** and **stone-fruit complexity** are the closest match among the options

**Best match summary:**
- **Coffee Name:** Ethiopia Idido Wegida
- **Origin:** Yirgacheffe
- **Processing:** Washed
- **Roast:** Medium-Light
- **Key notes:** Maple syrup, almond butter, dried apricot, cocoa nib, baking spices

If you want, I can also rank the **top 3 closest matches** from the list."
High-scoring organic natural-process coffee with sweet-tart structure and plush mouthfeel,"[{'name': 'COE Brazil Naturals 2017 Sitio Esperanza 7th place', 'origin_1': 'Mantiqueira De Minas Growing Region', 'origin_2': 'Southern Minas Gerais State', 'desc_1': 'High-toned, richly sweet-tart. Baker’s chocolate, hibiscus tea, floral vanilla, tangerine zest, brown sugar in aroma and cup. Sweetly bright in structure, with gentle acidity; plush, syrupy mouthfeel. The sweetly tart finish is gently drying, consolidating around notes of hibiscus tea and baker’s chocolate.', 'desc_2': ' This coffee tied for the second-highest rating in a cupping of coffees from Brazil for Coffee Review’s May 2018 tasting report. As a green coffee, it also took seventh place in the 2017 Cup of Excellence juried competition for natural or dry-processed Brazil coffees, meaning coffees that were dried in the entire fruit rather than after the fruit has been removed, as is the case with wet- or “washed”-processed coffees. Naturals form the backbone of the Brazil coffee industry, but this prize-winning lot reflects a particularly refined approach to the method. Dragonfly Coffee is a Boulder, Colorado-based micro-roaster that produces high-quality coffees and supports worthy causes. Visit www.dragonflycoffeeroasters.com or call 303-579-2154 for more information.', 'desc_3': 'A crisp, chocolate-toned Brazil natural cup, with inviting notes of dried hibiscus and vanilla-like florals.', 'roast': 'Medium-Light', 'rating': 92.0, 'loc_country': 'United States'}, {'name': 'Organic Suke Quto Ethiopia', 'origin_1': 'Guji Zone', 'origin_2': 'Oromia Region', 'desc_1': 'Overarchingly sweet, richly savory. Nectarine, sandalwood, marzipan, spearmint, freesia-like flowers in aroma and cup. Deeply sweet structure with a tart, vibrant acidity; nectar-like mouthfeel. Rich-toned finish with marzipan notes lingering into the long.', 'desc_2': 'This exceptional coffee was selected as the No. 16 coffee on Coffee Review’s list of the Top 30 Coffees of 2020.\xa0 The coffee tied for the second-highest rating in a cupping of “desert-island coffees” submitted by roasters for Coffee Review’s May 2020 tasting report. Produced by Ato Tesfaye Bekele and processed by the honey method, which means that the outer skin is removed as it is in the wet or washed process, but at least some of the sticky fruit residue is allowed to dry on the bean. Founded in 2015, the Greater Goods mission is to enrich the lives of coffee-drinkers through passion, creativity, innovation and commitment to the consistency of the specialty coffee the company roasts, and through the local causes supported with its proceeds. Visit greatergoodsroasting.com or call 512-858-2680 for more information.', 'desc_3': 'Juicy, flamboyantly layered honey-processed Ethiopia coffee with notes of tart stone fruit, rich aromatic wood and undertones of fresh-cut spearmint.', 'roast': 'Medium-Light', 'rating': 95.0, 'loc_country': 'United States'}, {'name': 'Colombia Granja La Esperanza Java Anaerobic', 'origin_1': 'Valle Del Cauca Growing Region', 'origin_2': 'Colombia', 'desc_1': 'Crisp, tangy, richly sweet-tart-savory. Vanilla yogurt, guava, dark chocolate, sassafras, sandalwood in aroma and cup. Sweetly tart with savory undertones and tangy acidity; very full, syrupy-smooth mouthfeel. The resonant flavor-saturated finish carries forward all of the notes from the cup.', 'desc_2': 'This exceptional coffee was selected as the No. 19 coffee on Coffee Review’s list of the Top 30 Coffees of 2020.\xa0 Produced by Rigoberto Herrera at Granja La Esperanza in Colombia, a producer that specializes in innovation, in this case applying an anaerobic (limited oxygen ferment) processing method to the rare Java variety of Arabica. Bird Rock Coffee Roasters is a retailer and wholesaler focused on organic and socially responsible coffees; it was awarded the “2012 Micro-Roaster of the Year” title by Roast Magazine. Visit www.birdrockcoffee.com or call 858-551-1707 for more information.', 'desc_3': 'A startlingly unusual yet inviting anaerobically processed Colombia Java, ideal for the coffee adventurer with its original aromatics conveyed in layers of sweetness, savory depth, and lactic tang.', 'roast': 'Medium-Light', 'rating': 95.0, 'loc_country': 'United States'}, {'name': 'Sweet Collection Blend', 'origin_1': 'Colombia', 'origin_2': 'Guatemala', 'desc_1': 'Evaluated as espresso. Rich-toned, gently fruit-forward. Pomegranate, baking chocolate, narcissus, cedar, almond butter in aroma and small cup. Crisp, velvety mouthfeel; chocolaty, subtly fruit-toned finish. In three parts milk, tart fruit notes soften and baking chocolate and narcissus come forward.', 'desc_2': 'A blend of washed- and honey-processed coffees from Colombia and a washed Guatemala, roasted for espresso. CofFeeling Coffee is based in Kaohsiung City in southern Taiwan. Visit www.coffeelingcafe.com or call +886-7-285-5300 for more information.', 'desc_3': 'A balanced blend of both washed- and natural-processed coffees with delicate fruit and deep chocolate and nut tones throughout. Particularly pretty in milk.', 'roast': 'Medium-Light', 'rating': 93.0, 'loc_country': 'Taiwan'}, {'name': 'Colombia Castillo Fruit Maceration Series (Grape)', 'origin_1': 'Armenia', 'origin_2': 'Quindio Department', 'desc_1': 'Candy-like, chocolaty. Jolly Roger candy, baking chocolate, bay leaf, crisped rice, cedar in aroma and cup. Tart-leaning structure with brisk acidity; full, satiny mouthfeel. Crisply tart finish with fruit and aromatic wood impulses.', 'desc_2': 'Produced by Jairo Arcila and Cofinet of Finca Santa Monica entirely of the Castillo variety of Arabica, and processed by an experimental fruit maceration process in which the whole fruit is first fermented in an anaerobic (limited oxygen) environment with wine yeasts and macerated fruit. After fermentation, the coffee cherries are pulped and placed to dry on raised beds with macerated fruits until the ideal moisture content is achieved. Founded in 2013, modcup coffee focuses on fresh roasting and distinctive natural-processed coffees. Visit modcup.com for more information.', 'desc_3': 'A very sweet experimental Colombia cup that suggests the flavor of certain hard candies, complicated by a pleasing tartness and crisp, bracing chocolate.', 'roast': 'Light', 'rating': 93.0, 'loc_country': 'United States'}]","The **best match** for **“high-scoring organic natural-process coffee with sweet-tart structure and plush mouthfeel”** is:

## **COE Brazil Naturals 2017 Sitio Esperanza 7th place**
- **Process:** Natural / dry-processed
- **Structure:** **Sweetly bright**, with **gentle acidity**
- **Mouthfeel:** **Plush, syrupy**
- **Flavor:** Baker’s chocolate, hibiscus tea, floral vanilla, tangerine zest, brown sugar
- **Quality Rating:** **92**
- **Roast Level:** **Medium-Light**

### Why it fits
This coffee most directly matches your request because it’s:
- **Natural-process**
- Has a clearly **sweet-tart** profile
- Features a **plush, syrupy mouthfeel**
- Comes from a **high-scoring competition lot**

### If you want an even more vivid sweet-tart option:
**Colombia Granja La Esperanza Java Anaerobic**  
- **Very full, syrupy-smooth mouthfeel**
- **Sweetly tart** with tangy acidity
- More **savory/fermented complexity** than the Brazil natural

If you want, I can also rank all 5 coffees from **most to least aligned** with your flavor description."
"Refined single-origin Ethiopian coffee for someone who likes crisp fruitiness, floral notes, and rich syrupy body","[{'name': 'Ardent Ethiopia Natural', 'origin_1': 'Sidamo (Also Sidama) Growing Region', 'origin_2': 'South-Central Ethiopia', 'desc_1': 'Delicately sweet-tart, richly and intricately aromatic, deep-toned. Dried hibiscus flowers, bergamot, frankincense, lychee, boysenberry in aroma and cup. Confidently sweet-tart structure with sparkling acidity; silky, buoyant mouthfeel. The long, lingering flavor-saturated finish intoxicatingly blurs fruit and floral notes.', 'desc_2': 'This exceptional coffee was selected as the No. 5 coffee on Coffee Review’s list of the Top 30 Coffees of 2020.\xa0 A green coffee from Ardent Coffees, a newer specialized exporter of Ethiopia coffees. Southern Ethiopia coffees like this one are largely produced from distinctive indigenous Ethiopian landrace varieties of Arabica long grown in their respective regions. This is a dry-processed or “natural” version (coffee is dried inside the entire fruit). JBC Coffee Roasters’ vision is simple: “let the coffee lead the way” through sourcing and roasting the best and most unique coffees available and rewarding the farmers who grow those coffees with substantial premiums. Visit www.jbccoffeeroasters.com or call 608-256-5282 for more information.', 'desc_3': 'A natural-processed Ethiopia cup unique and thrilling in its dried fruit and floral aromatics carried by a flawless structure: high-toned, elegant, complex, complete.', 'roast': 'Medium-Light', 'rating': 97.0, 'loc_country': 'United States'}, {'name': 'Banco Gotete Ethiopia', 'origin_1': 'Yirgacheffe Growing Region', 'origin_2': 'Southern Ethiopia', 'desc_1': 'Delicate, richly floral, sweetly spice-toned. Almond nougat, white peach, pink peppercorn, wisteria-like flowers, fragrant sandalwood in aroma and cup. Richly bittersweet structure with vibrant, juicy acidity; plush, syrupy mouthfeel. Resonant, flavor-saturated finish centers around peach, wisteria and sandalwood.', 'desc_2': 'Southern Ethiopia coffees like this one are produced largely from traditional indigenous Ethiopian varieties of Arabica long grown in the region. This lot was processed by the wet or washed method (fruit skin and pulp are removed before drying). Ethiopia coffees processed with this method typically express great aromatic complexity and intensity, with a particular emphasis on floral notes. JBC Coffee Roasters’ vision is simple: “let the coffee lead the way” through sourcing and roasting the best and most unique coffees available and rewarding the farmers who grow those coffees with substantial premiums. Visit www.jbccoffeeroasters.com or call 608-256-5282 for more information. ', 'desc_3': 'A nuanced, multi-layered washed Ethiopia cup with a deep floral profile and energetic lift from an elegant spice throughline.', 'roast': 'Medium-Light', 'rating': 94.0, 'loc_country': 'United States'}, {'name': 'Gedeb Yirgacheffe Ethiopia', 'origin_1': 'Gedeb District', 'origin_2': 'Gedeo Zone', 'desc_1': 'Crisp, balanced, richly sweet. Maple syrup, apricot, hop flowers, nougat, roasted cacao nib in aroma and cup. Sweet-savory structure with lively acidity; full, satiny mouthfeel. Notes of maple syrup and apricot pleasantly dominate the finish, with enticing hints of bittersweet, hop-like florals.', 'desc_2': 'This coffee tied for the third-highest rating in a cupping of coffees roasted by women for Coffee Review‘s April 2018 tasting report. Southern Ethiopia coffees like this one are produced from traditional Ethiopian varieties of Arabica long grown in the region. This is a wet-processed or “washed” coffee, meaning the fruit skin and pulp were removed from the beans immediately after harvesting and before drying. Bluebeard Coffee Roasters’ motto is “The Perfect Medium.” The Tacoma, Washington-based company aims at roasting deep enough to develop sweetness and depth, light enough to leave each coffees’ subtleties intact. Visit www.bluebeardcoffee.com for more information.', 'desc_3': 'A dynamic Ethiopia cup with high-toned fruit notes and bittersweet florals, all enveloped in crisp cocoa.', 'roast': 'Medium-Light', 'rating': 93.0, 'loc_country': 'United States'}, {'name': 'Ethiopia Halo Hartume Daniel Mijane', 'origin_1': 'Yirgacheffe Growing Region', 'origin_2': 'Southern Ethiopia', 'desc_1': 'Delicately vibrant, crisply sweet-tart. Peach, cocoa nib, lilac, pink grapefruit zest, pistachio in aroma and cup. Balanced, sweetly tart in structure; richly silky mouthfeel. The satisfying finish consolidates to notes of cocoa-toned stone fruit.', 'desc_2': 'Southern Ethiopia coffees like this one are largely produced from traditional Ethiopian varieties of Arabica long grown in the region. This lot was processed by the wet or washed method (fruit skin and pulp are removed before drying). Southern Ethiopia coffees processed with this method typically express great aromatic complexity and intensity, with a particular emphasis on floral notes. Old World Coffee Lab is a specialty coffee roaster with cafes in Reno and Carson City, Nevada. Visit www.oldworldcoffee.co for more information.\xa0', 'desc_3': 'A high-toned, elegant washed Yirgacheffe cup with a floral and stone fruit throughline.', 'roast': 'Medium-Light', 'rating': 94.0, 'loc_country': 'United States'}, {'name': 'Ethiopia Guji Natural', 'origin_1': 'Guji Zone', 'origin_2': 'Oromia Region', 'desc_1': 'Deeply sweet, rich-toned, bright and lively. Red grape, baking chocolate, marshmallow, macadamia nut, lime zest in aroma and cup. Sweet in structure with bright, balanced acidity; full, satiny-smooth mouthfeel. The cleanly fruit-toned finish is pleasantly complicated by notes of macadamia nut and lime zest.', 'desc_2': 'This coffee tied for the second-highest rating in a cupping of coffees roasted by Black-owned coffee companies for Coffee Review’s August 2020 report. Southern Ethiopia coffees like this one are largely produced from distinctive indigenous Ethiopian varieties of Arabica long grown in the region. Processed by the natural method (dried in the whole fruit). Atlanta’s Portrait Coffee was designed “to change the picture that comes to mind when folks think of specialty coffee — to include the black and brown folks who have been cropped out.” Visit www.portrait.coffee for more information.', 'desc_3': 'A friendly natural-processed Ethiopia cup with a fruit-centered character balanced by deep, creamy nut tones and lively lime zest.', 'roast': 'Light', 'rating': 94.0, 'loc_country': 'United States'}]","For **crisp fruitiness, floral notes, and a rich syrupy body**, my top pick from your context is:

**1) Banco Gotete Ethiopia (Yirgacheffe, washed)**
- **Why it fits:**  
  - **Floral:** wisteria-like flowers, sandalwood  
  - **Fruit:** white peach  
  - **Body:** **plush, syrupy mouthfeel**  
  - **Structure:** vibrant, juicy acidity with a rich bittersweet backbone
- **Roast:** Medium-Light  
- **Best for:** Someone who wants a **refined, elegant Ethiopia** with clear florals and a silky, syrupy cup

**Runner-up: Ardent Ethiopia Natural (Sidama, natural)**
- **Why it fits:**  
  - **Fruit + floral blend:** lychee, boysenberry, dried hibiscus, bergamot  
  - **Body:** silky and buoyant  
  - **Profile:** more **intoxicating and complex**, with dried-fruit intensity from natural processing
- **Roast:** Medium-Light  
- **Best for:** If you want the cup to lean more **juicy, aromatic, and layered**

**Also worth considering:**
- **Ethiopia Halo Hartume Daniel Mijane** — if you want a **crisper, more stone-fruit-forward washed cup** with lilac and pink grapefruit zest
- **Gedeb Yirgacheffe Ethiopia** — if you want **sweetness and florals** with maple/apricot depth, though it’s a bit more sweet-cocoa than “bright floral”
- **Ethiopia Guji Natural** — fruitier and deeper-toned, but less floral than Banco Gotete

**My recommendation:**  
If you want the most balanced match for your description, go with **Banco Gotete Ethiopia**.  
If you want a slightly more vivid, fruity, and aromatic natural-process expression, choose **Ardent Ethiopia Natural**.

If you’d like, I can also rank these by **most floral**, **most fruity**, or **most syrupy body**."
"Black Oak Coffee Roasters Ethiopia Hambela Alaka medium-light roast from Hambela Wamena District, Guji Zone, United States, rating 93","[{'name': 'Ethiopia Hambela Alaka', 'origin_1': 'Hambela Wamena District', 'origin_2': 'Guji Zone', 'desc_1': 'Very delicate, sweetly savory. Lemon verbena, allspice, dried persimmon, dogwood, baker’s chocolate in aroma and cup. Balanced, sweet-savory structure; velvety-smooth mouthfeel. The sweetly herb-toned finish centers on notes of lemon verbena and dried persimmon wrapped in baker’s chocolate.', 'desc_2': 'This coffee tied for the second-highest rating in a tasting of 71 organic-certified coffees from Africa for Coffee Review’s November 2017 tasting report. Southern Ethiopia produces distinctive coffees from traditional varieties of Arabica long grown in the region. This lot was processed by the wet or washed method (fruit skin and pulp are removed before drying). Certified USDA organic. Artisan coffee-roasters in the northern California town of Ukiah, Black Oak’s mission is to bring to life each carefully selected coffee’s unique origins. For more information, visit www.blackoakcoffee.com.', 'desc_3': 'A delicate, richly sweet wet-processed Ethiopia: spice, herb, fruit and flowers in intricate balance.', 'roast': 'Medium-Light', 'rating': 93.0, 'loc_country': 'United States'}, {'name': 'Alaka Ethiopia', 'origin_1': 'Hambela Wamena', 'origin_2': 'Guji Zone', 'desc_1': 'Crisply sweet-tart, balanced. Pear, almond butter, magnolia, baking chocolate, molasses in aroma and cup. Brightly sweet-tart structure with lively acidity; crisp, satiny mouthfeel. Finish consolidates to notes of almond, pear and baking chocolate.', 'desc_2': 'Certified USDA organic. Produced at the Hambela Coffee Estate, owned and operated by METAD farm and mill. Southern Ethiopia produces distinctive coffees from traditional varieties of Arabica long grown in the region. JBC Coffee Roasters’ vision is simple: “let the coffee lead the way” through sourcing and roasting the best and most unique coffees available and rewarding the farmers who grow those coffees with substantial premiums. Visit www.jbccoffeeroasters.com or call 608-256-5282 for more information.', 'desc_3': 'A relaxing, laid-back Ethiopia cup with pretty almond and pear notes supported by crisp chocolate.', 'roast': 'Medium-Light', 'rating': 94.0, 'loc_country': 'United States'}, {'name': 'Ethiopia Hambela Alaka', 'origin_1': 'Hambela Wamena District', 'origin_2': 'Guji Zone', 'desc_1': 'High-toned, crisply sweet-tart. Apricot, almond, maple syrup, narcissus-like flower, cedar in aroma and cup. Sweetly tart structure with bright, juicy acidity; satiny mouthfeel. Resonant, flavor-saturated finish: apricot and narcissus in the short with cedar resurfacing in the long.', 'desc_2': 'Southern Ethiopia produces distinctive coffees from traditional, largely indigenous varieties of Arabica long grown in the region. This lot was processed by the wet or washed method (fruit skin and pulp are removed before drying). Big Creek Coffee Roasters is a small, quality-oriented batch roaster located in Montana’s Bitterroot Valley. Visit www.bigcreekcoffeeroasters.com or call 406-375-7508 for more information.', 'desc_3': 'A balanced, classic Ethiopia wet-processed cup: cocoa- and citrus-toned with sweet florals throughout.', 'roast': 'Medium-Light', 'rating': 93.0, 'loc_country': 'United States'}, {'name': 'Ethiopia Suke Quto', 'origin_1': 'Guji Zone', 'origin_2': 'Oromia Region', 'desc_1': 'Delicate, sweetly spice-toned. Pink peppercorn, date, myrrh, lavender, roasted cacao nib in aroma and cup. Crisp, spice-toned structure with citrus-like acidity; satiny, very smooth mouthfeel. The crisply sweet finish centers around spice and pungent floral notes.', 'desc_2': 'This coffee tied for the third-highest rating in a tasting of 71 organic-certified coffees from Africa for Coffee Review’s November 2017 tasting report. Southern Ethiopia coffees like this one are produced from traditional Ethiopian varieties of Arabica long grown in the region. When processed by the wet or washed method (fruit skin and pulp are removed before drying) they typically express great aromatic complexity and intensity with a particular emphasis on floral notes. Like virtually all southern Ethiopia coffees, this one is produced by villagers on small, garden plots interplanted with food and other subsistence crops. Roast House is a small-batch, quality-focused roaster specializing in farm-direct organic-certified and Fair Trade Certified coffees. Visit roasthousecoffee.com or call 509-995-6500 for more information.', 'desc_3': 'Lavender-like flowers and hints of zesty pink peppercorn animate this crisply sweet wet-processed Ethiopia cup.', 'roast': 'Medium-Light', 'rating': 92.0, 'loc_country': 'United States'}, {'name': 'Ethiopia Natural Guji Hambela SASA Lot 10', 'origin_1': 'Guji Zone', 'origin_2': 'Oromia Region', 'desc_1': 'Richly sweet-tart, deeply berry-toned. Fresh blueberry, rhododendron, Meyer lemon zest, dark chocolate, fresh-cut oak in aroma and cup. Sweet-toned structure with gentle, round acidity; very syrupy-smooth mouthfeel. Finish consolidates to notes of blueberry and dark chocolate with oak undertones.', 'desc_2': '\xa0Southern Ethiopia coffees like this one are largely produced from distinctive indigenous Ethiopian landrace varieties of Arabica long grown in the region. Processed by the natural method (dried in the whole fruit). Kakalove Cafe is a nano-roaster located in the small city of Chia-Yi in Taiwan that strives to procure and roast the finest quality coffee. Visit www.kakalovecafe.com.tw or email [email\xa0protected] for more information.\xa0', 'desc_3': 'A richly berry-toned Ethiopia natural: clean, crisp, richly juicy.', 'roast': 'Light', 'rating': 93.0, 'loc_country': 'Taiwan'}]","**Black Oak Coffee Roasters Ethiopia Hambela Alaka** is a **medium-light roast** from the **Hambela Wamena District, Guji Zone, Ethiopia** with a **93 rating**.

**What it tastes like:**
- **Very delicate, sweet-savory**
- Notes of **lemon verbena, allspice, dried persimmon, dogwood, and baker’s chocolate**
- **Balanced, sweet-savory structure**
- **Velvety-smooth mouthfeel**
- Finish leans **herby, sweet, and chocolatey**

**Processing / style:**
- The context indicates this lot is **wet/washed processed**
- Washed Ethiopian coffees like this often show **bright clarity, floral aromatics, and layered sweetness**

**Roast level:**
- **Medium-light**
- Best suited for brewing methods that highlight clarity and complexity

**Best brewing style for this coffee:**
- **Pour-over (V60, Kalita, Chemex)** for the floral and citrus-spice notes
- **AeroPress** if you want a rounder, slightly sweeter cup
- Use a **clean, medium-fine grind** to bring out the delicate structure

If you want, I can also turn this into a **brew recipe** for V60, AeroPress, or espresso."
"Delicate washed Ethiopian coffee with floral-herbal spice, dried fruit sweetness, and a smooth velvety body","[{'name': 'Ethiopia Yirgacheffe Botabaa Washed G1 21/01', 'origin_1': 'Ochere Woreda', 'origin_2': 'Gedeo Zone', 'desc_1': 'Sweetly tart, decidedly tropical. Ginger blossom, passionfruit, kukui nut, lemon verbena, sugarcane in aroma and cup. Sweet-tart structure with juicy, high-toned acidity; plush, syrupy mouthfeel. The finish is resonant, long, and flavor-saturated.', 'desc_2': 'Southern Ethiopia produces distinctive coffees from largely indigenous, traditional varieties of Arabica long grown in the region. Coffees like this one processed by the wet or washed method (fruit skin and pulp is removed before drying) typically express great aromatic complexity and intensity with a particular emphasis on citrus and floral notes. Kakalove Café is a nano-roaster located in the small city of Chia-Yi in Taiwan that strives to procure and roast the finest quality coffee. Visit www.kakalovecafe.com.tw or email [email\xa0protected] for more information.', 'desc_3': 'A high-toned, juicy-tart, downright heady washed Ethiopia cup with distinct tropical leanings.', 'roast': 'Medium-Light', 'rating': 94.0, 'loc_country': 'Taiwan'}, {'name': 'Ardent Ethiopia Natural', 'origin_1': 'Sidamo (Also Sidama) Growing Region', 'origin_2': 'South-Central Ethiopia', 'desc_1': 'Delicately sweet-tart, richly and intricately aromatic, deep-toned. Dried hibiscus flowers, bergamot, frankincense, lychee, boysenberry in aroma and cup. Confidently sweet-tart structure with sparkling acidity; silky, buoyant mouthfeel. The long, lingering flavor-saturated finish intoxicatingly blurs fruit and floral notes.', 'desc_2': 'This exceptional coffee was selected as the No. 5 coffee on Coffee Review’s list of the Top 30 Coffees of 2020.\xa0 A green coffee from Ardent Coffees, a newer specialized exporter of Ethiopia coffees. Southern Ethiopia coffees like this one are largely produced from distinctive indigenous Ethiopian landrace varieties of Arabica long grown in their respective regions. This is a dry-processed or “natural” version (coffee is dried inside the entire fruit). JBC Coffee Roasters’ vision is simple: “let the coffee lead the way” through sourcing and roasting the best and most unique coffees available and rewarding the farmers who grow those coffees with substantial premiums. Visit www.jbccoffeeroasters.com or call 608-256-5282 for more information.', 'desc_3': 'A natural-processed Ethiopia cup unique and thrilling in its dried fruit and floral aromatics carried by a flawless structure: high-toned, elegant, complex, complete.', 'roast': 'Medium-Light', 'rating': 97.0, 'loc_country': 'United States'}, {'name': 'Ethiopia COE 2nd place Washed Sidamo Rumudamo', 'origin_1': 'Arbegona', 'origin_2': 'Sidama (Also Sidamo) Growing Region', 'desc_1': 'Crisp, delicately sweet-tart, intricately floral. Narcissus, lime zest, apricot, pipe tobacco, agave syrup in aroma and cup. Sweet-toned with lyrical, juicy acidity; silky, buoyant mouthfeel. Vermouth-like, richly dry finish.', 'desc_2': 'Produced entirely from trees of the admired 74110 selection of Ethiopia Arabica and processed by the washed method (fruit skin and pulp are removed before drying). Kakalove Café is a nano-roaster located in the small city of Chia-Yi in Taiwan that strives to procure and roast the finest quality coffee. Visit www.kakalovecafe.com.tw or email [email\xa0protected] for more information.', 'desc_3': 'An elegant, light-footed, deeply floral washed Ethiopia cup.', 'roast': 'Medium-Light', 'rating': 94.0, 'loc_country': 'Taiwan'}, {'name': 'Ethiopia Yirgacheffe Botabaa G1', 'origin_1': 'Yirgacheffe Growing Region', 'origin_2': 'Southern Ethiopia', 'desc_1': 'Citrusy and spice-toned. Lemon verbena, gardenia-like flowers, sandalwood, caramel, pink peppercorn in aroma and cup. Richly sweet-tart in structure with vibrant acidity; full, satiny mouthfeel. The finish consolidates to lemon verbena and sandalwood in the short, with caramel resurfacing in the long.', 'desc_2': 'Southern Ethiopia coffees like this one are produced from traditional, largely indigenous varieties of Arabica long grown in the region. This lot was processed by the wet or washed method (fruit skin and pulp are removed before drying). Southern Ethiopia coffees processed with this method typically express great aromatic complexity and intensity, with a particular emphasis on floral notes. De Clieu Coffee is a Taiwan-based roaster whose mission it is to explore extraordinary coffees. For more information, visit https://m.facebook.com/declieucoffeetaipei.', 'desc_3': 'A citrus-driven wet-processed Ethiopia cup with fragrant aromatic wood notes throughout.', 'roast': 'Medium-Light', 'rating': 92.0, 'loc_country': 'Taiwan'}, {'name': 'Banco Gotete Ethiopia', 'origin_1': 'Yirgacheffe Growing Region', 'origin_2': 'Southern Ethiopia', 'desc_1': 'Delicate, richly floral, sweetly spice-toned. Almond nougat, white peach, pink peppercorn, wisteria-like flowers, fragrant sandalwood in aroma and cup. Richly bittersweet structure with vibrant, juicy acidity; plush, syrupy mouthfeel. Resonant, flavor-saturated finish centers around peach, wisteria and sandalwood.', 'desc_2': 'Southern Ethiopia coffees like this one are produced largely from traditional indigenous Ethiopian varieties of Arabica long grown in the region. This lot was processed by the wet or washed method (fruit skin and pulp are removed before drying). Ethiopia coffees processed with this method typically express great aromatic complexity and intensity, with a particular emphasis on floral notes. JBC Coffee Roasters’ vision is simple: “let the coffee lead the way” through sourcing and roasting the best and most unique coffees available and rewarding the farmers who grow those coffees with substantial premiums. Visit www.jbccoffeeroasters.com or call 608-256-5282 for more information. ', 'desc_3': 'A nuanced, multi-layered washed Ethiopia cup with a deep floral profile and energetic lift from an elegant spice throughline.', 'roast': 'Medium-Light', 'rating': 94.0, 'loc_country': 'United States'}]","The best match is **Document 5: Banco Gotete Ethiopia**.

**Why it fits best:**
- **Washed Ethiopian**: matches your “delicate washed Ethiopian coffee” cue.
- **Floral + spice**: it has **wisteria-like flowers** and **pink peppercorn / sandalwood**.
- **Dried fruit sweetness**: the sweetness is more **white peach** and nougat-like than explicitly dried fruit, but it’s still the closest overall.
- **Smooth velvety body**: described as **plush, syrupy mouthfeel**, which aligns well with “smooth velvety body.”

**Closest runner-up:**  
- **Document 4: Ethiopia Yirgacheffe Botabaa G1** — also washed, floral-spice, and satiny, but it leans more **citrus and wood** than dried fruit sweetness.

If you want, I can also help translate that description into a **coffee review-style flavor note** or suggest **brew settings** to highlight those floral and velvety traits."
"Sweet-savory light-medium roast with lemony herbs, baking spice, chocolate, and a silky finish","[{'name': 'Thanksgiving Blend', 'origin_1': 'Africa', 'origin_2': 'Indonesia', 'desc_1': 'Sweetly roast-toned, chocolaty. Baker’s chocolate, gently scorched cedar, almond, raisin, molasses in aroma and cup. Sweet-toned in structure with gentle acidity; creamy-smooth mouthfeel. The lingering finish leads with notes of raisin and almond in the short, with rich cedar tones in the long and chocolate throughout.', 'desc_2': 'A blend of coffees from Africa, Indonesia and South America. Mystic Monk Coffee is a small-batch roaster associated with a Carmelite monastery located in the Rocky Mountains of northern Wyoming. The monks emphasize an artisan approach to roasting and a commitment to quality. Visit www.mysticmonkcoffee.com or call 877-751-6377 for more information.', 'desc_3': 'A pleasing chocolate-first holiday blend for those who prefer an adeptly darker-roasted coffee.', 'roast': 'Medium', 'rating': 90.0, 'loc_country': 'United States'}, {'name': 'Golden Parrot Blend', 'origin_1': 'Guatemala', 'origin_2': 'Colombia', 'desc_1': 'Evaluated as espresso. Complex, multilayered, cerebral. Dark chocolate, petrichor, ripe pluot, tiger lily, pink peppercorn in aroma and small cup. Lush, syrupy mouthfeel; crisp, rich-toned finish. Layers of aroma and flavor in three parts milk, from sweet pluot and dark chocolate to spice-toned tiger lily and pink peppercorn in the finish.', 'desc_2': 'A blend of three coffees — a washed Guatemala, a washed Colombia, and a natural-processed Ethiopia — roasted for espresso. Kakalove Café is a nano-roaster located in the small city of Chia-Yi in Taiwan that strives to procure and roast the finest quality coffee. Visit www.kakalovecafe.com.tw or email [email\xa0protected] for more information.', 'desc_3': 'Heady, nuanced, deep — the shot in milk, in particular, is enchantingly sweet, enigmatically savory, integrated and harmonious.', 'roast': 'Medium', 'rating': 95.0, 'loc_country': 'Taiwan'}, {'name': 'Colombia La Gallera Estate', 'origin_1': 'Tolima Department', 'origin_2': 'Colombia', 'desc_1': 'Gently bright, richly floral. Raspberry, dark chocolate, macadamia nut, star jasmine, maple syrup in aroma and cup. Sweet-tart-savory structure with straightforward acidity; plush, velvety-smooth mouthfeel. Quietly juicy, round finish with notes of raspberry and dark chocolate. ', 'desc_2': 'Produced by Jose Juaquin of La Gallera Estate from trees of the admired Bourbon and Sidra varieties of Arabica and processed by the honey method, in which some fruit flesh (“honey”) is allowed to adhere to the beans during drying. Evie’s Café, based in Chia-Yi Taiwan, specializes in fine roasted coffees as well as pour-overs and cold-brews. Visit https://m.facebook.com/eviescafe88/ for more information.', 'desc_3': 'A honey-processed Colombia with the vibrant sweetness and elegant balance we might expect from a coffee composed of the distinguished Sidra and Bourbon varieties. ', 'roast': 'Light', 'rating': 94.0, 'loc_country': 'Taiwan'}, {'name': 'Ka’u Pink Honey', 'origin_1': ""Ka'U District"", 'origin_2': 'Big Island Of Hawai’I', 'desc_1': 'Tropically sweet, floral-driven. Star jasmine, mango, date, macadamia nut, amber in aroma and cup. Sweet-tart structure with gently bright acidity; delicately confident acidity. Resonantly fruit- and floral-toned finish.', 'desc_2': 'Produced at Miranda Farms entirely of the Red Catuaí variety of Arabica and processed by the pink honey method, in which coffee is fermented in the whole fruit before skins are removed and the beans are dried with the pinkish-toned fruit flesh or mucilage still adhering to them. Paradise Roasters specializes in micro-lot Arabica and Robusta coffees from Asia and other emerging origins. The company prides itself on quality and freshness, craft-roasting coffees in small batches only after orders are placed. Visit www.paradiseroasters.com or call 763-433-0626 for more information.', 'desc_3': 'An exciting Ka’u cup that is equal parts lushly fruit-forward and elegantly floral.', 'roast': 'Light', 'rating': 94.0, 'loc_country': 'United States'}, {'name': 'Colombia Finca El Paraiso', 'origin_1': 'Cauca', 'origin_2': 'Colombia', 'desc_1': 'Chocolaty, deeply sweet-savory. Dark chocolate, fresh ginger, plum blossom, lemon verbena, Italian parsley in aroma and cup. Savory-leaning structure with sweet undertones and crisp, citrusy acidity; lively, tannic mouthfeel. Gently drying, chocolaty and spice-toned finish.', 'desc_2': 'Produced by Diego Samuel Bermudez Tapia of the Castillo, Caturra and Colombia varieties of Arabica and processed by the double anaerobic method (subject to oxygen-restricted fermentation first in the whole fruit, then, after skins are removed, in the fruit flesh). Dory Coffee Roasters is a Taipei-based nano-roaster of specialty coffee. For more information, visit https://www.facebook.com/dorycoffee99/.', 'desc_3': 'Processed by an experimental anaerobic fermentation method that nets a savory, sweetly spicy and gingery, intriguingly unconventional cup. ', 'roast': 'Medium-Light', 'rating': 93.0, 'loc_country': 'Taiwan'}]","The closest match is **Colombia Finca El Paraiso**.

**Why it fits:**
- **Sweet-savory** structure
- **Lemony/herbal notes**: lemon verbena, Italian parsley
- **Baking spice / ginger** character
- **Chocolate**: dark chocolate
- **Silky-ish finish**: while not described as silky directly, it has a **lively, integrated medium-light profile** with a spice-toned finish that’s likely what you’re after

If you want, I can also rank the **top 3 best matches** from the list and explain the differences in plain tasting-note language."
"High-scoring organic African coffee with a balanced, nuanced cup and fruit, flower, and spice complexity","[{'name': 'Ardent Ethiopia Natural', 'origin_1': 'Sidamo (Also Sidama) Growing Region', 'origin_2': 'South-Central Ethiopia', 'desc_1': 'Delicately sweet-tart, richly and intricately aromatic, deep-toned. Dried hibiscus flowers, bergamot, frankincense, lychee, boysenberry in aroma and cup. Confidently sweet-tart structure with sparkling acidity; silky, buoyant mouthfeel. The long, lingering flavor-saturated finish intoxicatingly blurs fruit and floral notes.', 'desc_2': 'This exceptional coffee was selected as the No. 5 coffee on Coffee Review’s list of the Top 30 Coffees of 2020.\xa0 A green coffee from Ardent Coffees, a newer specialized exporter of Ethiopia coffees. Southern Ethiopia coffees like this one are largely produced from distinctive indigenous Ethiopian landrace varieties of Arabica long grown in their respective regions. This is a dry-processed or “natural” version (coffee is dried inside the entire fruit). JBC Coffee Roasters’ vision is simple: “let the coffee lead the way” through sourcing and roasting the best and most unique coffees available and rewarding the farmers who grow those coffees with substantial premiums. Visit www.jbccoffeeroasters.com or call 608-256-5282 for more information.', 'desc_3': 'A natural-processed Ethiopia cup unique and thrilling in its dried fruit and floral aromatics carried by a flawless structure: high-toned, elegant, complex, complete.', 'roast': 'Medium-Light', 'rating': 97.0, 'loc_country': 'United States'}, {'name': 'Sustainable Harvest Homacho Waeno Natural', 'origin_1': 'Aleta Wondo', 'origin_2': 'Sidama (Also Sidamo) Growing Region', 'desc_1': 'Deeply and richly sweet-savory. Orange marmalade, pipe tobacco, dried fig, dark chocolate, freesia-like flowers in aroma and cup. Bright, sweetly-tart in structure with zesty acidity; delicately satiny mouthfeel. Notes of richly savory pipe tobacco lead in the finish, paired with dried fig in the short and orange marmalade in the long.', 'desc_2': 'This coffee tied for the second-highest rating in a tasting of 71 organic-certified coffees from Africa for Coffee Review’s November 2017 tasting report. Southern Ethiopia coffees like this one are produced from distinctive traditional Ethiopian varieties of Arabica long grown in the region. Like virtually all southern Ethiopia coffees, this coffee is produced by villagers on small garden plots interplanted with food and other subsistence crops. This is a dry-processed or “natural” coffee, meaning the beans were dried inside the fruit rather than after the fruit has been removed, as is the case with wet-processed or “washed” coffees. Red E Cafe is a popular café \xa0and roastery in Portland, Oregon. For more information, visit.www.theredecafe.com.', 'desc_3': 'A natural-processed Ethiopia coffee of intriguing depth, with a wide range of aroma/flavor notes, savory pipe tobacco to high-toned, spicy florals, to crisply sweet citrus marmalade.', 'roast': 'Light', 'rating': 93.0, 'loc_country': 'United States'}, {'name': 'Organic Ethiopia Kirite', 'origin_1': 'Hambela District', 'origin_2': 'Guji Zone', 'desc_1': 'High-toned, crisply sweet. Lemon blossom, apricot, frankincense, spearmint, roasted cacao nib in aroma and cup. Balanced, complete sweet-savory structure; satiny, full mouthfeel. Sweet spearmint notes carry the cocoa-toned finish, with hints of lemon blossom and apricot.', 'desc_2': 'This coffee tied for the second-highest rating in a tasting of 71 organic-certified coffees from Africa for Coffee Review’s November 2017 tasting report. Produced by the METAD farm and mill in southern Ethiopia. Southern Ethiopia produces distinctive coffees from traditional varieties of Arabica long grown in the region. Coffees like this one processed by the wet or washed method (fruit skin and pulp is removed before drying) typically express great aromatic complexity and intensity with a particular emphasis on citrus and floral notes. Ceritifed USDA organic. Wonderstate Coffee, formerly Kickapoo Coffee, is an award-winning roaster based in rural Wisconsin known for their commitment to guaranteeing higher pay for farmers and being the country’s first 100% solar powered roastery. Visit https://wonderstate.com for more information.', 'desc_3': 'An inviting wet-processed Ethiopia cup. Invokes a walk through a citrus orchard in spring, with a bonus of sweet herb and cocoa tones.', 'roast': 'Medium-Light', 'rating': 93.0, 'loc_country': 'United States'}, {'name': 'Ethiopia Suke Quto', 'origin_1': 'Guji Zone', 'origin_2': 'Oromia Region', 'desc_1': 'Delicate, sweetly spice-toned. Pink peppercorn, date, myrrh, lavender, roasted cacao nib in aroma and cup. Crisp, spice-toned structure with citrus-like acidity; satiny, very smooth mouthfeel. The crisply sweet finish centers around spice and pungent floral notes.', 'desc_2': 'This coffee tied for the third-highest rating in a tasting of 71 organic-certified coffees from Africa for Coffee Review’s November 2017 tasting report. Southern Ethiopia coffees like this one are produced from traditional Ethiopian varieties of Arabica long grown in the region. When processed by the wet or washed method (fruit skin and pulp are removed before drying) they typically express great aromatic complexity and intensity with a particular emphasis on floral notes. Like virtually all southern Ethiopia coffees, this one is produced by villagers on small, garden plots interplanted with food and other subsistence crops. Roast House is a small-batch, quality-focused roaster specializing in farm-direct organic-certified and Fair Trade Certified coffees. Visit roasthousecoffee.com or call 509-995-6500 for more information.', 'desc_3': 'Lavender-like flowers and hints of zesty pink peppercorn animate this crisply sweet wet-processed Ethiopia cup.', 'roast': 'Medium-Light', 'rating': 92.0, 'loc_country': 'United States'}, {'name': 'Ethiopia Shakiso Mormora', 'origin_1': 'Guji Zone', 'origin_2': 'Southern Ethiopia', 'desc_1': 'Crisply sweet, cocoa-toned. Lemon blossom, roasted cacao nib, date, rice candy, white peppercorn in aroma and cup. Savory-tart structure; delicate, silky mouthfeel. The richly drying finish leads with cocoa-toned, crisply sweet floral notes in the short and a hint of spice (white peppercorn) in the long.', 'desc_2': 'This coffee tied for the third-highest rating in a tasting of 71 organic-certified coffees from Africa for Coffee Review’s November 2017 tasting report. Southern Ethiopia coffees like this one are produced from traditional Ethiopian varieties of Arabica long grown in the region. When processed by the wet or washed method (fruit skin and pulp are removed before drying) they typically express great aromatic complexity and intensity with a particular emphasis on floral notes. Like virtually all southern Ethiopia coffees, this coffee is produced by villagers on small, garden plots interplanted with food and other subsistence crops. Revel Coffee is a micro-roaster located in Billings, Montana. Its motto: “Quality is paramount — a difference you can revel in.” Visit www.revelcoffee.com or call 406-534-9621 for more information.', 'desc_3': 'A gently spice-toned, floral- driven wet-processed Ethiopia cup with pleasing notes of cocoa throughout.', 'roast': 'Medium-Light', 'rating': 92.0, 'loc_country': 'United States'}]","For a **high-scoring organic African coffee** with a **balanced, nuanced cup** and **fruit, flower, and spice complexity**, the best fit in your list is:

## **Ethiopia Suke Quto**
- **Quality Rating:** 92.0
- **Origin:** Guji Zone, Ethiopia
- **Why it fits:** It has a very **balanced, complete structure** with **floral and spice-forward complexity**.
- **Tasting notes:** **Pink peppercorn, date, myrrh, lavender, roasted cacao nib**
- **Cup style:** **Crisp, spice-toned, citrus-like acidity, satiny and very smooth**
- **Organic-certified:** Yes

### If you want the most fruit + flower intensity:
## **Ardent Ethiopia Natural**
- **Quality Rating:** 97.0
- **Origin:** Sidamo/Sidama, Ethiopia
- **Notes:** **Dried hibiscus, bergamot, frankincense, lychee, boysenberry**
- **Style:** More **wild, aromatic, and fruit-floral**, with a long finish

### Best overall match for your description:
**Ethiopia Suke Quto** — it leans most clearly into **balance, nuance, and fruit-flower-spice complexity** without becoming too dominant in one direction.

If you want, I can also rank all 5 coffees by **fruitiness, florality, spice, or balance**."
"I’m looking for a delicate washed coffee with fruit, herbs, and chocolate notes and a smooth mouthfeel","[{'name': 'Kitten Q Espresso Blend', 'origin_1': 'Ethiopia', 'origin_2': 'Nicaragua', 'desc_1': 'Evaluated as espresso. Deep-toned, richly chocolaty. Chocolate fudge, dried cherry, almond brittle, gardenia, lemon verbena in aroma and small cup. Crisp, satiny mouthfeel; chocolaty, nut-toned finish. Dessert-like in cappuccino-scaled milk with rich notes of chocolate fudge and almond brittle.', 'desc_2': 'Kakalove Café is a nano-roaster located in the small city of Chia-Yi in Taiwan that strives to procure and roast the finest quality coffee. Visit www.kakalovecafe.com.tw or email [email\xa0protected] for more information.', 'desc_3': 'Chocolaty, fruit-toned and sweetly herbaceous as a straight shot; richly fudgy and nutty in three parts milk.', 'roast': 'Medium', 'rating': 93.0, 'loc_country': 'Taiwan'}, {'name': 'Classic Blend', 'origin_1': 'Colombia', 'origin_2': 'Guatemala', 'desc_1': 'Evaluated as espresso. Deeply sweet, crisply chocolaty. Bing cherry, dark chocolate, magnolia, oak, cashew in aroma and small cup. Satiny mouthfeel; oak and cashew lead in the gently drying finish. Chocolate and bing cherry notes intensify in three parts milk.', 'desc_2': 'A blend of coffees from Colombia, Guatemala, Brazil and Ethiopia roasted for espresso. Flower Coffee Workshop is a nano-roastery and coffee shop in Taichung, Taiwan. Visit https://www.facebook.com/flowercoffee20180526/ for more information.', 'desc_3': 'This solid blend offers a richly sweet-tart straight shot and a crisply chocolaty cappuccino.', 'roast': 'Medium', 'rating': 92.0, 'loc_country': 'Taiwan'}, {'name': 'Wilderness Blend', 'origin_1': 'Ethiopia', 'origin_2': 'Kenya', 'desc_1': 'High-toned, richly sweet. Nectarine, apple blossom, redwood, dark chocolate, grapefruit zest in aroma and cup. Sweetly tart structure with bright, lively acidity; crisp, velvety-smooth mouthfeel. The finish is saturated with notes of stone fruit and apple blossom in the short, with dark chocolate and a hint of grapefruit zest resurfacing in the long.', 'desc_2': 'A blend comprised of\xa0four coffees: two Ethiopias, one washed- and one natural-processed; a Kenya; and a honey-processed El Salvador. This coffee tied for the second-highest rating in a cupping of blends for\xa0Coffee Review‘s February 2018 tasting report.\xa0Kakalove Café is a nano-roaster located in the small city of Chia-Yi in Taiwan that strives to procure and roast the finest quality coffee. Visit www.kakalovecafe.com.tw\xa0or email\xa0[email\xa0protected]\xa0for more information.', 'desc_3': 'An elegant citrusy and chocolate-toned cup, pleasingly complicated by notes of stone fruit and rich aromatic wood.', 'roast': 'Light', 'rating': 93.0, 'loc_country': 'Taiwan'}, {'name': 'Sweet Collection Blend', 'origin_1': 'Colombia', 'origin_2': 'Guatemala', 'desc_1': 'Evaluated as espresso. Rich-toned, gently fruit-forward. Pomegranate, baking chocolate, narcissus, cedar, almond butter in aroma and small cup. Crisp, velvety mouthfeel; chocolaty, subtly fruit-toned finish. In three parts milk, tart fruit notes soften and baking chocolate and narcissus come forward.', 'desc_2': 'A blend of washed- and honey-processed coffees from Colombia and a washed Guatemala, roasted for espresso. CofFeeling Coffee is based in Kaohsiung City in southern Taiwan. Visit www.coffeelingcafe.com or call +886-7-285-5300 for more information.', 'desc_3': 'A balanced blend of both washed- and natural-processed coffees with delicate fruit and deep chocolate and nut tones throughout. Particularly pretty in milk.', 'roast': 'Medium-Light', 'rating': 93.0, 'loc_country': 'Taiwan'}, {'name': 'Floral Samurai', 'origin_1': 'Colombia', 'origin_2': 'Guatemala', 'desc_1': 'Evaluated as espresso. Richly chocolaty, sweetly nut-toned. Dark chocolate, almond butter, narcissus, gently scorched cedar, date in aroma and small cup. Full, syrupy-smooth mouthfeel; crisply sweet, chocolate- and nut-toned finish. In three parts milk, chocolate notes predominate, with undertones of gently scorched cedar and narcissus.', 'desc_2': 'A blend of coffees from Colombia, Guatemala, Brazil and Ethiopia roasted for espresso. Flower Coffee Workshop is a nano-roastery and coffee shop in Taichung, Taiwan. Visit https://www.facebook.com/flowercoffee20180526/ for more information.', 'desc_3': 'An espresso blend particularly appealing in three parts milk, with sweet floral, rich chocolate, and deep nut tones. ', 'roast': 'Medium', 'rating': 93.0, 'loc_country': 'Taiwan'}]","A great match from your context would be:

**Sweet Collection Blend**

Why it fits:
- **Washed-processed blend**: The profile says it’s a blend of **washed- and honey-processed coffees** with a **washed Guatemala** in the mix.
- **Delicate fruit + chocolate**: It has **pomegranate, baking chocolate, almond butter**, and a **subtly fruit-toned finish**.
- **Smooth mouthfeel**: Described as having a **crisp, velvety mouthfeel**, which lines up nicely with your “smooth mouthfeel” preference.
- **Balanced and refined**: The notes mention **delicate fruit and deep chocolate and nut tones throughout**.

If you want something a bit brighter and more floral:
- **Wilderness Blend** is more **high-toned**, with **stone fruit, apple blossom, dark chocolate, and grapefruit zest**, plus a **velvety-smooth mouthfeel**.

If you want, I can also narrow these down by:
- **more fruit-forward**
- **more chocolate-forward**
- **best for espresso**
- **best for filter brewing**"
Wonderstate Coffee Organic Ethiopia Kirite Ethiopia Hambela District Guji Zone 93 rating Medium-Light roast November 2017,"[{'name': 'Ethiopia Gede Natural', 'origin_1': 'Shakiso District', 'origin_2': 'Guji Zone', 'desc_1': 'Evaluated as espresso. Delicate, lively, chocolate-toned. Dark chocolate, macadamia nut, date, cedar, honeysuckle in aroma and small cup. Crisp, velvety mouthfeel; clean, richly drying finish with notes of date and cedar. Balanced in three parts milk, with notes of dark chocolate supported by rich aromatic wood.', 'desc_2': 'This coffee tied for the third-highest rating in a tasting of natural-processed single-origin espressos for Coffee Review’s August 2018 tasting report. USDA organic-certified. Southern Ethiopia coffees like this one are largely produced from traditional Ethiopian varieties of Arabica long grown in the region. Processed by “natural” or dry method, meaning the beans were dried inside the fruit rather than after the fruit has been removed, as is the case with wet-processed or “washed” coffees. Like most southern Ethiopia coffees, this coffee is produced by villagers on small, garden plots interplanted with food and other subsistence crops. Wonderstate Coffee, formerly Kickapoo Coffee, is an award-winning roaster based in rural Wisconsin known for their commitment to guaranteeing higher pay for farmers and being the country’s first 100% solar powered roastery. Visit https://wonderstate.com for more information.', 'desc_3': 'A crisp, clean natural-processed espresso from Ethiopia, as richly chocolate-toned in the straight shot as it is in milk.', 'roast': 'Medium-Light', 'rating': 93.0, 'loc_country': 'United States'}, {'name': 'Ethiopia Suke Quto', 'origin_1': 'Guji Zone', 'origin_2': 'Oromia Region', 'desc_1': 'Delicate, sweetly spice-toned. Pink peppercorn, date, myrrh, lavender, roasted cacao nib in aroma and cup. Crisp, spice-toned structure with citrus-like acidity; satiny, very smooth mouthfeel. The crisply sweet finish centers around spice and pungent floral notes.', 'desc_2': 'This coffee tied for the third-highest rating in a tasting of 71 organic-certified coffees from Africa for Coffee Review’s November 2017 tasting report. Southern Ethiopia coffees like this one are produced from traditional Ethiopian varieties of Arabica long grown in the region. When processed by the wet or washed method (fruit skin and pulp are removed before drying) they typically express great aromatic complexity and intensity with a particular emphasis on floral notes. Like virtually all southern Ethiopia coffees, this one is produced by villagers on small, garden plots interplanted with food and other subsistence crops. Roast House is a small-batch, quality-focused roaster specializing in farm-direct organic-certified and Fair Trade Certified coffees. Visit roasthousecoffee.com or call 509-995-6500 for more information.', 'desc_3': 'Lavender-like flowers and hints of zesty pink peppercorn animate this crisply sweet wet-processed Ethiopia cup.', 'roast': 'Medium-Light', 'rating': 92.0, 'loc_country': 'United States'}, {'name': 'Organic Ethiopia Kirite', 'origin_1': 'Hambela District', 'origin_2': 'Guji Zone', 'desc_1': 'High-toned, crisply sweet. Lemon blossom, apricot, frankincense, spearmint, roasted cacao nib in aroma and cup. Balanced, complete sweet-savory structure; satiny, full mouthfeel. Sweet spearmint notes carry the cocoa-toned finish, with hints of lemon blossom and apricot.', 'desc_2': 'This coffee tied for the second-highest rating in a tasting of 71 organic-certified coffees from Africa for Coffee Review’s November 2017 tasting report. Produced by the METAD farm and mill in southern Ethiopia. Southern Ethiopia produces distinctive coffees from traditional varieties of Arabica long grown in the region. Coffees like this one processed by the wet or washed method (fruit skin and pulp is removed before drying) typically express great aromatic complexity and intensity with a particular emphasis on citrus and floral notes. Ceritifed USDA organic. Wonderstate Coffee, formerly Kickapoo Coffee, is an award-winning roaster based in rural Wisconsin known for their commitment to guaranteeing higher pay for farmers and being the country’s first 100% solar powered roastery. Visit https://wonderstate.com for more information.', 'desc_3': 'An inviting wet-processed Ethiopia cup. Invokes a walk through a citrus orchard in spring, with a bonus of sweet herb and cocoa tones.', 'roast': 'Medium-Light', 'rating': 93.0, 'loc_country': 'United States'}, {'name': 'Alaka Ethiopia', 'origin_1': 'Hambela Wamena', 'origin_2': 'Guji Zone', 'desc_1': 'Crisply sweet-tart, balanced. Pear, almond butter, magnolia, baking chocolate, molasses in aroma and cup. Brightly sweet-tart structure with lively acidity; crisp, satiny mouthfeel. Finish consolidates to notes of almond, pear and baking chocolate.', 'desc_2': 'Certified USDA organic. Produced at the Hambela Coffee Estate, owned and operated by METAD farm and mill. Southern Ethiopia produces distinctive coffees from traditional varieties of Arabica long grown in the region. JBC Coffee Roasters’ vision is simple: “let the coffee lead the way” through sourcing and roasting the best and most unique coffees available and rewarding the farmers who grow those coffees with substantial premiums. Visit www.jbccoffeeroasters.com or call 608-256-5282 for more information.', 'desc_3': 'A relaxing, laid-back Ethiopia cup with pretty almond and pear notes supported by crisp chocolate.', 'roast': 'Medium-Light', 'rating': 94.0, 'loc_country': 'United States'}, {'name': 'Ethiopia Shakiso Mormora', 'origin_1': 'Guji Zone', 'origin_2': 'Southern Ethiopia', 'desc_1': 'Crisply sweet, cocoa-toned. Lemon blossom, roasted cacao nib, date, rice candy, white peppercorn in aroma and cup. Savory-tart structure; delicate, silky mouthfeel. The richly drying finish leads with cocoa-toned, crisply sweet floral notes in the short and a hint of spice (white peppercorn) in the long.', 'desc_2': 'This coffee tied for the third-highest rating in a tasting of 71 organic-certified coffees from Africa for Coffee Review’s November 2017 tasting report. Southern Ethiopia coffees like this one are produced from traditional Ethiopian varieties of Arabica long grown in the region. When processed by the wet or washed method (fruit skin and pulp are removed before drying) they typically express great aromatic complexity and intensity with a particular emphasis on floral notes. Like virtually all southern Ethiopia coffees, this coffee is produced by villagers on small, garden plots interplanted with food and other subsistence crops. Revel Coffee is a micro-roaster located in Billings, Montana. Its motto: “Quality is paramount — a difference you can revel in.” Visit www.revelcoffee.com or call 406-534-9621 for more information.', 'desc_3': 'A gently spice-toned, floral- driven wet-processed Ethiopia cup with pleasing notes of cocoa throughout.', 'roast': 'Medium-Light', 'rating': 92.0, 'loc_country': 'United States'}]","**Wonderstate Coffee Organic Ethiopia Kirite** looks like the coffee in **Document 3**.

**Match details:**
- **Coffee Name:** Organic Ethiopia Kirite
- **Origin:** Hambela District
- **Region:** Guji Zone, southern Ethiopia
- **Roast Level:** Medium-Light
- **Quality Rating:** 93
- **Tasting date:** November 2017
- **Roaster:** Wonderstate Coffee

**Profile highlights:**
- **Flavor notes:** lemon blossom, apricot, frankincense, spearmint, roasted cacao nib
- **Process:** wet-processed / washed
- **Cup style:** bright, floral, citrusy, and sweet-savory with a satiny, full mouthfeel

If you want, I can also help you **compare this coffee to the other Ethiopia coffees in the set**."
"Wonderstate Coffee Ethiopia coffee with citrus blossom and apricot notes, sweet herb finish, satiny full body","[{'name': 'Organic Panorama', 'origin_1': 'Yirgacheffe Growing Region', 'origin_2': 'Southern Ethiopia', 'desc_1': 'Crisply sweet, floral-toned. Narcissus, plum, almond, baking chocolate, a hint of bay leaf in aroma and cup. Sweet structure with round, gentle acidity; full, syrupy mouthfeel. Chocolaty and floral finish, crisp and resonant.', 'desc_2': 'Certified USDA organic. Southern Ethiopia coffees like this one are produced from traditional Ethiopian varieties of Arabica long grown in the region. It was processed by the wet or washed method (fruit skin and pulp are removed before drying). Ethiopia coffees processed with this method typically express great aromatic complexity and intensity, with a particular emphasis on floral notes. Wonderstate Coffee, formerly Kickapoo Coffee, is an award-winning roaster based in rural Wisconsin known for its commitment to guaranteeing higher pay for farmers and being the country’s first 100% solar-powered roastery. Visit https://wonderstate.com/ for more information.', 'desc_3': 'A vibrant, richly sweet Ethiopia driven by deep floral and chocolate notes throughout.', 'roast': 'Medium-Light', 'rating': 93.0, 'loc_country': 'United States'}, {'name': 'Ethiopia Yirgacheffe Botabaa G1', 'origin_1': 'Yirgacheffe Growing Region', 'origin_2': 'Southern Ethiopia', 'desc_1': 'Citrusy and spice-toned. Lemon verbena, gardenia-like flowers, sandalwood, caramel, pink peppercorn in aroma and cup. Richly sweet-tart in structure with vibrant acidity; full, satiny mouthfeel. The finish consolidates to lemon verbena and sandalwood in the short, with caramel resurfacing in the long.', 'desc_2': 'Southern Ethiopia coffees like this one are produced from traditional, largely indigenous varieties of Arabica long grown in the region. This lot was processed by the wet or washed method (fruit skin and pulp are removed before drying). Southern Ethiopia coffees processed with this method typically express great aromatic complexity and intensity, with a particular emphasis on floral notes. De Clieu Coffee is a Taiwan-based roaster whose mission it is to explore extraordinary coffees. For more information, visit https://m.facebook.com/declieucoffeetaipei.', 'desc_3': 'A citrus-driven wet-processed Ethiopia cup with fragrant aromatic wood notes throughout.', 'roast': 'Medium-Light', 'rating': 92.0, 'loc_country': 'Taiwan'}, {'name': 'Ardent Ethiopia Natural', 'origin_1': 'Sidamo (Also Sidama) Growing Region', 'origin_2': 'South-Central Ethiopia', 'desc_1': 'Delicately sweet-tart, richly and intricately aromatic, deep-toned. Dried hibiscus flowers, bergamot, frankincense, lychee, boysenberry in aroma and cup. Confidently sweet-tart structure with sparkling acidity; silky, buoyant mouthfeel. The long, lingering flavor-saturated finish intoxicatingly blurs fruit and floral notes.', 'desc_2': 'This exceptional coffee was selected as the No. 5 coffee on Coffee Review’s list of the Top 30 Coffees of 2020.\xa0 A green coffee from Ardent Coffees, a newer specialized exporter of Ethiopia coffees. Southern Ethiopia coffees like this one are largely produced from distinctive indigenous Ethiopian landrace varieties of Arabica long grown in their respective regions. This is a dry-processed or “natural” version (coffee is dried inside the entire fruit). JBC Coffee Roasters’ vision is simple: “let the coffee lead the way” through sourcing and roasting the best and most unique coffees available and rewarding the farmers who grow those coffees with substantial premiums. Visit www.jbccoffeeroasters.com or call 608-256-5282 for more information.', 'desc_3': 'A natural-processed Ethiopia cup unique and thrilling in its dried fruit and floral aromatics carried by a flawless structure: high-toned, elegant, complex, complete.', 'roast': 'Medium-Light', 'rating': 97.0, 'loc_country': 'United States'}, {'name': 'Ethiopia Halo Hartume Daniel Mijane', 'origin_1': 'Yirgacheffe Growing Region', 'origin_2': 'Southern Ethiopia', 'desc_1': 'Delicately vibrant, crisply sweet-tart. Peach, cocoa nib, lilac, pink grapefruit zest, pistachio in aroma and cup. Balanced, sweetly tart in structure; richly silky mouthfeel. The satisfying finish consolidates to notes of cocoa-toned stone fruit.', 'desc_2': 'Southern Ethiopia coffees like this one are largely produced from traditional Ethiopian varieties of Arabica long grown in the region. This lot was processed by the wet or washed method (fruit skin and pulp are removed before drying). Southern Ethiopia coffees processed with this method typically express great aromatic complexity and intensity, with a particular emphasis on floral notes. Old World Coffee Lab is a specialty coffee roaster with cafes in Reno and Carson City, Nevada. Visit www.oldworldcoffee.co for more information.\xa0', 'desc_3': 'A high-toned, elegant washed Yirgacheffe cup with a floral and stone fruit throughline.', 'roast': 'Medium-Light', 'rating': 94.0, 'loc_country': 'United States'}, {'name': '9 Bar', 'origin_1': 'Ethiopia', 'origin_2': 'Guatemala', 'desc_1': 'Sweetly bright, deeply floral. Carnation, caramel, orange zest, pecan, golden raisin in aroma and cup. Sweet-toned structure with brisk, lightly juicy acidity; viscous, syrupy mouthfeel. The finish centers around notes of carnation and pecan.', 'desc_2': 'A blend comprised of 50% Ethiopia Yirgacheffe Adame Gorbota and 50% Guatemala Huehuetenango Adiestso, both washed-process coffees. Pursuing its core values of honesty, kindness, quality and teamwork, Fidalgo Coffee’s mission aims high: transforming the way specialty coffee is experienced in the U.S. For more information, visit www.fidalgocoffee.com.', 'desc_3': 'A complex, nuanced blend with layered depth: richly sweet, floral-toned. ', 'roast': 'Medium-Light', 'rating': 92.0, 'loc_country': 'United States'}]","The **closest match** in the context is:

**Coffee:** **Ethiopia Yirgacheffe Botabaa G1**  
- **Origin:** Yirgacheffe, Ethiopia  
- **Why it fits:** It has a **full, satiny mouthfeel** and **bright citrus/floral character**, which lines up well with **citrus blossom** and **satiny full body**.  
- **Tasting notes:** **Lemon verbena, gardenia-like flowers, sandalwood, caramel, pink peppercorn**  
- **Process:** **Washed**  
- **Roast level:** **Medium-Light**

If you want, I can also help you identify the **best match by flavor note** for:
- **citrus blossom**
- **apricot**
- **sweet herb finish**
- **satiny full body**

or compare all the Ethiopia options side by side."
"Washed Ethiopian coffee with floral citrus aroma, stone fruit sweetness, cocoa nib finish, and a smooth full mouthfeel","[{'name': 'Ethiopia Yirgacheffe Botabaa Washed G1 21/01', 'origin_1': 'Ochere Woreda', 'origin_2': 'Gedeo Zone', 'desc_1': 'Sweetly tart, decidedly tropical. Ginger blossom, passionfruit, kukui nut, lemon verbena, sugarcane in aroma and cup. Sweet-tart structure with juicy, high-toned acidity; plush, syrupy mouthfeel. The finish is resonant, long, and flavor-saturated.', 'desc_2': 'Southern Ethiopia produces distinctive coffees from largely indigenous, traditional varieties of Arabica long grown in the region. Coffees like this one processed by the wet or washed method (fruit skin and pulp is removed before drying) typically express great aromatic complexity and intensity with a particular emphasis on citrus and floral notes. Kakalove Café is a nano-roaster located in the small city of Chia-Yi in Taiwan that strives to procure and roast the finest quality coffee. Visit www.kakalovecafe.com.tw or email [email\xa0protected] for more information.', 'desc_3': 'A high-toned, juicy-tart, downright heady washed Ethiopia cup with distinct tropical leanings.', 'roast': 'Medium-Light', 'rating': 94.0, 'loc_country': 'Taiwan'}, {'name': 'Ethiopia Washed Yirgacheffe Nafasha Lot', 'origin_1': 'Yirgacheffe Growing Region', 'origin_2': 'Southern Ethiopia', 'desc_1': 'Crisp, citrusy, deeply sweet. Lemon verbena, cacao nib, agave syrup, cedar, freesia-like flowers in aroma and cup. Sweet-tart structure with high-toned, lively acidity; full, viscous mouthfeel. The finish consolidates to notes of citrus-toned cocoa and freesia.', 'desc_2': 'Southern Ethiopia coffees like this one are largely produced from distinctive indigenous Ethiopian varieties of Arabica long grown in their respective regions. Processed by the wet or washed method, in which skin and fruit flesh are removed from the beans or seeds before they are dried. Kakalove Café is a nano-roaster located in the small city of Chia-Yi in Taiwan that strives to procure and roast the finest quality coffee. Visit www.kakalovecafe.com.tw or email [email\xa0protected] for more information.', 'desc_3': 'An integrated, citrus-inflected washed Ethiopia cup with a cocoa throughline and spicy floral notes, particularly in the aroma.', 'roast': 'Medium-Light', 'rating': 94.0, 'loc_country': 'Taiwan'}, {'name': 'Ethiopia Yirgacheffe Botabaa Washed', 'origin_1': 'Gedeo Zone', 'origin_2': 'Kochere', 'desc_1': 'Richly sweet-tart, floral-toned. Honeysuckle, mango, sandalwood, maple syrup, almond brittle in aroma and cup. Sweetly tart structure with juicy, high-toned acidity; full, syrupy mouthfeel. The resonant, flavor-saturated finish retains all of the nuance and flavor notes of the cup.', 'desc_2': 'Southern Ethiopia produces distinctive coffees from largely indigenous, traditional varieties of Arabica long grown in the region. Coffees like this one processed by the wet or washed method (fruit skin and pulp is removed before drying) typically express great aromatic complexity and intensity with a particular emphasis on citrus and floral notes. Kakalove Café is a nano-roaster located in the small city of Chia-Yi in Taiwan that strives to procure and roast the finest quality coffee. Visit www.kakalovecafe.com.tw or email [email\xa0protected] for more information.', 'desc_3': 'A bright, richly sweet, invitingly tart and complex washed Ethiopia cup.', 'roast': 'Light', 'rating': 95.0, 'loc_country': 'Taiwan'}, {'name': 'Ethiopia COE 2nd place Washed Sidamo Rumudamo', 'origin_1': 'Arbegona', 'origin_2': 'Sidama (Also Sidamo) Growing Region', 'desc_1': 'Crisp, delicately sweet-tart, intricately floral. Narcissus, lime zest, apricot, pipe tobacco, agave syrup in aroma and cup. Sweet-toned with lyrical, juicy acidity; silky, buoyant mouthfeel. Vermouth-like, richly dry finish.', 'desc_2': 'Produced entirely from trees of the admired 74110 selection of Ethiopia Arabica and processed by the washed method (fruit skin and pulp are removed before drying). Kakalove Café is a nano-roaster located in the small city of Chia-Yi in Taiwan that strives to procure and roast the finest quality coffee. Visit www.kakalovecafe.com.tw or email [email\xa0protected] for more information.', 'desc_3': 'An elegant, light-footed, deeply floral washed Ethiopia cup.', 'roast': 'Medium-Light', 'rating': 94.0, 'loc_country': 'Taiwan'}, {'name': 'Banco Gotete Ethiopia', 'origin_1': 'Yirgacheffe Growing Region', 'origin_2': 'Southern Ethiopia', 'desc_1': 'Delicate, richly floral, sweetly spice-toned. Almond nougat, white peach, pink peppercorn, wisteria-like flowers, fragrant sandalwood in aroma and cup. Richly bittersweet structure with vibrant, juicy acidity; plush, syrupy mouthfeel. Resonant, flavor-saturated finish centers around peach, wisteria and sandalwood.', 'desc_2': 'Southern Ethiopia coffees like this one are produced largely from traditional indigenous Ethiopian varieties of Arabica long grown in the region. This lot was processed by the wet or washed method (fruit skin and pulp are removed before drying). Ethiopia coffees processed with this method typically express great aromatic complexity and intensity, with a particular emphasis on floral notes. JBC Coffee Roasters’ vision is simple: “let the coffee lead the way” through sourcing and roasting the best and most unique coffees available and rewarding the farmers who grow those coffees with substantial premiums. Visit www.jbccoffeeroasters.com or call 608-256-5282 for more information. ', 'desc_3': 'A nuanced, multi-layered washed Ethiopia cup with a deep floral profile and energetic lift from an elegant spice throughline.', 'roast': 'Medium-Light', 'rating': 94.0, 'loc_country': 'United States'}]","The closest match in the provided context is:

**Ethiopia Washed Yirgacheffe Nafasha Lot**  
- **Floral/citrus aroma:** Lemon verbena, freesia-like flowers  
- **Stone fruit sweetness:** Noted sweetness is more **citrus + agave** than stone fruit, but it has a bright sweet-tart profile  
- **Cocoa nib finish:** Explicitly described as **citrus-toned cocoa** in the finish  
- **Smooth full mouthfeel:** **Full, viscous mouthfeel**

A strong secondary fit is:

**Ethiopia Yirgacheffe Botabaa Washed**  
- **Floral/citrus aroma:** Honeysuckle and floral-toned, with citrus-style Ethiopian character  
- **Stone fruit sweetness:** **Mango** and syrupy sweetness  
- **Smooth full mouthfeel:** **Full, syrupy mouthfeel**  
- **Finish:** More resonant and fruit-forward than cocoa-driven

If you want, I can also help you narrow this to the **best 1:1 match** or suggest a **brew recipe** to highlight those notes."
"High-scoring light-to-medium roast Ethiopian coffee with bright citrus, floral, and herbal complexity","[{'name': 'Ardent Ethiopia Natural', 'origin_1': 'Sidamo (Also Sidama) Growing Region', 'origin_2': 'South-Central Ethiopia', 'desc_1': 'Delicately sweet-tart, richly and intricately aromatic, deep-toned. Dried hibiscus flowers, bergamot, frankincense, lychee, boysenberry in aroma and cup. Confidently sweet-tart structure with sparkling acidity; silky, buoyant mouthfeel. The long, lingering flavor-saturated finish intoxicatingly blurs fruit and floral notes.', 'desc_2': 'This exceptional coffee was selected as the No. 5 coffee on Coffee Review’s list of the Top 30 Coffees of 2020.\xa0 A green coffee from Ardent Coffees, a newer specialized exporter of Ethiopia coffees. Southern Ethiopia coffees like this one are largely produced from distinctive indigenous Ethiopian landrace varieties of Arabica long grown in their respective regions. This is a dry-processed or “natural” version (coffee is dried inside the entire fruit). JBC Coffee Roasters’ vision is simple: “let the coffee lead the way” through sourcing and roasting the best and most unique coffees available and rewarding the farmers who grow those coffees with substantial premiums. Visit www.jbccoffeeroasters.com or call 608-256-5282 for more information.', 'desc_3': 'A natural-processed Ethiopia cup unique and thrilling in its dried fruit and floral aromatics carried by a flawless structure: high-toned, elegant, complex, complete.', 'roast': 'Medium-Light', 'rating': 97.0, 'loc_country': 'United States'}, {'name': 'Ethiopia Suke Quto', 'origin_1': 'Guji Zone', 'origin_2': 'Oromia Region', 'desc_1': 'Delicate, sweetly spice-toned. Pink peppercorn, date, myrrh, lavender, roasted cacao nib in aroma and cup. Crisp, spice-toned structure with citrus-like acidity; satiny, very smooth mouthfeel. The crisply sweet finish centers around spice and pungent floral notes.', 'desc_2': 'This coffee tied for the third-highest rating in a tasting of 71 organic-certified coffees from Africa for Coffee Review’s November 2017 tasting report. Southern Ethiopia coffees like this one are produced from traditional Ethiopian varieties of Arabica long grown in the region. When processed by the wet or washed method (fruit skin and pulp are removed before drying) they typically express great aromatic complexity and intensity with a particular emphasis on floral notes. Like virtually all southern Ethiopia coffees, this one is produced by villagers on small, garden plots interplanted with food and other subsistence crops. Roast House is a small-batch, quality-focused roaster specializing in farm-direct organic-certified and Fair Trade Certified coffees. Visit roasthousecoffee.com or call 509-995-6500 for more information.', 'desc_3': 'Lavender-like flowers and hints of zesty pink peppercorn animate this crisply sweet wet-processed Ethiopia cup.', 'roast': 'Medium-Light', 'rating': 92.0, 'loc_country': 'United States'}, {'name': 'Ethiopia COE 2nd place Washed Sidamo Rumudamo', 'origin_1': 'Arbegona', 'origin_2': 'Sidama (Also Sidamo) Growing Region', 'desc_1': 'Crisp, delicately sweet-tart, intricately floral. Narcissus, lime zest, apricot, pipe tobacco, agave syrup in aroma and cup. Sweet-toned with lyrical, juicy acidity; silky, buoyant mouthfeel. Vermouth-like, richly dry finish.', 'desc_2': 'Produced entirely from trees of the admired 74110 selection of Ethiopia Arabica and processed by the washed method (fruit skin and pulp are removed before drying). Kakalove Café is a nano-roaster located in the small city of Chia-Yi in Taiwan that strives to procure and roast the finest quality coffee. Visit www.kakalovecafe.com.tw or email [email\xa0protected] for more information.', 'desc_3': 'An elegant, light-footed, deeply floral washed Ethiopia cup.', 'roast': 'Medium-Light', 'rating': 94.0, 'loc_country': 'Taiwan'}, {'name': 'Banco Gotete Ethiopia', 'origin_1': 'Kochere Woreda', 'origin_2': 'Gedeo Zone', 'desc_1': 'Sweetly floral and richly resinous. Cedar, lemon zest, dried jasmine, cacao nib, loquat in aroma and cup. Delicate, sweetly brisk in structure; silky and lively in mouthfeel. Flavor consolidates around cedar and cocoa in a crisp, drying finish.', 'desc_2': 'Ethiopia coffees like this one are largely produced from distinctive indigenous Ethiopian varieties of Arabica long grown in their respective regions. Processed by the wet or washed method, in which skin and fruit flesh are removed from the beans or seeds before they are dried. JBC Coffee Roasters’ vision is simple: “let the coffee lead the way” through sourcing and roasting the best and most unique coffees available and rewarding the farmers who grow those coffees with substantial premiums. Visit www.jbccoffeeroasters.com or call 608-256-5282 for more information.', 'desc_3': 'Fragrant jasmine and pungent incense-like notes in distinguish this crisply graceful wet-processed Ethiopia.', 'roast': 'Medium-Light', 'rating': 93.0, 'loc_country': 'United States'}, {'name': 'Ethiopia Shakiso Mormora', 'origin_1': 'Guji Zone', 'origin_2': 'Southern Ethiopia', 'desc_1': 'Crisply sweet, cocoa-toned. Lemon blossom, roasted cacao nib, date, rice candy, white peppercorn in aroma and cup. Savory-tart structure; delicate, silky mouthfeel. The richly drying finish leads with cocoa-toned, crisply sweet floral notes in the short and a hint of spice (white peppercorn) in the long.', 'desc_2': 'This coffee tied for the third-highest rating in a tasting of 71 organic-certified coffees from Africa for Coffee Review’s November 2017 tasting report. Southern Ethiopia coffees like this one are produced from traditional Ethiopian varieties of Arabica long grown in the region. When processed by the wet or washed method (fruit skin and pulp are removed before drying) they typically express great aromatic complexity and intensity with a particular emphasis on floral notes. Like virtually all southern Ethiopia coffees, this coffee is produced by villagers on small, garden plots interplanted with food and other subsistence crops. Revel Coffee is a micro-roaster located in Billings, Montana. Its motto: “Quality is paramount — a difference you can revel in.” Visit www.revelcoffee.com or call 406-534-9621 for more information.', 'desc_3': 'A gently spice-toned, floral- driven wet-processed Ethiopia cup with pleasing notes of cocoa throughout.', 'roast': 'Medium-Light', 'rating': 92.0, 'loc_country': 'United States'}]","For **bright citrus, floral, and herbal complexity** in a **high-scoring light-to-medium Ethiopian**, my top pick from your list is:

## **Best match: Ethiopia COE 2nd place Washed Sidamo Rumudamo**
- **Quality Rating:** **94.0**
- **Roast Level:** **Medium-Light**
- **Origin:** **Arbegona, Sidamo**
- **Why it fits:**  
  - **Citrus brightness:** *lime zest*
  - **Floral complexity:** *narcissus*
  - **Herbal/green complexity:** *vermouth-like finish* with a refined, aromatic profile
  - Very **elegant, juicy, and floral** overall

## Strong runner-up: Banco Gotete Ethiopia
- **Quality Rating:** **93.0**
- **Roast Level:** **Medium-Light**
- **Origin:** **Kochere Woreda**
- **Why it fits:**  
  - **Bright citrus:** *lemon zest*
  - **Floral:** *dried jasmine*
  - **Herbal/resinous complexity:** *cedar, incense-like notes*
  - A little more **resinous and dry** than the Rumudamo

## More aromatic, fruit-forward option: Ardent Ethiopia Natural
- **Quality Rating:** **97.0**
- **Roast Level:** **Medium-Light**
- **Origin:** **Sidamo**
- **Why it fits:**  
  - **Floral/citrus-adjacent complexity:** *bergamot, dried hibiscus*
  - Also adds **lychee, boysenberry, frankincense**
  - More **natural-process fruit depth** than classic citrus-herbal clarity

## If you want the most floral-washed style:
### **Ethiopia Suke Quto**
- **Quality Rating:** **92.0**
- **Roast Level:** **Medium-Light**
- **Notes:** *lavender, pink peppercorn, citrus-like acidity*
- Less citrus-herbal than Rumudamo, but very elegant and floral

### My recommendation
If you want the **closest fit to “bright citrus, floral, and herbal complexity”**, go with:

**1) Ethiopia COE 2nd place Washed Sidamo Rumudamo**  
**2) Banco Gotete Ethiopia**  
**3) Ardent Ethiopia Natural** if you want more fruit and perfume

If you want, I can also rank these by **most floral**, **most citrusy**, or **best for pour-over**."
Organic Ethiopian coffee that tastes like spring citrus and sweet herbs with a rich chocolatey finish,"[{'name': 'Ardent Ethiopia Natural', 'origin_1': 'Sidamo (Also Sidama) Growing Region', 'origin_2': 'South-Central Ethiopia', 'desc_1': 'Delicately sweet-tart, richly and intricately aromatic, deep-toned. Dried hibiscus flowers, bergamot, frankincense, lychee, boysenberry in aroma and cup. Confidently sweet-tart structure with sparkling acidity; silky, buoyant mouthfeel. The long, lingering flavor-saturated finish intoxicatingly blurs fruit and floral notes.', 'desc_2': 'This exceptional coffee was selected as the No. 5 coffee on Coffee Review’s list of the Top 30 Coffees of 2020.\xa0 A green coffee from Ardent Coffees, a newer specialized exporter of Ethiopia coffees. Southern Ethiopia coffees like this one are largely produced from distinctive indigenous Ethiopian landrace varieties of Arabica long grown in their respective regions. This is a dry-processed or “natural” version (coffee is dried inside the entire fruit). JBC Coffee Roasters’ vision is simple: “let the coffee lead the way” through sourcing and roasting the best and most unique coffees available and rewarding the farmers who grow those coffees with substantial premiums. Visit www.jbccoffeeroasters.com or call 608-256-5282 for more information.', 'desc_3': 'A natural-processed Ethiopia cup unique and thrilling in its dried fruit and floral aromatics carried by a flawless structure: high-toned, elegant, complex, complete.', 'roast': 'Medium-Light', 'rating': 97.0, 'loc_country': 'United States'}, {'name': 'Ethiopia Yirgacheffe Botabaa G1', 'origin_1': 'Yirgacheffe Growing Region', 'origin_2': 'Southern Ethiopia', 'desc_1': 'Citrusy and spice-toned. Lemon verbena, gardenia-like flowers, sandalwood, caramel, pink peppercorn in aroma and cup. Richly sweet-tart in structure with vibrant acidity; full, satiny mouthfeel. The finish consolidates to lemon verbena and sandalwood in the short, with caramel resurfacing in the long.', 'desc_2': 'Southern Ethiopia coffees like this one are produced from traditional, largely indigenous varieties of Arabica long grown in the region. This lot was processed by the wet or washed method (fruit skin and pulp are removed before drying). Southern Ethiopia coffees processed with this method typically express great aromatic complexity and intensity, with a particular emphasis on floral notes. De Clieu Coffee is a Taiwan-based roaster whose mission it is to explore extraordinary coffees. For more information, visit https://m.facebook.com/declieucoffeetaipei.', 'desc_3': 'A citrus-driven wet-processed Ethiopia cup with fragrant aromatic wood notes throughout.', 'roast': 'Medium-Light', 'rating': 92.0, 'loc_country': 'Taiwan'}, {'name': 'Ethiopian Sweet Lily', 'origin_1': 'Guji Zone', 'origin_2': 'Oromia Region', 'desc_1': 'Richly sweet, floral-toned. Magnolia, almond, maple syrup, plum, myrrh in aroma and cup. Sweetly tart structure, with bright, juicy acidity; delicate, silky mouthfeel. The richly drying finish centers around notes of almond and myrrh.', 'desc_2': 'Produced by smallholding farmers around the Biru Bekele washing station, largely produced from distinctive indigenous Ethiopian landrace varieties of Arabica long grown in the region. Processed by the natural method (dried in the whole fruit). Cafe Kreyol is a roaster in Manassas, Virginia with the mission of creating sustainable employment by way of specialty coffee. Visit www.cafekreyol.com or call 571-719-7018 for more information.', 'desc_3': 'A deeply sweet natural-processed Ethiopia coffee with magnolia-like floral notes and an undercurrent of stone fruit and myrrh.', 'roast': 'Medium-Light', 'rating': 93.0, 'loc_country': 'United States'}, {'name': 'Ethiopia Yirgacheffe Botabaa Washed G1 21/01', 'origin_1': 'Ochere Woreda', 'origin_2': 'Gedeo Zone', 'desc_1': 'Sweetly tart, decidedly tropical. Ginger blossom, passionfruit, kukui nut, lemon verbena, sugarcane in aroma and cup. Sweet-tart structure with juicy, high-toned acidity; plush, syrupy mouthfeel. The finish is resonant, long, and flavor-saturated.', 'desc_2': 'Southern Ethiopia produces distinctive coffees from largely indigenous, traditional varieties of Arabica long grown in the region. Coffees like this one processed by the wet or washed method (fruit skin and pulp is removed before drying) typically express great aromatic complexity and intensity with a particular emphasis on citrus and floral notes. Kakalove Café is a nano-roaster located in the small city of Chia-Yi in Taiwan that strives to procure and roast the finest quality coffee. Visit www.kakalovecafe.com.tw or email [email\xa0protected] for more information.', 'desc_3': 'A high-toned, juicy-tart, downright heady washed Ethiopia cup with distinct tropical leanings.', 'roast': 'Medium-Light', 'rating': 94.0, 'loc_country': 'Taiwan'}, {'name': 'Ethiopia Natural Yirgacheffe Blue Donkey Lot #2', 'origin_1': 'Kochere', 'origin_2': 'Yirgacheffe Growing Region', 'desc_1': 'Delicate, berry-toned, deeply sweet. Wild strawberry, honey, freesia-like flowers, oak, almond paste in aroma and cup. Sweetly tart structure with juicy, high-toned acidity; lively, silky mouthfeel. Resonant, flavor-saturated finish sustains all of the notes from the cup, wild strawberry and almond in particular.', 'desc_2': 'Coffees from the Yirgacheffe region are produced from distinctive, largely indigenous Ethiopian varieties of Arabica long grown in the region. Like most southern Ethiopia coffees, this coffee is produced by villagers on small garden plots interplanted with food and other subsistence crops. This is a “natural” or dry-processed version, meaning the beans were dried inside the fruit, encouraging a flavor profile that is sweeter and deeper-toned than the more familiar wet-processed profile. Kakalove Café is a nano-roaster located in the small city of Chia-Yi in Taiwan that strives to procure and roast the finest quality coffee. Visit www.kakalovecafe.com.tw or email [email\xa0protected] for more information.', 'desc_3': 'An exceptionally purely expressed natural-processed Yirgacheffe cup, berry- and nut-driven, supported by spicy floral notes throughout.', 'roast': 'Medium-Light', 'rating': 94.0, 'loc_country': 'Taiwan'}]","Based on the context, the **best match** for **“organic Ethiopian coffee that tastes like spring citrus and sweet herbs with a rich chocolatey finish”** is:

### **Ethiopia Yirgacheffe Botabaa G1**
- **Why it fits:** It has **citrusy** character, **lemon verbena** (a sweet herbal note), and **caramel** with a **long, sweet finish**.  
- **Profile highlights:**  
  - **Lemon verbena**
  - **Gardenia-like flowers**
  - **Sandalwood**
  - **Caramel**
  - **Pink peppercorn**
- **Processing:** **Washed** — usually brighter and cleaner, which aligns well with spring citrus notes.

### If you want something a little richer and more fruit-forward:
**Ardent Ethiopia Natural**
- More **sweet-tart**, **floral**, and **deep-toned**
- Notes of **bergamot, dried hibiscus, lychee, boysenberry**
- Less directly “chocolatey,” but more complex and aromatic

### Best overall pick for your description:
**Ethiopia Yirgacheffe Botabaa G1**

If you want, I can also help you narrow this down to the **most chocolate-forward Ethiopian option** from the list."
Reunion Island Coffee Ethiopia Sidama Canada rating 94 medium roast,"[{'name': 'Ethiopia Sidama Naia Bomb Natural Vertical Reserve', 'origin_1': 'Jimma Zone', 'origin_2': 'Oromia State', 'desc_1': 'Sweetly fruit-toned, accessibly fermenty. Raspberry coulis, dark chocolate, hop flowers, wine barrel, pink peppercorn in aroma and cup. Richly bittersweet in structure with a tangy acidity; crisp, lightly syrupy mouthfeel. The resonant finish is all fruit and chocolate enhanced by a quiet sweet ferment.', 'desc_2': 'This coffee tied for the second-highest rating in a cupping of coffees submitted by North American roasters in business for two or fewer years for Coffee Review’s October 2019 tasting report. Southern Ethiopia coffees like this one are largely produced from distinctive indigenous varieties of Arabica long grown in the region. This is a dry-processed or “natural” version, meaning the beans were dried inside the fruit rather than after the fruit has been removed, as is the case with wet-processed or “washed” coffees. Coffeebar is a radically inclusive Italian café experience based in Truckee, California with locations in Menlo Park, Squaw Valley and Redwood City, as well as a roastery in Reno, Nevada. While it was founded in 2010, Coffeebar only began roasting in-house in 2018. Visit www.coffeebar.com for more information.', 'desc_3': 'A natural-processed Ethiopia ideal for those who enjoy a restrained hint of fruit ferment, in this case suggesting a just-emptied wine barrel in a cool cellar.', 'roast': 'Medium-Light', 'rating': 93.0, 'loc_country': 'United States'}, {'name': 'Ethiopia Sidama Anaerobic', 'origin_1': 'Sidama (Also Sidamo) Region', 'origin_2': 'Ethiopia', 'desc_1': 'Sweet, soft, gently tart-pungent. Buttery dark chocolate, cashew butter, lemon drop, date, orange blossom in aroma and cup. Balanced and roundly complete in taste structure; syrupy but buoyant in mouthfeel. Chocolate and lemon in particular persist in a deep, lasting finish.', 'desc_2': 'Processed by the anaerobic method, which in this case means that the pulped or skinned coffee was fermented in a sealed, oxygen-evacuated tank for 36 hours before drying. Paradise Roasters specializes in micro-lot Arabica and Robusta coffees from Asia and other emerging origins. The company prides itself on quality and freshness, craft-roasting coffees in small batches only after orders are placed. Visit www.paradiseroasters.com or call 763-433-0626 for more information.', 'desc_3': 'A quietly original, resonant cup, exquisitely balanced and complete.', 'roast': 'Medium-Light', 'rating': 94.0, 'loc_country': 'United States'}, {'name': 'Ethiopia Sidama Naia Bombe Dry Ferment Vertical Reserve', 'origin_1': 'Jimma Zone', 'origin_2': 'Oromia State', 'desc_1': 'Richly sweet-savory, spice- and floral-toned. Black cherry, tangerine zest, gardenia, marjoram, a hint of bay leaf in aroma and cup. In structure, sweet-tart and juicy with a savory depth. Syrupy and plush in mouthfeel; spicy flowers lead in a quietly flavor-saturated finish.    ', 'desc_2': 'Processed by a variation on the traditional washed process (fruit removed from the beans before drying) that adds no water to the tank during fermentation, hence a “dry” ferment. Southern Ethiopia coffees like this one are largely produced from distinctive indigenous varieties of Arabica long grown in the region. Coffeebar is a radically inclusive Italian café experience based in Truckee, California with locations in Menlo Park, Squaw Valley and Redwood City, as well as a roastery in Reno, Nevada. While it was founded in 2010, Coffeebar only began roasting in-house in 2018. Visit https://www.coffeebar.com/ for more information.', 'desc_3': 'A processing variation (fermentation without added water) perhaps contributes to the deep, savory-sweet floral-toned intrigue of this fine washed-process Ethiopia.', 'roast': 'Medium-Light', 'rating': 93.0, 'loc_country': 'United States'}, {'name': 'Ethiopia Sidama', 'origin_1': 'Sidama (Also Sidamo) Growing Region', 'origin_2': 'Southern Ethiopia', 'desc_1': 'Balanced, sweet-savory. Red currant, roasted cacao nib, clove, blood orange zest, frankincense in aroma and cup. Savory-sweet structure with lively acidity; syrupy mouthfeel. The resonant, spice-toned finish leads with intimations of clove and roasted cacao nib in the short, rounding to rich fruit tones with hints of frankincense in the long.', 'desc_2': 'This exceptional coffee was selected as the No. 17 coffee on Coffee Review’s list of the Top 30 Coffees of 2017.\xa0 This coffee also tied for the highest rating in a tasting of 71 organic-certified coffees from Africa for Coffee Review’s November 2017 tasting report. Southern Ethiopia coffees like this one are produced from distinctive traditional Ethiopian varieties of Arabica long grown in the region. Like virtually all southern Ethiopia coffees, this coffee is produced by villagers on small garden plots interplanted with food and other subsistence crops. This lot was processed by the wet or washed method (fruit skin and pulp are removed before drying). Organic and Fair Trade certified, the latter meaning they were purchased from small-holding farmers at a “fair” or economically sustainable price. Reunion Island Coffee is a quality-oriented roasting company founded by Canadian specialty coffee veteran Peter Pesce. Visit www.reunionislandcoffee.com or call 800-565-5950 for more information.', 'desc_3': 'An elegantly expressive, fruit-forward but savory-leaning Ethiopia cup.', 'roast': 'Medium', 'rating': 94.0, 'loc_country': 'Canada'}, {'name': 'Alaka Ethiopia', 'origin_1': 'Hambela Wamena', 'origin_2': 'Guji Zone', 'desc_1': 'Crisply sweet-tart, balanced. Pear, almond butter, magnolia, baking chocolate, molasses in aroma and cup. Brightly sweet-tart structure with lively acidity; crisp, satiny mouthfeel. Finish consolidates to notes of almond, pear and baking chocolate.', 'desc_2': 'Certified USDA organic. Produced at the Hambela Coffee Estate, owned and operated by METAD farm and mill. Southern Ethiopia produces distinctive coffees from traditional varieties of Arabica long grown in the region. JBC Coffee Roasters’ vision is simple: “let the coffee lead the way” through sourcing and roasting the best and most unique coffees available and rewarding the farmers who grow those coffees with substantial premiums. Visit www.jbccoffeeroasters.com or call 608-256-5282 for more information.', 'desc_3': 'A relaxing, laid-back Ethiopia cup with pretty almond and pear notes supported by crisp chocolate.', 'roast': 'Medium-Light', 'rating': 94.0, 'loc_country': 'United States'}]","**Reunion Island Coffee Ethiopia Sidama** is a **Canada-origin roast** with a **Quality Rating of 94** and a **Medium roast** level.

**Quick profile:**
- **Coffee Name:** Ethiopia Sidama
- **Origin:** Sidama (also Sidamo) Growing Region
- **Roaster / Country:** Reunion Island Coffee, **Canada**
- **Roast Level:** **Medium**
- **Quality Rating:** **94.0**

**Tasting notes:**
- Red currant
- Roasted cacao nib
- Clove
- Blood orange zest
- Frankincense

**Cup style:**
- **Balanced, sweet-savory**
- **Lively acidity**
- **Syrupy mouthfeel**
- Fruit-forward with a savory, spice-leaning finish

**Processing:**
- **Washed / wet processed**
- Fruit skin and pulp removed before drying

If you want, I can also help you interpret this as a **flavor match** for your taste—like whether it’ll drink more **bright, fruity, chocolatey, or spicy**."
"Ethiopia coffee with red berry, cocoa, and spice notes, lively acidity, and a heavy body","[{'name': 'Holiday Blend', 'origin_1': 'Ethiopia', 'origin_2': 'Kenya', 'desc_1': 'Delicate, high-toned, crisply sweet. Red currant, blackberry, cedar, cocoa nib, maple syrup in aroma and cup. Deeply sweet structure with lively, vibrant acidity; crisp yet velvety mouthfeel. The finish leads with notes of red currant and blackberry in the short, with cocoa nib and cedar resurfacing in the long.', 'desc_2': 'This coffee tied for the second-highest rating in a tasting of holiday blends for Coffee Review‘s December 2019 tasting report. A blend comprised of three coffees: a natural-process Ethiopia, a washed-process Ethiopia, and a washed-process Kenya. Lucky Café is a Taiwan-based specialty roaster and cafe. Visit https://shopee.tw/product/7703556/3404537564/ for more information.', 'desc_3': 'A complex, layered coffee with both classic Kenya (red currant) and Ethiopia (berry, cocoa) leanings.', 'roast': 'Medium-Light', 'rating': 93.0, 'loc_country': 'Taiwan'}, {'name': 'Ardent Ethiopia Natural', 'origin_1': 'Sidamo (Also Sidama) Growing Region', 'origin_2': 'South-Central Ethiopia', 'desc_1': 'Delicately sweet-tart, richly and intricately aromatic, deep-toned. Dried hibiscus flowers, bergamot, frankincense, lychee, boysenberry in aroma and cup. Confidently sweet-tart structure with sparkling acidity; silky, buoyant mouthfeel. The long, lingering flavor-saturated finish intoxicatingly blurs fruit and floral notes.', 'desc_2': 'This exceptional coffee was selected as the No. 5 coffee on Coffee Review’s list of the Top 30 Coffees of 2020.\xa0 A green coffee from Ardent Coffees, a newer specialized exporter of Ethiopia coffees. Southern Ethiopia coffees like this one are largely produced from distinctive indigenous Ethiopian landrace varieties of Arabica long grown in their respective regions. This is a dry-processed or “natural” version (coffee is dried inside the entire fruit). JBC Coffee Roasters’ vision is simple: “let the coffee lead the way” through sourcing and roasting the best and most unique coffees available and rewarding the farmers who grow those coffees with substantial premiums. Visit www.jbccoffeeroasters.com or call 608-256-5282 for more information.', 'desc_3': 'A natural-processed Ethiopia cup unique and thrilling in its dried fruit and floral aromatics carried by a flawless structure: high-toned, elegant, complex, complete.', 'roast': 'Medium-Light', 'rating': 97.0, 'loc_country': 'United States'}, {'name': 'Banco Gotete Ethiopia', 'origin_1': 'Yirgacheffe Growing Region', 'origin_2': 'Southern Ethiopia', 'desc_1': 'Delicate, richly floral, sweetly spice-toned. Almond nougat, white peach, pink peppercorn, wisteria-like flowers, fragrant sandalwood in aroma and cup. Richly bittersweet structure with vibrant, juicy acidity; plush, syrupy mouthfeel. Resonant, flavor-saturated finish centers around peach, wisteria and sandalwood.', 'desc_2': 'Southern Ethiopia coffees like this one are produced largely from traditional indigenous Ethiopian varieties of Arabica long grown in the region. This lot was processed by the wet or washed method (fruit skin and pulp are removed before drying). Ethiopia coffees processed with this method typically express great aromatic complexity and intensity, with a particular emphasis on floral notes. JBC Coffee Roasters’ vision is simple: “let the coffee lead the way” through sourcing and roasting the best and most unique coffees available and rewarding the farmers who grow those coffees with substantial premiums. Visit www.jbccoffeeroasters.com or call 608-256-5282 for more information. ', 'desc_3': 'A nuanced, multi-layered washed Ethiopia cup with a deep floral profile and energetic lift from an elegant spice throughline.', 'roast': 'Medium-Light', 'rating': 94.0, 'loc_country': 'United States'}, {'name': 'Banco Gotete Ethiopia', 'origin_1': 'Kochere Woreda', 'origin_2': 'Gedeo Zone', 'desc_1': 'Sweetly floral and richly resinous. Cedar, lemon zest, dried jasmine, cacao nib, loquat in aroma and cup. Delicate, sweetly brisk in structure; silky and lively in mouthfeel. Flavor consolidates around cedar and cocoa in a crisp, drying finish.', 'desc_2': 'Ethiopia coffees like this one are largely produced from distinctive indigenous Ethiopian varieties of Arabica long grown in their respective regions. Processed by the wet or washed method, in which skin and fruit flesh are removed from the beans or seeds before they are dried. JBC Coffee Roasters’ vision is simple: “let the coffee lead the way” through sourcing and roasting the best and most unique coffees available and rewarding the farmers who grow those coffees with substantial premiums. Visit www.jbccoffeeroasters.com or call 608-256-5282 for more information.', 'desc_3': 'Fragrant jasmine and pungent incense-like notes in distinguish this crisply graceful wet-processed Ethiopia.', 'roast': 'Medium-Light', 'rating': 93.0, 'loc_country': 'United States'}, {'name': 'Ethiopia Guji Natural', 'origin_1': 'Guji Zone', 'origin_2': 'Oromia Region', 'desc_1': 'Deeply sweet, rich-toned, bright and lively. Red grape, baking chocolate, marshmallow, macadamia nut, lime zest in aroma and cup. Sweet in structure with bright, balanced acidity; full, satiny-smooth mouthfeel. The cleanly fruit-toned finish is pleasantly complicated by notes of macadamia nut and lime zest.', 'desc_2': 'This coffee tied for the second-highest rating in a cupping of coffees roasted by Black-owned coffee companies for Coffee Review’s August 2020 report. Southern Ethiopia coffees like this one are largely produced from distinctive indigenous Ethiopian varieties of Arabica long grown in the region. Processed by the natural method (dried in the whole fruit). Atlanta’s Portrait Coffee was designed “to change the picture that comes to mind when folks think of specialty coffee — to include the black and brown folks who have been cropped out.” Visit www.portrait.coffee for more information.', 'desc_3': 'A friendly natural-processed Ethiopia cup with a fruit-centered character balanced by deep, creamy nut tones and lively lime zest.', 'roast': 'Light', 'rating': 94.0, 'loc_country': 'United States'}]","The **best match** in your context is:

## **Holiday Blend**  
**Origin:** Ethiopia  
**Why it fits:**  
- **Red berry / currant** notes: *red currant, blackberry*  
- **Cocoa** notes: *cocoa nib*  
- **Spice / woody complexity:** *cedar*  
- **Lively acidity:** *deeply sweet structure with lively, vibrant acidity*  
- **Heavy body:** *crisp yet velvety mouthfeel* gives it more weight than the brighter, lighter coffees listed

### Other close possibilities
- **Ethiopia Guji Natural** — has **red fruit** and **baking chocolate**, plus **full, satiny-smooth mouthfeel**, but less spice
- **Banco Gotete Ethiopia (Yirgacheffe)** — has **spice** and **plush, syrupy mouthfeel**, but more floral/peach than berry-cocoa

If you want, I can also help you narrow it down by **natural vs washed process** or by **roast level**."
"Fruit-forward but savory Ethiopian cup with citrus zest, cacao, and clove aromas","[{'name': 'Ethiopia COE 2nd place Washed Sidamo Rumudamo', 'origin_1': 'Arbegona', 'origin_2': 'Sidama (Also Sidamo) Growing Region', 'desc_1': 'Crisp, delicately sweet-tart, intricately floral. Narcissus, lime zest, apricot, pipe tobacco, agave syrup in aroma and cup. Sweet-toned with lyrical, juicy acidity; silky, buoyant mouthfeel. Vermouth-like, richly dry finish.', 'desc_2': 'Produced entirely from trees of the admired 74110 selection of Ethiopia Arabica and processed by the washed method (fruit skin and pulp are removed before drying). Kakalove Café is a nano-roaster located in the small city of Chia-Yi in Taiwan that strives to procure and roast the finest quality coffee. Visit www.kakalovecafe.com.tw or email [email\xa0protected] for more information.', 'desc_3': 'An elegant, light-footed, deeply floral washed Ethiopia cup.', 'roast': 'Medium-Light', 'rating': 94.0, 'loc_country': 'Taiwan'}, {'name': 'Ethiopia BergWu SP Series: Wuri Red Cherries 19/EXP02', 'origin_1': 'Gedeb District', 'origin_2': 'Gedeo Zone', 'desc_1': 'Deeply sweet, fruit-forward. Grape candy, dark chocolate, grappa barrel, fresh-cut fir, gardenia in aroma and cup. Sweet-tart structure with gentle acidity; full, satiny mouthfeel. Crisp, dry, chocolaty finish with notes of sweet grape wafting up in the long, as well as sweet alcohol ferment.', 'desc_2': 'Southern Ethiopia coffees like this one are largely produced from indigenous Ethiopian varieties of Arabica long grown in the region. This one was processed by a variation on the anaerobic or “limited-oxygen” method. Vennel Coffee is a Taiwan-based specialty coffee roaster. For more information, visit www.vennelcoffee.com.tw.', 'desc_3': 'An intentionally fermenty, fruit-centered Ethiopia cup processed by an experimental method involving oxygen deprivation during the fermentation process: sweet, chocolaty, pleasantly funky.', 'roast': 'Medium', 'rating': 92.0, 'loc_country': 'Taiwan'}, {'name': 'Ethiopia Yirgacheffe Botabaa G1', 'origin_1': 'Yirgacheffe Growing Region', 'origin_2': 'Southern Ethiopia', 'desc_1': 'Citrusy and spice-toned. Lemon verbena, gardenia-like flowers, sandalwood, caramel, pink peppercorn in aroma and cup. Richly sweet-tart in structure with vibrant acidity; full, satiny mouthfeel. The finish consolidates to lemon verbena and sandalwood in the short, with caramel resurfacing in the long.', 'desc_2': 'Southern Ethiopia coffees like this one are produced from traditional, largely indigenous varieties of Arabica long grown in the region. This lot was processed by the wet or washed method (fruit skin and pulp are removed before drying). Southern Ethiopia coffees processed with this method typically express great aromatic complexity and intensity, with a particular emphasis on floral notes. De Clieu Coffee is a Taiwan-based roaster whose mission it is to explore extraordinary coffees. For more information, visit https://m.facebook.com/declieucoffeetaipei.', 'desc_3': 'A citrus-driven wet-processed Ethiopia cup with fragrant aromatic wood notes throughout.', 'roast': 'Medium-Light', 'rating': 92.0, 'loc_country': 'Taiwan'}, {'name': 'Ethiopia Yirgacheffe Botabaa Washed G1 21/01', 'origin_1': 'Ochere Woreda', 'origin_2': 'Gedeo Zone', 'desc_1': 'Sweetly tart, decidedly tropical. Ginger blossom, passionfruit, kukui nut, lemon verbena, sugarcane in aroma and cup. Sweet-tart structure with juicy, high-toned acidity; plush, syrupy mouthfeel. The finish is resonant, long, and flavor-saturated.', 'desc_2': 'Southern Ethiopia produces distinctive coffees from largely indigenous, traditional varieties of Arabica long grown in the region. Coffees like this one processed by the wet or washed method (fruit skin and pulp is removed before drying) typically express great aromatic complexity and intensity with a particular emphasis on citrus and floral notes. Kakalove Café is a nano-roaster located in the small city of Chia-Yi in Taiwan that strives to procure and roast the finest quality coffee. Visit www.kakalovecafe.com.tw or email [email\xa0protected] for more information.', 'desc_3': 'A high-toned, juicy-tart, downright heady washed Ethiopia cup with distinct tropical leanings.', 'roast': 'Medium-Light', 'rating': 94.0, 'loc_country': 'Taiwan'}, {'name': 'Wilderness Blend', 'origin_1': 'Ethiopia', 'origin_2': 'Kenya', 'desc_1': 'High-toned, richly sweet. Nectarine, apple blossom, redwood, dark chocolate, grapefruit zest in aroma and cup. Sweetly tart structure with bright, lively acidity; crisp, velvety-smooth mouthfeel. The finish is saturated with notes of stone fruit and apple blossom in the short, with dark chocolate and a hint of grapefruit zest resurfacing in the long.', 'desc_2': 'A blend comprised of\xa0four coffees: two Ethiopias, one washed- and one natural-processed; a Kenya; and a honey-processed El Salvador. This coffee tied for the second-highest rating in a cupping of blends for\xa0Coffee Review‘s February 2018 tasting report.\xa0Kakalove Café is a nano-roaster located in the small city of Chia-Yi in Taiwan that strives to procure and roast the finest quality coffee. Visit www.kakalovecafe.com.tw\xa0or email\xa0[email\xa0protected]\xa0for more information.', 'desc_3': 'An elegant citrusy and chocolate-toned cup, pleasingly complicated by notes of stone fruit and rich aromatic wood.', 'roast': 'Light', 'rating': 93.0, 'loc_country': 'Taiwan'}]","A very close match from the context is:

**Ethiopia Wilderness Blend**
- **Why it fits:** It has **grapefruit zest**, **dark chocolate**, and a **rich aromatic wood** character, which lines up nicely with your **citrus zest + cacao** request.
- **Difference:** It’s more **stone-fruit and apple blossom** than clove, and it’s a blend rather than a single-origin cup.

If you want the **most savagely citrus/floral Ethiopian** from the set, the best fit is:

**Ethiopia Yirgacheffe Botabaa G1**
- **Why it fits:** Strong **citrus zest** character with **spice-toned** aromatics.
- **Difference:** It leans more **lemon verbena, sandalwood, and floral** than cacao/clove.

If you want, I can also rank all 5 coffees by:
- **most citrus-forward**
- **most cacao/dark chocolate**
- **most clove/spice-like**"
High-scoring medium roast with a syrupy texture and a long spicy finish,"[{'name': 'Pike’s Place Blend', 'origin_1': 'Latin America', 'origin_2': 'Americas', 'desc_1': 'Brisk, dry, sweetly vegetal. Green bean, carob, charred balsa, faded gardenia, raw almond in aroma and cup. Flatly bittersweet structure with  inert acidity; dry, rather thin mouthfeel. Wood-framed, sweetly vegetal finish.', 'desc_2': 'Purchased at amazon.com as a nationally branded benchmark comparison for the darker-roasted coffees from smaller roasters reviewed this month. Visit www.starbucks.com for more information.', 'desc_3': 'This blend retains its popularity, despite what reads here as a flat, bitterish cup, with only some backgrounded sweetness and nuance.', 'roast': 'Dark', 'rating': 84.0, 'loc_country': 'United States'}, {'name': 'Trust the Process — Full Natural', 'origin_1': 'Los Naranjos', 'origin_2': 'La Argentina', 'desc_1': 'Delicate, deep; complex. Pomegranate, macadamia nut, pink grapefruit zest, agave syrup, a hint of fresh dill in aroma and cup. Sweet-savory structure with gently tart, juicy acidity; supple, syrupy mouthfeel. The multi-layered finish, long and inviting, retains all of the flavor and aroma notes from the cup and adds a subtle tropical fruit note suggesting lychee.', 'desc_2': 'This exceptional coffee was selected as the No. 17 coffee on Coffee Review’s list of the Top 30 Coffees of 2021. This coffee earned the highest rating in a cupping of single-farm coffees from Colombia for Coffee Review’s February 2021 report. Produced by Willington Ultengo from trees of the Caturra and Colombia varieties of Arabica and processed by a refined version of the natural method (dried in the whole fruit). Established in 2010, Red Rooster is an organic-certified micro-roaster focusing on socially conscious, high-quality coffee. Visit redroostercoffee.com or call 540-745-7338 for more information.', 'desc_3': 'An intricately original natural-processed Colombia cup that evolves as it cools — lyrically sweet, mysteriously savory, invitingly tart.', 'roast': 'Light', 'rating': 96.0, 'loc_country': 'United States'}, {'name': 'Ka’u Pink Honey', 'origin_1': ""Ka'U District"", 'origin_2': 'Big Island Of Hawai’I', 'desc_1': 'Tropically sweet, floral-driven. Star jasmine, mango, date, macadamia nut, amber in aroma and cup. Sweet-tart structure with gently bright acidity; delicately confident acidity. Resonantly fruit- and floral-toned finish.', 'desc_2': 'Produced at Miranda Farms entirely of the Red Catuaí variety of Arabica and processed by the pink honey method, in which coffee is fermented in the whole fruit before skins are removed and the beans are dried with the pinkish-toned fruit flesh or mucilage still adhering to them. Paradise Roasters specializes in micro-lot Arabica and Robusta coffees from Asia and other emerging origins. The company prides itself on quality and freshness, craft-roasting coffees in small batches only after orders are placed. Visit www.paradiseroasters.com or call 763-433-0626 for more information.', 'desc_3': 'An exciting Ka’u cup that is equal parts lushly fruit-forward and elegantly floral.', 'roast': 'Light', 'rating': 94.0, 'loc_country': 'United States'}, {'name': 'Indestec El Paraiso', 'origin_1': 'Cauca', 'origin_2': 'Colombia', 'desc_1': 'Rich-toned, fruit-forward, sweetly tart. Pineapple, violet, cocoa nib, cedar, a hint of thyme in aroma and cup. Sweetly tart structure with vivid acidity; full, viscous mouthfeel.The fruit-toned finish leads with pineapple notes in the short, rounding to cocoa tones in the long.', 'desc_2': 'Produced by Diego Samuel entirely of the Castillo variety, and processed by the wet, or washed, method. Steady State Roasting is an award-winning small-batch roastery dedicated to the craft and care of providing specialty coffee. The company takes pride in sourcing unique, high-quality coffee direct from farmers so that customers can enjoy fine coffee at home or in the Steady State tasting room in downtown Carlsbad, California. Visit www.steadystateroasting.com for more information.', 'desc_3': 'A washed-process Colombia driven by notes of tropical fruit, with an especially exhilarating acidity.', 'roast': 'Medium-Light', 'rating': 94.0, 'loc_country': 'United States'}, {'name': 'Hawai’i Ka’u Champagne Natural', 'origin_1': 'Ka’U Growing Region', 'origin_2': 'Big Island Of Hawai’I', 'desc_1': 'Deeply sweet, tropical. Pineapple, lychee, baking chocolate, jasmine, lemon verbena in aroma and cup. Sweetly tart with very lively, phosphoric acidity; silky-smooth mouthfeel. The finish is fruit-driven with jasmine undertones.', 'desc_2': 'Produced by smallholding farmers from trees of the Typica, Caturra and Catuai varieties of Arabica and fermented in the whole fruit with wine yeasts, then dried, still in the whole fruit. Paradise Roasters specializes in micro-lot Arabica and Robusta coffees from Asia and other emerging origins. The company prides itself on quality and freshness, craft-roasting coffees in small batches only after orders are placed. Visit www.paradiseroasters.com or call 763-433-0626 for more information.', 'desc_3': 'An experimentally processed coffee from the Big Island’s Ka’u region, tropical in its suggestions, dessert-like in its sweetness.', 'roast': 'Medium-Light', 'rating': 93.0, 'loc_country': 'United States'}]","For **“high-scoring medium roast with a syrupy texture and a long spicy finish,”** the **best match in the context is:**

**Indestec El Paraiso**  
- **Roast Level:** Medium-Light  
- **Quality Rating:** 94  
- **Why it fits:** It has a **full, viscous mouthfeel** and a **long finish** with **cocoa tones**; it’s also sweet-tart and complex.

That said, if you’re specifically prioritizing **syrupy texture** and a **long, layered finish**, the **closest overall fit in the list is actually:**

**Trust the Process — Full Natural**  
- **Roast Level:** Light  
- **Quality Rating:** 96  
- **Why it fits best:** It’s described as having a **supple, syrupy mouthfeel** and a **long and inviting finish**.

**Quick ranking for your description:**
1. **Trust the Process — Full Natural** — best for **syrupy texture + long finish**
2. **Indestec El Paraiso** — best for **medium-roast-ish body + quality**
3. **Hawai’i Ka’u Champagne Natural** — sweet and silky, but not as spicy

If you want, I can also narrow this down to **the best actual medium roast only** from the context."
Organic fair trade Ethiopian coffee with bright acidity and complex fruit and spice character,"[{'name': 'Ardent Ethiopia Natural', 'origin_1': 'Sidamo (Also Sidama) Growing Region', 'origin_2': 'South-Central Ethiopia', 'desc_1': 'Delicately sweet-tart, richly and intricately aromatic, deep-toned. Dried hibiscus flowers, bergamot, frankincense, lychee, boysenberry in aroma and cup. Confidently sweet-tart structure with sparkling acidity; silky, buoyant mouthfeel. The long, lingering flavor-saturated finish intoxicatingly blurs fruit and floral notes.', 'desc_2': 'This exceptional coffee was selected as the No. 5 coffee on Coffee Review’s list of the Top 30 Coffees of 2020.\xa0 A green coffee from Ardent Coffees, a newer specialized exporter of Ethiopia coffees. Southern Ethiopia coffees like this one are largely produced from distinctive indigenous Ethiopian landrace varieties of Arabica long grown in their respective regions. This is a dry-processed or “natural” version (coffee is dried inside the entire fruit). JBC Coffee Roasters’ vision is simple: “let the coffee lead the way” through sourcing and roasting the best and most unique coffees available and rewarding the farmers who grow those coffees with substantial premiums. Visit www.jbccoffeeroasters.com or call 608-256-5282 for more information.', 'desc_3': 'A natural-processed Ethiopia cup unique and thrilling in its dried fruit and floral aromatics carried by a flawless structure: high-toned, elegant, complex, complete.', 'roast': 'Medium-Light', 'rating': 97.0, 'loc_country': 'United States'}, {'name': 'Sustainable Harvest Homacho Waeno Natural', 'origin_1': 'Aleta Wondo', 'origin_2': 'Sidama (Also Sidamo) Growing Region', 'desc_1': 'Deeply and richly sweet-savory. Orange marmalade, pipe tobacco, dried fig, dark chocolate, freesia-like flowers in aroma and cup. Bright, sweetly-tart in structure with zesty acidity; delicately satiny mouthfeel. Notes of richly savory pipe tobacco lead in the finish, paired with dried fig in the short and orange marmalade in the long.', 'desc_2': 'This coffee tied for the second-highest rating in a tasting of 71 organic-certified coffees from Africa for Coffee Review’s November 2017 tasting report. Southern Ethiopia coffees like this one are produced from distinctive traditional Ethiopian varieties of Arabica long grown in the region. Like virtually all southern Ethiopia coffees, this coffee is produced by villagers on small garden plots interplanted with food and other subsistence crops. This is a dry-processed or “natural” coffee, meaning the beans were dried inside the fruit rather than after the fruit has been removed, as is the case with wet-processed or “washed” coffees. Red E Cafe is a popular café \xa0and roastery in Portland, Oregon. For more information, visit.www.theredecafe.com.', 'desc_3': 'A natural-processed Ethiopia coffee of intriguing depth, with a wide range of aroma/flavor notes, savory pipe tobacco to high-toned, spicy florals, to crisply sweet citrus marmalade.', 'roast': 'Light', 'rating': 93.0, 'loc_country': 'United States'}, {'name': 'Ethiopia Kayon Mountain', 'origin_1': 'Odo Shakiso District', 'origin_2': 'Guji Zone', 'desc_1': 'Delicate, richly and sweetly tart. Dried hibiscus, fine musk, almond, sandalwood, raspberry in aroma and cup. Fruit-toned, deeply sweet structure with gently-expressed acidity; buoyant, satiny-smooth mouthfeel. The crisp, flavor-saturated finish is characterized by sweet-tart fruit and floral tones (raspberry, hibiscus).', 'desc_2': 'This coffee tied for the second-highest rating in a tasting of 71 organic-certified coffees from Africa for Coffee Review’s November 2017 tasting report. Southern Ethiopia coffees like this one are produced from distinctive traditional Ethiopian varieties of Arabica long grown in the region. Like virtually all southern Ethiopia coffees, this coffee is produced by villagers on small garden plots interplanted with food and other subsistence crops. This is a dry-processed or “natural” coffee, meaning the beans were dried inside the fruit rather than after the fruit has been removed, as is the case with wet-processed or “washed” coffees. Certified USDA organic. Established in 2010, Red Rooster is an organic-certified micro-roaster focusing on socially conscious coffee and high-quality coffee. Visit redroostercoffee.com or call 540-745-7338 for more information.', 'desc_3': 'A lively and crisply sweet, fruit-forward natural-processed Ethiopia cup.', 'roast': 'Light', 'rating': 93.0, 'loc_country': 'United States'}, {'name': 'Ethiopia Amaro Gayo Natural', 'origin_1': 'Yirgacheffe Growing Region', 'origin_2': 'Southern Ethiopia', 'desc_1': 'Deeply sweet, fruit- and cocoa-toned. Baker’s chocolate, dried coconut, tea rose, almond, cedar in aroma and cup. Fruit-toned structure with round, gentle acidity; crisp though syrupy mouthfeel. The spice-toned finish suggests homemade fruitcake, with notes of dried fruit, nuts and warming spices. ', 'desc_2': 'This coffee tied for the third-highest rating in a tasting of 71 organic-certified coffees from Africa for Coffee Review’s November 2017 tasting report. Yirgacheffe is a coffee region in southern Ethiopia that produces distinctive coffees from traditional varieties of Arabica long grown in the region. This is a “natural” or dry-processed version, meaning the beans were dried inside the fruit, encouraging a flavor profile that is less predictable and deeper than the more familiar wet-processed floral- and citrus-toned Yirgacheffe profile. Like virtually all southern Ethiopia coffees, this coffee is produced by villagers on small, garden plots interplanted with food and other subsistence crops. Certified USDA organic. Named after the cofounders’ son, Ben, Ben’s Beans prides itself on ethical sourcing, as well as in donating a portion of proceeds to charities in the coffee-producing regions they work with. Visit www.bensbeans.org for more information.', 'desc_3': 'The overall impression of this natural-processed Yirgacheffe cup is equal parts dried fruit and chocolate, nicely elaborated by spice suggestions (cinnamon, clove, nutmeg).', 'roast': 'Medium-Light', 'rating': 92.0, 'loc_country': 'United States'}, {'name': 'Organic Ethiopia Kirite', 'origin_1': 'Hambela District', 'origin_2': 'Guji Zone', 'desc_1': 'High-toned, crisply sweet. Lemon blossom, apricot, frankincense, spearmint, roasted cacao nib in aroma and cup. Balanced, complete sweet-savory structure; satiny, full mouthfeel. Sweet spearmint notes carry the cocoa-toned finish, with hints of lemon blossom and apricot.', 'desc_2': 'This coffee tied for the second-highest rating in a tasting of 71 organic-certified coffees from Africa for Coffee Review’s November 2017 tasting report. Produced by the METAD farm and mill in southern Ethiopia. Southern Ethiopia produces distinctive coffees from traditional varieties of Arabica long grown in the region. Coffees like this one processed by the wet or washed method (fruit skin and pulp is removed before drying) typically express great aromatic complexity and intensity with a particular emphasis on citrus and floral notes. Ceritifed USDA organic. Wonderstate Coffee, formerly Kickapoo Coffee, is an award-winning roaster based in rural Wisconsin known for their commitment to guaranteeing higher pay for farmers and being the country’s first 100% solar powered roastery. Visit https://wonderstate.com for more information.', 'desc_3': 'An inviting wet-processed Ethiopia cup. Invokes a walk through a citrus orchard in spring, with a bonus of sweet herb and cocoa tones.', 'roast': 'Medium-Light', 'rating': 93.0, 'loc_country': 'United States'}]","For **organic, fair trade Ethiopian coffee** with **bright acidity** and **complex fruit + spice**, the best fit from your context is:

## **Top Pick: Ethiopia Amaro Gayo Natural**
- **Organic:** Yes — **Certified USDA organic**
- **Fair trade / ethical sourcing:** The listing emphasizes **ethical sourcing** and charity support, though it doesn’t explicitly say fair trade certification
- **Profile:** **Dried fruit, chocolate, and warming spices**
- **Why it fits:** It has **fruit-toned structure**, **gentle acidity**, and a **spice-driven finish** with notes of **fruitcake, cinnamon, clove, and nutmeg**

### Flavor highlights
- Baker’s chocolate
- Dried coconut
- Tea rose
- Almond
- Cedar
- Dried fruit
- Warming spices

---

## **If you want something even brighter and more fruit-forward**
### **Organic Ethiopia Kirite**
- **Organic:** Yes — **Certified USDA organic**
- **Profile:** **Lemon blossom, apricot, frankincense, spearmint, roasted cacao nib**
- **Why it fits:** This one is **high-toned and crisply sweet** with **brighter citrus/floral acidity**, though it’s more **floral-herbal** than spice-heavy

---

## **Best match by description**
If your goal is:

- **Bright acidity:** **Organic Ethiopia Kirite**
- **Fruit + spice complexity:** **Ethiopia Amaro Gayo Natural**
- **Most balanced overall:** **Ethiopia Amaro Gayo Natural**

If you want, I can also narrow these down into a **best pour-over choice** or **best espresso choice** from the list."
PT's Coffee Roasting Thiriku AA Kenya medium roast United States rating 95 Central Kenya November 2017,"[{'name': 'Thiriku AA Kenya', 'origin_1': 'Central Kenya', 'origin_2': 'Sidama (Also Sidamo) Growing Region', 'desc_1': 'Intense; deep, spice-complicated sweetness. Black currant, baker’s chocolate, peppercorn medley, black sage, a hint of lush lily in aroma and cup. Balanced and lively in structure: sweetly tart with a savory edge. Plush, silky mouthfeel. Chocolate moves forward in a resonant, long, lively finish.', 'desc_2': 'Produced by the Thiriku Coffee Growers Cooperative Society from trees of the SL-28, SL-34 and Ruiru varieties of Arabica. Processed by a particularly meticulous Kenya variation on the traditional wet or “washed” method, in which skin and fruit flesh are removed from the beans or seeds before they are dried. AA is the highest grade of Kenya coffee based on bean size and freedom from imperfections. Roasted at PT’s Coffee, where the motto is “without the love, it’s just coffee.” Visit www.ptscoffee.com or call 888-678-5282 for more information.', 'desc_3': 'Mysterious and extraordinary in the Kenya style: simultaneously sweet, savory, tart and entirely and grandly vibrant.', 'roast': 'Medium', 'rating': 95.0, 'loc_country': 'United States'}, {'name': 'Kenya Handege', 'origin_1': 'Thika Growing Region', 'origin_2': 'Central Kenya', 'desc_1': 'Very sweet, tart, musky and rich. Sugarcane, orange zest, ripe peach, gardenia, myrhh in aroma, with elegant tobacco and cocoa also emerging in the cup. Structure is deeply sweet-savory, with juicy acidity; gently drying, syrupy mouthfeel. The resonant finish is crisp and rich: cocoa, tobacco, florals and citrus zest carry into the long.', 'desc_2': 'Produced by smallholding members of the Ritho Cooperative. Despite challenges ranging from unclear government coffee policy and urban encroachment on prime coffee lands to chronically unstable weather, the famed Kenya coffee auction system and its participating cooperatives continue to produce some of the world’s most elegant and distinctive coffees. Founded in 2015, the Greater Goods mission is to enrich the lives of coffee-drinkers through passion, creativity, innovation and commitment to the consistency of the specialty coffee the company roasts, and through the local causes supported with its proceeds. Visit greatergoodsroasting.com or call 512-858-2680 for more information.', 'desc_3': 'Rather than the typical Kenya black currant and cocoa profile, this equally remarkable Kenya is driven by the intensity of the musky/rich elements and the juicy stone fruit and citrus.', 'roast': 'Medium', 'rating': 94.0, 'loc_country': 'United States'}, {'name': 'Kenya Auction Lot', 'origin_1': 'Kenya', 'origin_2': 'Nyeri Growing Region', 'desc_1': 'Crisply sweet-savory. Dark chocolate, charred mesquite, gardenia, dried persimmon, dark caramel in aroma and cup. Bittersweet structure with barely perceptible acidity; gently drying, chocolaty and wood-framed finish.', 'desc_2': 'This coffee was purchased from a Peet’s Coffee retail location as a nationally branded benchmark comparison for the darker-roasted coffees from smaller roasters reviewed this month. It is a conventionally washed-process coffee in the Kenya tradition. Peet’s Coffee, now a national chain, was founded by Alfred Peet in 1966, making it one of the first and most influential artisan coffee roasters in the U.S. Visit www.peets.com for more information.', 'desc_3': 'A fine Kenya roasted in Peet’s classic dark style, which here encourages surprising depth while retaining the crisp coherence of the classic Kenya profile.', 'roast': 'Medium-Dark', 'rating': 92.0, 'loc_country': 'United States'}, {'name': 'Kenya Gatuya', 'origin_1': 'South-Central Kenya', 'origin_2': 'Kiambu County', 'desc_1': 'Crisply sweet, richly cocoa-toned. Dark chocolate, hop flowers, apricot, oak, agave syrup in aroma and cup. Deeply sweet in structure with high-toned, lively acidity; satiny-smooth mouthfeel. The resonant finish is crisp with cocoa and apricot notes, followed by a hint of bittersweet hop flowers.', 'desc_2': 'This coffee tied for the third-highest rating in a cupping of coffees from U.S. Mountain States roasters for Coffee Review’s October 2018 tasting report. Despite challenges ranging from contested government coffee policy and urban encroachment on prime coffee lands to chronically unstable weather, Kenya continues to produce some of the world’s most elegant and distinctive coffees. Big Creek Coffee Roasters is a small, quality-oriented batch roaster located in Montana’s Bitterroot Valley. Visit www.bigcreekcoffeeroasters.com or call 406-375-7508 for more information.', 'desc_3': 'A complex, chocolaty and floral Kenya cup with pretty stone fruit notes throughout.', 'roast': 'Medium', 'rating': 93.0, 'loc_country': 'United States'}, {'name': 'Gikanda Kenya', 'origin_1': 'South-Central Kenya', 'origin_2': 'Boquete Growing Region', 'desc_1': 'Sweetly bright, spicy and savory-edged. Orange zest, black currant, baker’s chocolate, tamarind, floral-toned vanilla, redwood in aroma and cup. Deeply bright and richly savory in structure; syrupy, lively mouthfeel. Very deep, very lasting finish, saturated with flavor: chocolate, black currant, vanilla. ', 'desc_2': 'Despite grower discontent and urban encroachment on prime coffee lands, Kenya continues to produce some of the world’s most elegant and distinctive coffees. JBC Coffee Roasters’ vision is simple: “let the coffee lead the way” through sourcing and roasting the best and most unique coffees available and rewarding the farmers who grow those coffees with substantial premiums. Visit www.jbccoffeeroasters.com or call 608-256-5282 for more information.', 'desc_3': 'Superb version of the classic sweet-savory, crisply juicy, fragrantly floral-edged Kenya cup.', 'roast': 'Medium-Light', 'rating': 96.0, 'loc_country': 'United States'}]","**Thiriku AA Kenya — PT’s Coffee Roasting**
- **Origin:** Central Kenya
- **Roast Level:** Medium
- **Quality Rating:** **95**
- **Location/Country:** United States

**Tasting Profile**
- **Aromas & flavors:** black currant, baker’s chocolate, peppercorn, black sage, hint of lily
- **Structure:** sweetly tart, savory-edged, balanced and lively
- **Mouthfeel:** plush, silky
- **Finish:** long, resonant, chocolate-forward

**Processing & Variety**
- Produced by the **Thiriku Coffee Growers Cooperative Society**
- Varieties: **SL-28, SL-34, and Ruiru**
- Processed using a meticulous **Kenya-style washed method**
- **AA grade**: the highest Kenya coffee grade for bean size and low defects

**Quick impression**
- A classic, high-scoring Kenya with a vivid mix of **sweet, tart, savory, and floral** character.

If you want, I can also turn this into a **brew recommendation** for pour-over, AeroPress, or espresso."
"medium roast Kenya coffee with black currant, dark chocolate, peppery spice, silky body, and a long finish","[{'name': 'Kenya AB Top', 'origin_1': 'Kenya', 'origin_2': 'Gedeb District', 'desc_1': 'Pungent, sweetly tart. Dark chocolate, black currant, lemon blossom, molasses, oak in aroma and cup. Vibrantly sweet-tart in structure; full, velvety mouthfeel. Flavor consolidates to notes of black currant in the finish.', 'desc_2': 'Despite grower discontent and urban encroachment on prime coffee lands, Kenya continues to produce some of the world’s most elegant and distinctive coffees. De Clieu Coffee is a Taiwan-based roaster whose mission it is to explore extraordinary coffees. For more information, visit www.facebook.com/declieucoffeetaipei.', 'desc_3': 'A bold, deep Kenya cup driven by classic black currant notes and rounded by dark chocolate suggestions.', 'roast': 'Medium-Light', 'rating': 93.0, 'loc_country': 'Taiwan'}, {'name': 'Gikanda Kenya', 'origin_1': 'South-Central Kenya', 'origin_2': 'Boquete Growing Region', 'desc_1': 'Sweetly bright, spicy and savory-edged. Orange zest, black currant, baker’s chocolate, tamarind, floral-toned vanilla, redwood in aroma and cup. Deeply bright and richly savory in structure; syrupy, lively mouthfeel. Very deep, very lasting finish, saturated with flavor: chocolate, black currant, vanilla. ', 'desc_2': 'Despite grower discontent and urban encroachment on prime coffee lands, Kenya continues to produce some of the world’s most elegant and distinctive coffees. JBC Coffee Roasters’ vision is simple: “let the coffee lead the way” through sourcing and roasting the best and most unique coffees available and rewarding the farmers who grow those coffees with substantial premiums. Visit www.jbccoffeeroasters.com or call 608-256-5282 for more information.', 'desc_3': 'Superb version of the classic sweet-savory, crisply juicy, fragrantly floral-edged Kenya cup.', 'roast': 'Medium-Light', 'rating': 96.0, 'loc_country': 'United States'}, {'name': 'Kenya Gachatha AB', 'origin_1': 'South-Central Kenya', 'origin_2': 'Acatenango', 'desc_1': 'Sweetly spice-toned. Black currant, tea rose, pink peppercorn, toffee, oak in aroma and cup. Sweet structure with bright, juicy acidity; crisp, velvety mouthfeel. The quiet finish consolidates to notes of black currant and pink peppercorn.', 'desc_2': ""Despite grower discontent, unclear government coffee policy and urban encroachment on prime coffee lands, the famed Kenya coffee auction system and its participating cooperatives continue to produce some of the world's most elegant and distinctive coffees. Sunny’s Coffee is a café and roastery in the Tochigi Prefecture specializing in craft-roasted coffees and house-made food. Visit sunnyscoffee.thebase.in for more information.\xa0"", 'desc_3': 'An austere, brightly sweet Kenya cup with a spice throughline suggesting floral pink peppercorn.', 'roast': 'Medium-Light', 'rating': 93.0, 'loc_country': 'Japan'}, {'name': 'Kenya ARES', 'origin_1': 'Nyeri Growing Region', 'origin_2': 'South-Central Kenya', 'desc_1': 'Berry-driven, sweetly herb-toned. Black currant, cocoa nib, thyme, lavender, oak in aroma and cup. Sweet-toned structure with bright acidity; satiny, buoyant mouthfeel. Rich, long-lasting, berry-toned finish.', 'desc_2': 'This coffee tied for the highest rating in a cupping of coffees from Kenya for Coffee Review’s October 2020 report. Produced from trees of the admired SL-28 and SL-34 varieties of Arabica. Coffee Please is an artisanal roastery and cafe in Taipei’s Beitou District, famous for the nearby Yangming Mountain hot springs. Visit www.facebook.com/CoffeepleaseTW for more information.', 'desc_3': 'Classic Kenya cup profile with concentrated notes of black currant and cocoa throughout, complicated by sweet-toned herb and floral notes.', 'roast': 'Medium-Light', 'rating': 95.0, 'loc_country': 'Taiwan'}, {'name': 'Kenya', 'origin_1': 'Nyeri Growing Region', 'origin_2': 'South-Central Kenya', 'desc_1': 'Sweetly savory, chocolate-toned. Baker’s chocolate, singed cedar, gardenia, plum, molasses in aroma and cup. Crisply sweet-savory structure; delicate, satiny mouthfeel. The richly drying finish centers around baker’s chocolate and pleasantly smoky aromatic wood notes.', 'desc_2': 'Despite grower discontent and urban encroachment on prime coffee lands, Kenya continues to produce some of the world’s most elegant and distinctive coffees. Evie’s Café, based in Chia-Yi Taiwan, specializes in fine roasted coffees as well as pour-overs and cold-brews. Visit https://m.facebook.com/eviescafe88/ for more information.', 'desc_3': 'A friendly Kenya cup that leads with crisp chocolate and deep floral notes, with a medium-dark roast profile that encourages a pleasing suggestion of smoky aromatic wood.', 'roast': 'Medium', 'rating': 92.0, 'loc_country': 'Taiwan'}]","A **good match** from the context is:

**Kenya Gikanda**
- **Origin:** South-Central Kenya
- **Roast Level:** Medium-Light
- **Why it fits:**  
  - **Black currant**  
  - **Baker’s chocolate / dark chocolate**  
  - **Spicy edge**  
  - **Syrupy, lively mouthfeel** that can read as **silky/smooth**
  - **Very deep, very lasting finish**

If you want something a bit more **peppery-spice forward**, **Kenya Gachatha AB** is also a strong fit:
- **Black currant**
- **Pink peppercorn**
- **Velvety mouthfeel**
- **Quiet finish** with black currant and spice

For your flavor target of **black currant + dark chocolate + peppery spice + silky body + long finish**, I’d rank them:

1. **Kenya Gikanda** — best overall match  
2. **Kenya Gachatha AB** — best for peppery spice  
3. **Kenya AB Top** — strong black currant + dark chocolate, but less spice-driven

If you want, I can also help you turn this into a **brew recipe** for pour-over or espresso."
"washed Kenya coffee with vibrant tart sweetness, savory edge, plush mouthfeel, and chocolate-forward aftertaste","[{'name': 'Kenya Murang’a Githiga AA', 'origin_1': 'Muranga District', 'origin_2': 'Central Province', 'desc_1': 'Very sweetly tart, floral-prominent and rich-toned. Lemon custard, red currant jam, tea rose, maple syrup and dried coconut in aroma and cup. Delightfully crisp and tart, though cohesively resonant in structure; very lightly though buoyantly syrupy in mouthfeel. The finish is pert and satisfying, with a lingering sweet crispness and a long aromatic trajectory.', 'desc_2': 'Despite grower discontent and urban encroachment on prime coffee lands, Kenya continues to produce some of the world’s most elegant and distinctive coffees. Evie’s Café, based in Chia-Yi Taiwan, specializes in fine roasted coffees as well as pour-overs and cold-brews. Visit https://m.facebook.com/eviescafe88/ for more information.', 'desc_3': 'Though delicate and perhaps a bit bright for some palates, the integrated breadth of “tart” is reminiscent of fine desserts by the same name. An elegant example of the Kenya type.', 'roast': 'Medium-Light', 'rating': 94.0, 'loc_country': 'Taiwan'}, {'name': 'Kenya Nyeri Muchoki Estate AA', 'origin_1': 'Nyeri Growing Region', 'origin_2': 'South-Central Kenya', 'desc_1': 'Richly sweet, deeply chocolaty. Milk chocolate, red currant, freesia-like flowers, cedar, maple syrup in aroma and cup. Crisp, sweetly tart structure with vibrant, juicy acidity; plush, viscous mouthfeel. The quiet finish centers around notes of milk chocolate, freesia and maple syrup.', 'desc_2': 'Despite grower discontent, contested government coffee policy and urban encroachment on prime coffee lands, the famed Kenya coffee auction system and its participating cooperatives continue to produce some of the world’s most elegant and distinctive coffees. Like most Kenyas, a wet-processed or washed coffee\xa0 (fruit skin and pulp are removed before drying). Kakalove Café is a nano-roaster located in the small city of Chia-Yi in Taiwan that strives to procure and roast the finest quality coffee. Visit www.kakalovecafe.com.tw or email [email\xa0protected] for more information.', 'desc_3': 'A richly chocolaty Kenya cup with deep floral notes throughout and a particularly lively, syrupy-smooth mouthfeel.', 'roast': 'Light', 'rating': 94.0, 'loc_country': 'Taiwan'}, {'name': 'Kenya', 'origin_1': 'Nyeri Growing Region', 'origin_2': 'South-Central Kenya', 'desc_1': 'Sweetly savory, chocolate-toned. Baker’s chocolate, singed cedar, gardenia, plum, molasses in aroma and cup. Crisply sweet-savory structure; delicate, satiny mouthfeel. The richly drying finish centers around baker’s chocolate and pleasantly smoky aromatic wood notes.', 'desc_2': 'Despite grower discontent and urban encroachment on prime coffee lands, Kenya continues to produce some of the world’s most elegant and distinctive coffees. Evie’s Café, based in Chia-Yi Taiwan, specializes in fine roasted coffees as well as pour-overs and cold-brews. Visit https://m.facebook.com/eviescafe88/ for more information.', 'desc_3': 'A friendly Kenya cup that leads with crisp chocolate and deep floral notes, with a medium-dark roast profile that encourages a pleasing suggestion of smoky aromatic wood.', 'roast': 'Medium', 'rating': 92.0, 'loc_country': 'Taiwan'}, {'name': 'Kenya Zuri', 'origin_1': 'Kenya', 'origin_2': 'Colombia', 'desc_1': 'Deep, sweet, chocolaty. Chocolate fudge, black cherry, fresh-cut fir, hibiscus blossom, brown sugar in aroma and small cup. Sweet-tart structure with crisp, apple-like acidity; velvety-smooth mouthfeel. Gently drying finish with a chocolate throughline and fir undertones.', 'desc_2': 'This coffee tied for the fourth-highest rating in a cupping of single-origin coffees available in U.S. supermarkets for Coffee Review’s February 2020 report. Purchased at a Whole Foods Market in Berkeley, California. Processed by the washed method (fruit skin and pulp are removed before drying). Allegro Coffee, a subsidiary of Whole Foods Market, offers one of the country’s largest selections of single-origin coffees. Visit www.allegrocoffee.com or call 800-227-1107 for more information.', 'desc_3': 'A straightforward, accessible Kenya cup with big chocolate notes as a throughline.', 'roast': 'Medium', 'rating': 90.0, 'loc_country': 'United States'}, {'name': 'Kenya Kainamui', 'origin_1': 'South-Central Kenya', 'origin_2': 'South-Central Kenya', 'desc_1': 'Vibrant, high-toned, deeply sweet. Candied violet, pomegranate, sandalwood, honey, almond in aroma and cup. Richly sweet structure with bright, citrusy acidity; satiny mouthfeel. Sweetly tart in the short finish and redolent of honey and pomegranate in the long.', 'desc_2': 'This coffee tied for the third-highest rating in a cupping of coffees from U.S. Mountain States roasters for Coffee Review’s October 2018 tasting report. Despite challenges ranging from contested government coffee policy and urban encroachment on prime coffee lands to chronically unstable weather, Kenya continues to produce some of the world’s most elegant and distinctive coffees. Founded by Andy Sprenger in 2013, Sweet Bloom develops long-term relationships with coffee producers that emphasize transparency and consistency. Visit www.sweetbloomcoffee.com for more information.', 'desc_3': 'A deep, nuanced Kenya cup with notes of tart fruit, sweet florals, and rich aromatic wood.', 'roast': 'Medium-Light', 'rating': 93.0, 'loc_country': 'United States'}]","A great match from the context is:

**Kenya Nyeri Muchoki Estate AA**

Why it fits:
- **Washed Kenya**: The context explicitly says it’s **wet-processed / washed**
- **Vibrant tart sweetness**: “**Crisp, sweetly tart structure with vibrant, juicy acidity**”
- **Savory edge**: Notes of **cedar** give it a subtle savory / woody impression
- **Plush mouthfeel**: Described as **plush, viscous mouthfeel**
- **Chocolate-forward aftertaste**: The finish centers around **milk chocolate**

If you want, I can also rank the other Kenya coffees in the context from **closest match to least close** for those flavor descriptors."
"high-scoring coffee with lively structure, sweet-tart fruit, chocolate notes, and a smooth heavy body","[{'name': 'COE Brazil Naturals 2017 Sitio Esperanza 7th place', 'origin_1': 'Mantiqueira De Minas Growing Region', 'origin_2': 'Southern Minas Gerais State', 'desc_1': 'High-toned, richly sweet-tart. Baker’s chocolate, hibiscus tea, floral vanilla, tangerine zest, brown sugar in aroma and cup. Sweetly bright in structure, with gentle acidity; plush, syrupy mouthfeel. The sweetly tart finish is gently drying, consolidating around notes of hibiscus tea and baker’s chocolate.', 'desc_2': ' This coffee tied for the second-highest rating in a cupping of coffees from Brazil for Coffee Review’s May 2018 tasting report. As a green coffee, it also took seventh place in the 2017 Cup of Excellence juried competition for natural or dry-processed Brazil coffees, meaning coffees that were dried in the entire fruit rather than after the fruit has been removed, as is the case with wet- or “washed”-processed coffees. Naturals form the backbone of the Brazil coffee industry, but this prize-winning lot reflects a particularly refined approach to the method. Dragonfly Coffee is a Boulder, Colorado-based micro-roaster that produces high-quality coffees and supports worthy causes. Visit www.dragonflycoffeeroasters.com or call 303-579-2154 for more information.', 'desc_3': 'A crisp, chocolate-toned Brazil natural cup, with inviting notes of dried hibiscus and vanilla-like florals.', 'roast': 'Medium-Light', 'rating': 92.0, 'loc_country': 'United States'}, {'name': 'Colombia Granja La Esperanza Tres Dragones', 'origin_1': 'Valle Del Cauca Growing Region', 'origin_2': 'Colombia', 'desc_1': 'Deeply fruity, sweetly fermenty, headily floral. Strawberry coulis, brandy, almond butter, toffee, honeysuckle in aroma and cup. Richly sweet-tart structure with juicy, bright acidity; viscous, syrupy mouthfeel. Sustained flavor-saturated finish.', 'desc_2': 'Produced by Rigoberto Herrera at Granja La Esperanza in Colombia, a producer that specializes in innovation, in this case applying a complex version of the natural process to successfully intensify sweetness and fruit to coffee from trees of the normally rather plain-tasting Colombia variety. Roasted at PT’s Coffee, where the motto is “without the love, it’s just coffee.” Visit www.ptscoffee.com or call 888-678-JAVA for more information.', 'desc_3': 'A bombshell of a coffee with enough personality to stand up to a lemon tart — for breakfast, of course.', 'roast': 'Medium-Light', 'rating': 94.0, 'loc_country': 'United States'}, {'name': 'Peru Chirinois', 'origin_1': 'San Ignacio Province', 'origin_2': 'Cajamarca Region', 'desc_1': 'Balanced, deeply sweet, subtly spice-toned. Pear, almond, baker’s chocolate, wisteria, maple syrup in aroma and cup. Sweet-tart-savory structure with soft acidity; satiny-smooth mouthfeel. A gently brisk finish quietly sustains all of the aroma and flavor notes from the cup. ', 'desc_2': 'This coffee tied for the second-highest rating in a cupping of coffees from Peru, Bolivia and Ecuador for Coffee Review’s\xa0March 2019 tasting report. This is a wet-processed or “washed” coffee, meaning the fruit skin and pulp were removed from the beans immediately after harvesting and before drying. Wild Goose emphasizes its relationship-driven green coffee sourcing, and for every pound of coffee sold it purchases ten pounds of food for a local food bank, with over 750,000 pounds donated to date. Visit www.wildgoosecoffee.com for more information.', 'desc_3': 'A beautifully balanced Peru cup: fruit, flowers and nuts in crisply sweet harmony.', 'roast': 'Medium-Light', 'rating': 92.0, 'loc_country': 'United States'}, {'name': 'Sweet Collection Blend', 'origin_1': 'Colombia', 'origin_2': 'Guatemala', 'desc_1': 'Evaluated as espresso. Rich-toned, gently fruit-forward. Pomegranate, baking chocolate, narcissus, cedar, almond butter in aroma and small cup. Crisp, velvety mouthfeel; chocolaty, subtly fruit-toned finish. In three parts milk, tart fruit notes soften and baking chocolate and narcissus come forward.', 'desc_2': 'A blend of washed- and honey-processed coffees from Colombia and a washed Guatemala, roasted for espresso. CofFeeling Coffee is based in Kaohsiung City in southern Taiwan. Visit www.coffeelingcafe.com or call +886-7-285-5300 for more information.', 'desc_3': 'A balanced blend of both washed- and natural-processed coffees with delicate fruit and deep chocolate and nut tones throughout. Particularly pretty in milk.', 'roast': 'Medium-Light', 'rating': 93.0, 'loc_country': 'Taiwan'}, {'name': 'Sumatra Tano Batak', 'origin_1': 'Lintong Growing Region', 'origin_2': 'North Sumatra Province', 'desc_1': 'Sweetly and deeply pungent: earth and chocolate. Rich dark chocolate, fresh-turned humus, black currant, magnolia, cedar in aroma and cup. Pungent, sweet-tart in structure, with a profound savory bottom. The mouthfeel is not particularly full, but smooth, satiny. Nothing is lost in a flavor-saturated finish.', 'desc_2': 'This coffee tied for the second-highest rating in a cupping of coffees from Sumatra for Coffee Review’s April 2019 tasting report. Coffees like this one from the northern part of the Indonesian island of Sumatra are valued for their complex earth and fruit notes that appear to result largely from unorthodox fruit removal and drying practices called “wet-hulling.” Gracenote Coffee is an espresso bar and roastery in Boston, Massachusetts. For more information, visit www.gracenotecoffee.com. ', 'desc_3': 'Classic Sumatra genius: chocolate and earth, sweet-savory berry, balanced and complete.', 'roast': 'Medium-Light', 'rating': 94.0, 'loc_country': 'United States'}]","The best match from the context is **Document 1: COE Brazil Naturals 2017 Sitio Esperanza 7th place**.

**Why it fits:**
- **High-scoring:** 92.0 quality rating, and it placed **7th in Cup of Excellence**
- **Lively structure:** “**sweetly bright in structure**” with gentle acidity
- **Sweet-tart fruit:** **tangerine zest** and **hibiscus tea**
- **Chocolate notes:** **baker’s chocolate**
- **Smooth heavy body:** **plush, syrupy mouthfeel**

If you want, I can also rank the other coffees in the context by how closely they match that flavor description."
"premium medium roast African coffee for people who like fruity brightness, cocoa depth, and a lingering finish","[{'name': 'Kenya', 'origin_1': 'Nyeri Growing Region', 'origin_2': 'South-Central Kenya', 'desc_1': 'Sweetly savory, chocolate-toned. Baker’s chocolate, singed cedar, gardenia, plum, molasses in aroma and cup. Crisply sweet-savory structure; delicate, satiny mouthfeel. The richly drying finish centers around baker’s chocolate and pleasantly smoky aromatic wood notes.', 'desc_2': 'Despite grower discontent and urban encroachment on prime coffee lands, Kenya continues to produce some of the world’s most elegant and distinctive coffees. Evie’s Café, based in Chia-Yi Taiwan, specializes in fine roasted coffees as well as pour-overs and cold-brews. Visit https://m.facebook.com/eviescafe88/ for more information.', 'desc_3': 'A friendly Kenya cup that leads with crisp chocolate and deep floral notes, with a medium-dark roast profile that encourages a pleasing suggestion of smoky aromatic wood.', 'roast': 'Medium', 'rating': 92.0, 'loc_country': 'Taiwan'}, {'name': 'Kenya Kariru PB', 'origin_1': 'South-Central Kenya', 'origin_2': 'South-Central Kenya', 'desc_1': 'Crisply sweet-tart, engagingly bright. Tangerine zest, baker’s chocolate, tamarind, orange blossom, molasses in aroma and cup. Sweet-tart structure with brisk acidity; velvety-smooth mouthfeel. Floral in the short finish, followed by notes of baker’s chocolate and citrus zest in the long.', 'desc_2': 'This coffee tied for the fourth-highest rating in a cupping of coffees from U.S. Mountain States roasters for Coffee Review’s October 2018 tasting report. Despite challenges ranging from contested government coffee policy and urban encroachment on prime coffee lands to chronically unstable weather, Kenya continues to produce some of the world’s most elegant and distinctive coffees. Corvus Coffee Roasters is based in Denver, Colorado and specializes in rare and exclusive coffees from some of the finest growers in the world. Corvus particularly focuses on processing methods and selective harvesting, which result in small, seasonal micro-lots of uniquely sweet, vibrant, and clean flavor profiles. For more information, visit www.corvuscoffee.com.', 'desc_3': 'A lively citrus- and cocoa-driven, richly sweet-tart Kenya cup.', 'roast': 'Light', 'rating': 92.0, 'loc_country': 'United States'}, {'name': 'Kenya AB', 'origin_1': 'South-Central Kenya', 'origin_2': 'Santa Maria', 'desc_1': 'Roast-touched, floral-toned, richly chocolaty. Narcissus, chocolate fudge, black cherry, almond, lightly scorched mesquite in aroma and cup. Sweet-toned structure with crisp, malic acidity, suggesting green apple; full, creamy mouthfeel. The finish consolidates to chocolate fudge and black cherry with undertones of smoky mesquite.', 'desc_2': 'This coffee earned the second-highest rating in a cupping of coffees from New England roasters for Coffee Review’s February 2019 tasting report. Despite challenges ranging from contested government coffee policy and urban encroachment on prime coffee lands to chronically unstable weather, Kenya continues to produce some of the world’s most elegant and distinctive coffees. Vermont Artisan Coffee & Tea provides craft-roasted coffees and quality teas to retail establishments, food service markets, and retail customers throughout New England, and beyond. For more information, visit \xa0www.vtartisan.com.', 'desc_3': 'A deeply sweet Kenya cup with a developed roast profile that equally prioritizes flowers and chocolate.', 'roast': 'Medium', 'rating': 94.0, 'loc_country': 'United States'}, {'name': 'Kenya Murang’a Githiga AA', 'origin_1': 'Muranga District', 'origin_2': 'Central Province', 'desc_1': 'Very sweetly tart, floral-prominent and rich-toned. Lemon custard, red currant jam, tea rose, maple syrup and dried coconut in aroma and cup. Delightfully crisp and tart, though cohesively resonant in structure; very lightly though buoyantly syrupy in mouthfeel. The finish is pert and satisfying, with a lingering sweet crispness and a long aromatic trajectory.', 'desc_2': 'Despite grower discontent and urban encroachment on prime coffee lands, Kenya continues to produce some of the world’s most elegant and distinctive coffees. Evie’s Café, based in Chia-Yi Taiwan, specializes in fine roasted coffees as well as pour-overs and cold-brews. Visit https://m.facebook.com/eviescafe88/ for more information.', 'desc_3': 'Though delicate and perhaps a bit bright for some palates, the integrated breadth of “tart” is reminiscent of fine desserts by the same name. An elegant example of the Kenya type.', 'roast': 'Medium-Light', 'rating': 94.0, 'loc_country': 'Taiwan'}, {'name': 'Kenya Gura AA', 'origin_1': 'Central Kenya', 'origin_2': 'Lintong Growing Region', 'desc_1': 'Intensely sweet-tart, deeply rich. Blackberry jam, toasted coconut, dark chocolate, fine musk, fresh-cut redwood in aroma and cup. Sweetly tart structure with juicy, bright acidity; delicate, satiny mouthfeel. The quiet finish centers on notes of blackberry and chocolate in the short, musk and redwood in the long. ', 'desc_2': 'This coffee tied for the second-highest rating in a cupping of coffees roasted by women for Coffee Review‘s April 2018 tasting report. Despite challenges ranging from unclear government coffee policy and urban encroachment on prime coffee lands to chronically unstable weather, the famed Kenya coffee auction system and its participating cooperatives continue to produce some of the world’s most elegant and distinctive coffees. Cafe Douceur is a Tainan, Taiwan-based micro-roaster \xa0and cafe. Visit https://bit.ly/2q2tkcZ for more information.', 'desc_3': 'A rich-toned Kenya cup with big, sweetly bright acidity and inviting notes of berry and coconut.', 'roast': 'Medium-Light', 'rating': 94.0, 'loc_country': 'Taiwan'}]","For **premium medium roast African coffee** with **fruity brightness, cocoa depth, and a lingering finish**, the best fit from your context is:

### **Top Pick: Kenya AB**
- **Why it fits:**  
  - **Fruity brightness:** black cherry, green apple-like malic acidity  
  - **Cocoa depth:** chocolate fudge, richly chocolaty structure  
  - **Lingering finish:** chocolate fudge and black cherry with smoky mesquite undertones  
- **Roast Level:** **Medium**
- **Quality Rating:** **94.0**

### **Also excellent**
**Kenya**  
- **Profile:** baker’s chocolate, plum, gardenia, molasses, singed cedar  
- **Why it fits:** more savory and chocolate-forward, with floral complexity and a long, drying finish  
- **Roast Level:** **Medium**
- **Quality Rating:** **92.0**

### **If you want brighter and more fruit-led**
**Kenya Gura AA**  
- **Profile:** blackberry jam, toasted coconut, dark chocolate  
- **Why it fits:** very juicy and rich, but it’s **medium-light**, not medium  
- **Quality Rating:** **94.0**

### **Best overall match**
If you want **all three qualities in one cup — fruit, cocoa, and a lasting finish — go with Kenya AB**. It’s the most balanced match for your description.

If you want, I can also narrow this down by **brewing method** to help the fruity and cocoa notes pop more."
Kakalove Cafe Ethiopia Natural Yirgacheffe Tore Taiwan Medium-Light rating 93,"[{'name': 'Kakalove Ethiopia Natural Yirgacheffe Boyrfi', 'origin_1': 'Yirgacheffe Growing Region', 'origin_2': 'South-Central Ethiopia', 'desc_1': 'Fruit-forward, deep-toned. Blueberry jam, dark chocolate, lily, juniper, molasses in aroma and cup. Sweet structure with round, gentle acidity; full, syrupy mouthfeel. The berry-toned finish supported by dark chocolate and crisp juniper notes. ', 'desc_2': 'Coffees from the Yirgacheffe region are produced from distinctive, largely indigenous Ethiopian varieties of Arabica long grown in the region. Processed by the natural method (dried in the whole fruit). Kakalove Café is a nano-roaster located in the small city of Chia-Yi in Taiwan that strives to procure and roast the finest quality coffee. Visit www.kakalovecafe.com.tw or email [email\xa0protected] for more information.', 'desc_3': 'A fruit-bomb of a natural-process Yirgacheffe, with unmistakable blueberry notes throughout.', 'roast': 'Medium-Light', 'rating': 93.0, 'loc_country': 'Taiwan'}, {'name': 'Ethiopia Natural Yirgacheffe Tore', 'origin_1': 'Tore Village', 'origin_2': 'Yirgacheffe Growing Region', 'desc_1': 'Deeply crisp, lushly floral. Rose, almond, dark chocolate, lime zest, peppermint in aroma and cup. Tartly sweet with a clear savory edge in structure; plump, juicy mouthfeel. Finish is complex and resonant in the short, consolidating around a fading lime and mint in the long. ', 'desc_2': 'Southern Ethiopia coffees like this one are produced from distinctive traditional Ethiopian varieties of Arabica long grown in the region. Like virtually all southern Ethiopia coffees, this coffee is produced by villagers on small garden plots interplanted with food and other subsistence crops. Processed by the dry or “natural” method, meaning the beans were dried inside the fruit rather than after the fruit has been removed, as is the case with wet-processed or ""washed"" coffees. Kakalove Café is a nano-roaster located in the small city of Chia-Yi in Taiwan that strives to procure and roast the finest quality coffee. Visit www.kakalovecafe.com.tw or email [email\xa0protected] for more information', 'desc_3': 'An intense cup, zesty but juicy, alive with rose-like flowers, mint and lime.', 'roast': 'Medium-Light', 'rating': 93.0, 'loc_country': 'Taiwan'}, {'name': 'Ethiopia Washed Yirgacheffe Adado', 'origin_1': 'Yirgacheffe Growing Region', 'origin_2': 'Southern Ethiopia', 'desc_1': 'Elegant, deep, sweetly savory. Jasmine, sandalwood, plum, nutella-like nut and cocoa, tangerine zest in aroma and cup. High-toned, balanced structure with citrusy acidity; syrupy-smooth mouthfeel. The finish is long, resonant and flavor-saturated, carrying through on the promise of the cup.', 'desc_2': 'Southern Ethiopia coffees like this one are produced from distinctive traditional Ethiopian varieties of Arabica long grown in the region. Like virtually all southern Ethiopia coffees, this coffee is produced by villagers on small garden plots interplanted with food and other subsistence crops. Processed by the wet or washed method (fruit skin and pulp are removed before drying). Kakalove Café is a nano-roaster located in the small city of Chia-Yi in Taiwan that strives to procure and roast the finest quality coffee. Visit www.kakalovecafe.com.tw or email [email\xa0protected] for more information.', 'desc_3': 'A bright, lively, juicy washed Yirgacheffe coffee: classic in structure and style.', 'roast': 'Medium-Light', 'rating': 95.0, 'loc_country': 'Taiwan'}, {'name': 'Ethiopia Yirgacheffe Botabaa Washed G1 21/01', 'origin_1': 'Ochere Woreda', 'origin_2': 'Gedeo Zone', 'desc_1': 'Sweetly tart, decidedly tropical. Ginger blossom, passionfruit, kukui nut, lemon verbena, sugarcane in aroma and cup. Sweet-tart structure with juicy, high-toned acidity; plush, syrupy mouthfeel. The finish is resonant, long, and flavor-saturated.', 'desc_2': 'Southern Ethiopia produces distinctive coffees from largely indigenous, traditional varieties of Arabica long grown in the region. Coffees like this one processed by the wet or washed method (fruit skin and pulp is removed before drying) typically express great aromatic complexity and intensity with a particular emphasis on citrus and floral notes. Kakalove Café is a nano-roaster located in the small city of Chia-Yi in Taiwan that strives to procure and roast the finest quality coffee. Visit www.kakalovecafe.com.tw or email [email\xa0protected] for more information.', 'desc_3': 'A high-toned, juicy-tart, downright heady washed Ethiopia cup with distinct tropical leanings.', 'roast': 'Medium-Light', 'rating': 94.0, 'loc_country': 'Taiwan'}, {'name': 'Ethiopia COE 2nd place Washed Sidamo Rumudamo', 'origin_1': 'Arbegona', 'origin_2': 'Sidama (Also Sidamo) Growing Region', 'desc_1': 'Crisp, delicately sweet-tart, intricately floral. Narcissus, lime zest, apricot, pipe tobacco, agave syrup in aroma and cup. Sweet-toned with lyrical, juicy acidity; silky, buoyant mouthfeel. Vermouth-like, richly dry finish.', 'desc_2': 'Produced entirely from trees of the admired 74110 selection of Ethiopia Arabica and processed by the washed method (fruit skin and pulp are removed before drying). Kakalove Café is a nano-roaster located in the small city of Chia-Yi in Taiwan that strives to procure and roast the finest quality coffee. Visit www.kakalovecafe.com.tw or email [email\xa0protected] for more information.', 'desc_3': 'An elegant, light-footed, deeply floral washed Ethiopia cup.', 'roast': 'Medium-Light', 'rating': 94.0, 'loc_country': 'Taiwan'}]","Here’s the **Kakalove Café Ethiopia Natural Yirgacheffe Tore** at a glance:

- **Coffee Name:** Ethiopia Natural Yirgacheffe Tore
- **Origin:** Tore Village, Southern Ethiopia
- **Roast Level:** Medium-Light
- **Quality Rating:** 93.0
- **Location/Country:** Taiwan

**Flavor Profile:**
- **Aroma/Cup Notes:** Rose, almond, dark chocolate, lime zest, peppermint
- **Structure:** Tartly sweet with a clear savory edge
- **Mouthfeel:** Plump, juicy
- **Finish:** Complex and resonant, fading into lime and mint

**Processing Method:**
- **Natural process** — dried inside the whole fruit rather than after the fruit is removed

**Extraction Advice:**
- Expect an **intense cup**
- **Zesty but juicy**
- Floral notes like **rose**, with **mint and lime**

If you want, I can also help compare this one with the **other Kakalove Yirgacheffe coffees** in the context, like the washed Adado or the Botabaa."
"Taiwan roaster coffee with floral aroma, almond, dark chocolate, citrus zest, and mint notes","[{'name': 'Taiwan Songyue Geisha', 'origin_1': 'Yunlin', 'origin_2': 'Taiwan', 'desc_1': 'Delicate, sweetly tart, richly aromatic. Lemon verbena, raspberry, sandalwood, almond butter, freesia-like flowers in aroma and cup. Sweet structure with vibrant, citrusy acidity; very full, syrupy smooth mouthfeel. The finish consolidates to notes of lemon verbena and sandalwood.', 'desc_2': 'Produced at Songyue Coffee Manor in the highlands of Taiwan entirely of the celebrated Geisha variety of Arabica and processed by the natural method (beans are dried in the whole fruit). SOT Coffee Roaster, based in Osaka, Japan, is a Swedish-style roaster with a self-described “aggressively light” roasting style. For more information, visit www.sotcoffee.com.\xa0\xa0', 'desc_3': 'A fine Taiwan-grown Geisha, processed by the natural method, cleanly fruit-centered with spice-toned floral notes throughout the profile.', 'roast': 'Light', 'rating': 94.0, 'loc_country': 'Japan'}, {'name': 'Taiwan Natural Medium Roast', 'origin_1': 'Taiwan', 'origin_2': 'Kona', 'desc_1': 'Sweet-toned, fruit-centered. Raisin, brown sugar, lemon zest, prairie flowers, oak in aroma and cup. Sweet structure with brisk acidity; medium-bodied, velvety-smooth mouthfeel. The gently drying finish consolidates to notes of brown sugar and oak with hints of lemon zest.', 'desc_2': 'Produced in Taiwan from trees of the Caturra variety of Arabica and processed by the natural, dried-in-the-whole-fruit method. The Formosa Coffee is a New York-based roaster specializing exclusively in high-quality coffees grown in Taiwan. For more information, visit www.theformosacoffee.com.', 'desc_3': 'A crisp, cleanly fruit-toned Taiwan cup presented by a New York roaster specializing in coffees from the island of Taiwan. A good resource for North Americans who want to sample the production end of the exuberant Taiwanese coffee scene.', 'roast': 'Medium-Light', 'rating': 92.0, 'loc_country': 'United States'}, {'name': 'Taiwan BA LU NA', 'origin_1': 'Pingtung', 'origin_2': 'Taiwan', 'desc_1': 'Crisply sweet, spice-toned. Plum, clove, almond, freesia-like flowers, lemon zest in aroma and cup. Sweet structure with brisk acidity; satiny-smooth mouthfeel. The finish consolidates to notes of freesia and lemon zest.', 'desc_2': 'Produced at Pingtung BA LU NA farm entirely of the Typica variety of Arabica and processed by the washed method (fruit skin and flesh are removed from the beans before they are dried). inLove Cafe is a private coffee brand from Carrefour Taiwan. Visit www.carrefour.com.tw/inlovecafe for more information.', 'desc_3': 'A straightforward, inviting cup from still rare Taiwan-grown beans — sweet, balanced, quietly confident.', 'roast': 'Medium-Light', 'rating': 92.0, 'loc_country': 'Taiwan'}, {'name': 'Taiwan Geisha Honey', 'origin_1': 'Alishan', 'origin_2': 'Taiwan', 'desc_1': 'Delicate, honey- and cocoa-toned. Pomegranate, cocoa nib, violet, pink grapefruit zest, cashew butter in aroma and cup. Sweet-toned structure with balanced, lively acidity; full, syrupy mouthfeel. The pleasing finish leads with pomegranate and cashew butter with undertones of cocoa nib.', 'desc_2': 'Produced by Feng Cheng-lun of Zhou Zhu Yuan Farm entirely from trees of the celebrated Geisha variety of Arabica. Processing starts with the natural, dried-in-the-whole fruit method, but halfway through the drying the coffee is pulped and drying is finished as in the honey method, with some fruit flesh left on the beans. Paradise Roasters specializes in micro-lot Arabica and Robusta coffees from Asia and other emerging origins. The company prides itself on quality and freshness, craft-roasting coffees in small batches only after orders are placed. Visit www.paradiseroasters.com or call 763-433-0626 for more information.', 'desc_3': 'A delicately sweet, floral- and fruit-toned Taiwan Geisha, available for the first time in the U.S. market from Paradise Roasters.', 'roast': 'Light', 'rating': 94.0, 'loc_country': 'United States'}, {'name': 'Taiwan Natural Alishan TFU’YA Kakalove Lot', 'origin_1': 'Alishan', 'origin_2': 'Chia-Yi', 'desc_1': 'Richly berry and citrus-toned; bright and lively. Blackberry jam, tangerine zest, almond nougat, freesia-like flowers, wild honey in aroma and cup. Fruit-forward structure with crisp, juicy acidity; full, syrupy-smooth mouthfeel. The vibrant finish carries forward all of the aroma and flavor notes of the cup, blackberry and wild honey, in particular.', 'desc_2': 'Produced in the Alishan growing region of Taiwan and processed by the natural method, meaning the beans were dried inside the fruit rather than after the fruit has been removed, as is the case with washed coffees. Kakalove Café is a nano-roaster located in the small city of Chia-Yi in Taiwan that strives to procure and roast the finest quality coffee. Visit www.kakalovecafe.com.tw or email [email\xa0protected] for more information.', 'desc_3': 'A juicy, richly fruit-toned, nougaty cup from Taiwan’s expanding Alishan growing region — sweet, balanced, juicy, bright.', 'roast': 'Medium-Light', 'rating': 95.0, 'loc_country': 'Taiwan'}]","The **closest match** in the context is:

**Taiwan Natural Alishan TFU’YA Kakalove Lot**  
- **Floral aroma:** freesia-like flowers  
- **Almond note:** almond nougat  
- **Citrus zest:** tangerine zest  
- **Sweet, bright profile:** juicy, fruit-forward, lively

If you want a coffee that also leans a bit more **dark-chocolate/cocoa**, then this one is another strong option:

**Taiwan Geisha Honey**  
- **Floral aroma:** violet  
- **Cocoa note:** cocoa nib  
- **Citrus zest:** pink grapefruit zest  
- **Nut note:** cashew butter

**Best fit for your note list:** **Taiwan Natural Alishan TFU’YA Kakalove Lot**  
**Best fit for floral + almond + chocolate/cocoa + citrus:** **Taiwan Geisha Honey**

If you want, I can also help you narrow it down by **roast level** or **brew method**."
"Lightly roasted natural-processed Ethiopian coffee with juicy body and a bright, crisp finish","[{'name': 'Ardent Ethiopia Natural', 'origin_1': 'Sidamo (Also Sidama) Growing Region', 'origin_2': 'South-Central Ethiopia', 'desc_1': 'Delicately sweet-tart, richly and intricately aromatic, deep-toned. Dried hibiscus flowers, bergamot, frankincense, lychee, boysenberry in aroma and cup. Confidently sweet-tart structure with sparkling acidity; silky, buoyant mouthfeel. The long, lingering flavor-saturated finish intoxicatingly blurs fruit and floral notes.', 'desc_2': 'This exceptional coffee was selected as the No. 5 coffee on Coffee Review’s list of the Top 30 Coffees of 2020.\xa0 A green coffee from Ardent Coffees, a newer specialized exporter of Ethiopia coffees. Southern Ethiopia coffees like this one are largely produced from distinctive indigenous Ethiopian landrace varieties of Arabica long grown in their respective regions. This is a dry-processed or “natural” version (coffee is dried inside the entire fruit). JBC Coffee Roasters’ vision is simple: “let the coffee lead the way” through sourcing and roasting the best and most unique coffees available and rewarding the farmers who grow those coffees with substantial premiums. Visit www.jbccoffeeroasters.com or call 608-256-5282 for more information.', 'desc_3': 'A natural-processed Ethiopia cup unique and thrilling in its dried fruit and floral aromatics carried by a flawless structure: high-toned, elegant, complex, complete.', 'roast': 'Medium-Light', 'rating': 97.0, 'loc_country': 'United States'}, {'name': 'Ethiopia Suke Quto', 'origin_1': 'Guji Zone', 'origin_2': 'Oromia Region', 'desc_1': 'Delicate, sweetly spice-toned. Pink peppercorn, date, myrrh, lavender, roasted cacao nib in aroma and cup. Crisp, spice-toned structure with citrus-like acidity; satiny, very smooth mouthfeel. The crisply sweet finish centers around spice and pungent floral notes.', 'desc_2': 'This coffee tied for the third-highest rating in a tasting of 71 organic-certified coffees from Africa for Coffee Review’s November 2017 tasting report. Southern Ethiopia coffees like this one are produced from traditional Ethiopian varieties of Arabica long grown in the region. When processed by the wet or washed method (fruit skin and pulp are removed before drying) they typically express great aromatic complexity and intensity with a particular emphasis on floral notes. Like virtually all southern Ethiopia coffees, this one is produced by villagers on small, garden plots interplanted with food and other subsistence crops. Roast House is a small-batch, quality-focused roaster specializing in farm-direct organic-certified and Fair Trade Certified coffees. Visit roasthousecoffee.com or call 509-995-6500 for more information.', 'desc_3': 'Lavender-like flowers and hints of zesty pink peppercorn animate this crisply sweet wet-processed Ethiopia cup.', 'roast': 'Medium-Light', 'rating': 92.0, 'loc_country': 'United States'}, {'name': 'Ethiopia Guji Natural', 'origin_1': 'Guji Zone', 'origin_2': 'Oromia Region', 'desc_1': 'Deeply sweet, rich-toned, bright and lively. Red grape, baking chocolate, marshmallow, macadamia nut, lime zest in aroma and cup. Sweet in structure with bright, balanced acidity; full, satiny-smooth mouthfeel. The cleanly fruit-toned finish is pleasantly complicated by notes of macadamia nut and lime zest.', 'desc_2': 'This coffee tied for the second-highest rating in a cupping of coffees roasted by Black-owned coffee companies for Coffee Review’s August 2020 report. Southern Ethiopia coffees like this one are largely produced from distinctive indigenous Ethiopian varieties of Arabica long grown in the region. Processed by the natural method (dried in the whole fruit). Atlanta’s Portrait Coffee was designed “to change the picture that comes to mind when folks think of specialty coffee — to include the black and brown folks who have been cropped out.” Visit www.portrait.coffee for more information.', 'desc_3': 'A friendly natural-processed Ethiopia cup with a fruit-centered character balanced by deep, creamy nut tones and lively lime zest.', 'roast': 'Light', 'rating': 94.0, 'loc_country': 'United States'}, {'name': 'Gedeb Yirgacheffe Ethiopia', 'origin_1': 'Gedeb District', 'origin_2': 'Gedeo Zone', 'desc_1': 'Crisp, balanced, richly sweet. Maple syrup, apricot, hop flowers, nougat, roasted cacao nib in aroma and cup. Sweet-savory structure with lively acidity; full, satiny mouthfeel. Notes of maple syrup and apricot pleasantly dominate the finish, with enticing hints of bittersweet, hop-like florals.', 'desc_2': 'This coffee tied for the third-highest rating in a cupping of coffees roasted by women for Coffee Review‘s April 2018 tasting report. Southern Ethiopia coffees like this one are produced from traditional Ethiopian varieties of Arabica long grown in the region. This is a wet-processed or “washed” coffee, meaning the fruit skin and pulp were removed from the beans immediately after harvesting and before drying. Bluebeard Coffee Roasters’ motto is “The Perfect Medium.” The Tacoma, Washington-based company aims at roasting deep enough to develop sweetness and depth, light enough to leave each coffees’ subtleties intact. Visit www.bluebeardcoffee.com for more information.', 'desc_3': 'A dynamic Ethiopia cup with high-toned fruit notes and bittersweet florals, all enveloped in crisp cocoa.', 'roast': 'Medium-Light', 'rating': 93.0, 'loc_country': 'United States'}, {'name': 'Ethiopia Gede Natural', 'origin_1': 'Shakiso District', 'origin_2': 'Guji Zone', 'desc_1': 'Evaluated as espresso. Delicate, lively, chocolate-toned. Dark chocolate, macadamia nut, date, cedar, honeysuckle in aroma and small cup. Crisp, velvety mouthfeel; clean, richly drying finish with notes of date and cedar. Balanced in three parts milk, with notes of dark chocolate supported by rich aromatic wood.', 'desc_2': 'This coffee tied for the third-highest rating in a tasting of natural-processed single-origin espressos for Coffee Review’s August 2018 tasting report. USDA organic-certified. Southern Ethiopia coffees like this one are largely produced from traditional Ethiopian varieties of Arabica long grown in the region. Processed by “natural” or dry method, meaning the beans were dried inside the fruit rather than after the fruit has been removed, as is the case with wet-processed or “washed” coffees. Like most southern Ethiopia coffees, this coffee is produced by villagers on small, garden plots interplanted with food and other subsistence crops. Wonderstate Coffee, formerly Kickapoo Coffee, is an award-winning roaster based in rural Wisconsin known for their commitment to guaranteeing higher pay for farmers and being the country’s first 100% solar powered roastery. Visit https://wonderstate.com for more information.', 'desc_3': 'A crisp, clean natural-processed espresso from Ethiopia, as richly chocolate-toned in the straight shot as it is in milk.', 'roast': 'Medium-Light', 'rating': 93.0, 'loc_country': 'United States'}]","A great match from the context is:

**Ethiopia Guji Natural**
- **Roast:** Light
- **Process:** Natural
- **Why it fits:** It’s described as **bright and lively** with a **full, satiny-smooth mouthfeel**, plus a clean fruit-toned finish.  
- **Flavor cues:** **Red grape, lime zest, baking chocolate, marshmallow, macadamia nut**  
- This gives you that **juicy body** and **bright, crisp finish** you’re after.

If you want, I can also suggest the **best brew method and recipe** for bringing out that profile."
"High-scoring coffee with berry-like florals, refreshing herbal notes, and a clean tart sweetness","[{'name': 'Floral Samurai', 'origin_1': 'Colombia', 'origin_2': 'Guatemala', 'desc_1': 'Evaluated as espresso. Richly chocolaty, sweetly nut-toned. Dark chocolate, almond butter, narcissus, gently scorched cedar, date in aroma and small cup. Full, syrupy-smooth mouthfeel; crisply sweet, chocolate- and nut-toned finish. In three parts milk, chocolate notes predominate, with undertones of gently scorched cedar and narcissus.', 'desc_2': 'A blend of coffees from Colombia, Guatemala, Brazil and Ethiopia roasted for espresso. Flower Coffee Workshop is a nano-roastery and coffee shop in Taichung, Taiwan. Visit https://www.facebook.com/flowercoffee20180526/ for more information.', 'desc_3': 'An espresso blend particularly appealing in three parts milk, with sweet floral, rich chocolate, and deep nut tones. ', 'roast': 'Medium', 'rating': 93.0, 'loc_country': 'Taiwan'}, {'name': 'Colombia Granja La Esperanza Tres Dragones', 'origin_1': 'Valle Del Cauca Growing Region', 'origin_2': 'Colombia', 'desc_1': 'Deeply fruity, sweetly fermenty, headily floral. Strawberry coulis, brandy, almond butter, toffee, honeysuckle in aroma and cup. Richly sweet-tart structure with juicy, bright acidity; viscous, syrupy mouthfeel. Sustained flavor-saturated finish.', 'desc_2': 'Produced by Rigoberto Herrera at Granja La Esperanza in Colombia, a producer that specializes in innovation, in this case applying a complex version of the natural process to successfully intensify sweetness and fruit to coffee from trees of the normally rather plain-tasting Colombia variety. Roasted at PT’s Coffee, where the motto is “without the love, it’s just coffee.” Visit www.ptscoffee.com or call 888-678-JAVA for more information.', 'desc_3': 'A bombshell of a coffee with enough personality to stand up to a lemon tart — for breakfast, of course.', 'roast': 'Medium-Light', 'rating': 94.0, 'loc_country': 'United States'}, {'name': 'Humanitarian Grounds', 'origin_1': 'Nicaragua', 'origin_2': 'Guatemala', 'desc_1': 'Sweetly savory, floral-toned. Lily, hazelnut, cocoa powder, black cherry, oak in aroma and cup. Sweet structure with pert acidity; full but lively mouthfeel. Floral tones fade in the finish, while cocoa powder and fresh-cut oak come forward. ', 'desc_2': 'This coffee tied for the third-highest rating in a cupping of “Cause Coffees” for Coffee Review’s March 2021 report. Roasters of these coffees contribute a portion of proceeds to non-profit organizations doing work to improve the lives of others, locally or globally. 20% of sales from this blend are donated to Direct Relief. This is a blend of washed and natural-processed coffees from Nicaragua, Guatemala and Ethiopia. One of the country’s pioneering socially and environmentally progressive roasters, Thanksgiving aimed to combine coffee quality with social and environmental responsibility many years before the latter preoccupations became fashionable. Visit www.thanksgivingcoffee.com or call 800-648-6491 for more information.', 'desc_3': 'Sweet floral suggestions complicate a base of richly aromatic cocoa and wood tones.', 'roast': 'Medium', 'rating': 92.0, 'loc_country': 'United States'}, {'name': 'Flora Blend Espresso', 'origin_1': 'Africa', 'origin_2': 'Asia Pacific', 'desc_1': 'Evaluated as espresso. Sweetly tart, floral-toned. Honeysuckle, oak, dried apricot, dark chocolate, thyme in aroma and small cup. Delicately syrupy body; gently drying, floral-driven finish in the short and sweetly herb-toned in the long. In three parts milk, chocolate, florals and fruit all take center stage, and thyme-like herb notes gently follow.', 'desc_2': 'An espresso blend comprised of coffees from Africa and the Asia-Pacific. A.R.C., whose motto is “more than specialty,” rigorously controls three vital elements: sourcing of green coffee, roasting, and, in cafe environments, water quality for brewed coffee. For more information, visit http://www.arc.coffee/en/index.html.', 'desc_3': 'A floral-driven straight shot, amplified with notes of stone fruit and chocolate in cappuccino-scaled milk.', 'roast': 'Medium-Light', 'rating': 94.0, 'loc_country': 'Hong Kong'}, {'name': 'COE Brazil Naturals 2017 Sitio Esperanza 7th place', 'origin_1': 'Mantiqueira De Minas Growing Region', 'origin_2': 'Southern Minas Gerais State', 'desc_1': 'High-toned, richly sweet-tart. Baker’s chocolate, hibiscus tea, floral vanilla, tangerine zest, brown sugar in aroma and cup. Sweetly bright in structure, with gentle acidity; plush, syrupy mouthfeel. The sweetly tart finish is gently drying, consolidating around notes of hibiscus tea and baker’s chocolate.', 'desc_2': ' This coffee tied for the second-highest rating in a cupping of coffees from Brazil for Coffee Review’s May 2018 tasting report. As a green coffee, it also took seventh place in the 2017 Cup of Excellence juried competition for natural or dry-processed Brazil coffees, meaning coffees that were dried in the entire fruit rather than after the fruit has been removed, as is the case with wet- or “washed”-processed coffees. Naturals form the backbone of the Brazil coffee industry, but this prize-winning lot reflects a particularly refined approach to the method. Dragonfly Coffee is a Boulder, Colorado-based micro-roaster that produces high-quality coffees and supports worthy causes. Visit www.dragonflycoffeeroasters.com or call 303-579-2154 for more information.', 'desc_3': 'A crisp, chocolate-toned Brazil natural cup, with inviting notes of dried hibiscus and vanilla-like florals.', 'roast': 'Medium-Light', 'rating': 92.0, 'loc_country': 'United States'}]","The best match is **Document 2: Colombia Granja La Esperanza Tres Dragones**.

**Why it fits:**
- **Berry-like florals:** strawberry coulis + honeysuckle
- **Refreshing herbal notes:** not strongly herbal, but it has a bright, lively aromatic profile
- **Clean tart sweetness:** rich **sweet-tart structure** with **juicy, bright acidity**
- **High-scoring:** **94.0 quality rating**

**Close runner-up:**
- **Document 4: Flora Blend Espresso** — great if you want more **floral + herb (thyme)** character, but it’s less berry-forward than Tres Dragones.

If you want, I can also rank all 5 from **most berry-like and floral** to **most clean and tart**."
"Complex, floral single origin with a heavy juicy mouthfeel and chocolate-citrus complexity","[{'name': 'Signature Floral Orange', 'origin_1': 'Ethiopia', 'origin_2': 'Sumatra', 'desc_1': 'Evaluated as espresso. Rich, fruit-toned, balanced. Baker’s chocolate, pomegranate, gardenia, grapefruit zest, fresh-cut fir in aroma and small cup. Lean, smooth mouthfeel; gently drying, cocoa-toned finish, with hints of grapefruit zest. In cappuccino-scaled milk, baker’s chocolate is center stage, supported by notes of sweet-tart fruit.', 'desc_2': 'This is not an artificially flavored coffee. The blend name, Signature Floral Orange, refers to natural aroma and flavor notes that the blend aims to evoke. Creation Food Co. is a food service company with a specialty coffee division. It operates one of the few large-scale coffee production facilities in Taiwan. Visit www.creation.com.tw or call 0800-020-368 for more information.', 'desc_3': 'A subtly fruit-forward espresso blend, balanced by inviting chocolate suggestions and invigorating notes of citrus zest.', 'roast': 'Medium-Light', 'rating': 92.0, 'loc_country': 'Taiwan'}, {'name': 'Floral Samurai', 'origin_1': 'Colombia', 'origin_2': 'Guatemala', 'desc_1': 'Evaluated as espresso. Richly chocolaty, sweetly nut-toned. Dark chocolate, almond butter, narcissus, gently scorched cedar, date in aroma and small cup. Full, syrupy-smooth mouthfeel; crisply sweet, chocolate- and nut-toned finish. In three parts milk, chocolate notes predominate, with undertones of gently scorched cedar and narcissus.', 'desc_2': 'A blend of coffees from Colombia, Guatemala, Brazil and Ethiopia roasted for espresso. Flower Coffee Workshop is a nano-roastery and coffee shop in Taichung, Taiwan. Visit https://www.facebook.com/flowercoffee20180526/ for more information.', 'desc_3': 'An espresso blend particularly appealing in three parts milk, with sweet floral, rich chocolate, and deep nut tones. ', 'roast': 'Medium', 'rating': 93.0, 'loc_country': 'Taiwan'}, {'name': 'El Floral Colombia', 'origin_1': 'Planadas', 'origin_2': 'Tolima Department', 'desc_1': 'Delicate, confident, complex, lyrical. Passion fruit, cocoa nib, wisteria, lemon verbena, agave syrup in aroma and cup. Sweet-tart structure with juicy, bright acidity; plush, syrupy mouthfeel. Rich, long, flavor-saturated finish.', 'desc_2': 'Produced by Raul Lombana Horta of Finca El Floral from trees of the Caturra, Colombia and Castillo varieties of Arabica and processed by the wet, or washed, method. JBC Coffee Roasters’ vision is simple: “let the coffee lead the way” through sourcing and roasting the best and most unique coffees available and rewarding the farmers who grow those coffees with substantial premiums. Visit www.jbccoffeeroasters.com or call 608-256-5282 for more information.', 'desc_3': 'A multi-layered, nuanced Colombia cup that hits all the right notes: deep florals, high-toned fruits, sweet herbs, rich cocoa.', 'roast': 'Medium-Light', 'rating': 95.0, 'loc_country': 'United States'}, {'name': 'Sumatra Gayo G1 Triple-Picked Lot 005', 'origin_1': 'Aceh Province', 'origin_2': 'Sumatra', 'desc_1': 'Sweetly earth-toned, deeply floral. Petrichor, honeysuckle, Dark chocolate, petrichor, honeysuckle, nectarine, fine pipe tobacco in aroma and cup. Sweet-savory structure with vibrant, juicy acidity; full, syrupy mouthfeel. Deep, resonant finish consolidates to notes of petrichor and honeysuckle with dark chocolate undertones.', 'desc_2': 'Coffees from the northern part of the Indonesian island of Sumatra are valued for their complex earth and fruit notes that appear to result largely from unorthodox fruit removal and drying practices called “wet-hulling.” This is a particularly refined example of the type. Kakalove Café is a nano-roaster located in the small city of Chia-Yi in Taiwan that strives to procure and roast the finest quality coffee. Visit www.kakalovecafe.com.tw or email [email\xa0protected] for more information.', 'desc_3': 'A classic Sumatra cup: vibrantly earthy, richly sweet and balanced — harmonizing high-toned stone fruit and floral notes with deep chocolate and sweet earth.', 'roast': 'Medium-Light', 'rating': 94.0, 'loc_country': 'Taiwan'}, {'name': 'Classic Blend', 'origin_1': 'Colombia', 'origin_2': 'Guatemala', 'desc_1': 'Evaluated as espresso. Deeply sweet, crisply chocolaty. Bing cherry, dark chocolate, magnolia, oak, cashew in aroma and small cup. Satiny mouthfeel; oak and cashew lead in the gently drying finish. Chocolate and bing cherry notes intensify in three parts milk.', 'desc_2': 'A blend of coffees from Colombia, Guatemala, Brazil and Ethiopia roasted for espresso. Flower Coffee Workshop is a nano-roastery and coffee shop in Taichung, Taiwan. Visit https://www.facebook.com/flowercoffee20180526/ for more information.', 'desc_3': 'This solid blend offers a richly sweet-tart straight shot and a crisply chocolaty cappuccino.', 'roast': 'Medium', 'rating': 92.0, 'loc_country': 'Taiwan'}]","The **best match** in your context is **El Floral Colombia**.

**Why it fits:**
- **Complex floral**: wisteria, lemon verbena
- **Heavy juicy mouthfeel**: plush, syrupy mouthfeel
- **Chocolate-citrus complexity**: cocoa nib plus bright, sweet-tart fruit and juicy acidity

**Also worth considering:**
- **Sumatra Gayo G1 Triple-Picked Lot 005** — if you want even more **full, syrupy body** and a deeper **earthy-floral + chocolate** profile.
- **Signature Floral Orange** — if you want a more **espresso-focused chocolate + citrus zest** profile, but it’s **leaner** in mouthfeel.

**Best single answer:** **El Floral Colombia**"
Level Ground Trading Direct Fair Trade Espresso Canada Africa South America rating 92 medium-light roast,"[{'name': 'Direct Fair Trade Espresso', 'origin_1': 'Africa', 'origin_2': 'South America', 'desc_1': 'Evaluated as espresso. Intrigungly complex, balanced. Dark chocolate, molasses, cedar, narcissus, date in aroma and small cup. Satiny-smooth body; sweetly cocoa-toned finish. In three parts milk, floral and cocoa tones lead in the short, while hints of rich date resurface in the long.', 'desc_2': 'Coffees in this blend are all fully wet-processed or “washed” and certified organically grown in both Canada and the U.S. Since 1997, Level Ground Trading has been an importer and roaster based in Victoria, Canada, focused on direct trade with small-scale producers in developing countries and on marketing their products throughout North America. Visit www.levelground.com or call 888-565-6633 for more information.', 'desc_3': 'A solid espresso blend equally pleasing as a straight shot and in milk.', 'roast': 'Medium-Light', 'rating': 92.0, 'loc_country': 'Canada'}, {'name': 'Fruit of the Goddess Espresso Blend', 'origin_1': 'Kenya', 'origin_2': 'Costa Rica', 'desc_1': 'Juicy, sweet-tart, rich and deep. Black cherry, dark chocolate, sage, star jasmine, sandalwood in aroma and small cup. Creamy-smooth mouthfeel; long, lingering, chocolaty finish. Dark chocolate, black cherry and star jasmine take center stage in  cappuccino-scaled milk.', 'desc_2': 'A blend of coffees from Kenya, Costa Rica and Ethiopia roasted for espresso applications. Evaluated as espresso. Cozy House Coffee is a Taiwan-based specialty coffee roaster and an SCA Authorized Trainer (AST). For more information, visit https://shop.cozyhousecoffee.com.', 'desc_3': 'A complex, layered espresso blend with sweetly tart fruit notes at the top and spicy florals and dark chocolate underneath — compelling both in the straight shot and in milk.', 'roast': 'Medium-Light', 'rating': 94.0, 'loc_country': 'Taiwan'}, {'name': 'Tiger Blend Espresso', 'origin_1': 'Ethiopia', 'origin_2': 'Brazil', 'desc_1': 'Evaluated as espresso. Sweetly nut-toned, earthy. Almond, caramel, fresh humus, lily, orange zest in aroma and small cup. Satiny mouthfeel; richly sweet, earth-toned finish. In three parts milk, caramel and nut-driven.', 'desc_2': 'A blend of coffees from Ethiopia, Brazil, India, Indonesia and Guatemala, roasted for espresso. VERYTIME is a specialty nano-roaster based in Taoyuan, Taiwan. Visit\xa0facebook.com/verytime7\xa0for more information.', 'desc_3': 'An affordable and intriguing blend that is simultaneously sweet and earth-toned. Particularly rich in cappuccino-scaled milk.', 'roast': 'Medium-Light', 'rating': 91.0, 'loc_country': 'Taiwan'}, {'name': 'GA 400 Espresso', 'origin_1': 'Zambia', 'origin_2': 'Colombia', 'desc_1': 'Evaluated as espresso. Fruit-toned, chocolaty. Dried apricot, chocolate fudge, oak, honeysuckle, almond brittle in aroma and small cup. Velvety mouthfeel; fruit- and chocolate-toned finish. In three parts milk, chocolate and almond notes converge for a dessert-like experience, with a hint of dried apricot.', 'desc_2': 'A blend of natural-processed Zambia (a rare and reviving origin) and washed-processed Colombia coffees. Peach Coffee Roasters is an Atlanta, Georgia-based specialty roaster. Visit www.peachcoffeeroasters.com for more information.', 'desc_3': 'A creative blend of washed and natural-processed coffees that complement each other with primary notes of both chocolate and fruit, both in the straight shot and in milk.', 'roast': 'Medium-Light', 'rating': 93.0, 'loc_country': 'United States'}, {'name': 'Twisted V.6 Espresso', 'origin_1': 'South America', 'origin_2': 'Central America', 'desc_1': 'Evaluated as espresso. Chocolate fudge, pomegranate, cedar, honeysuckle, lime zest in aroma and small cup. Plush, syrupy mouthfeel; deep, chocolaty finish. In three parts milk, both chocolate and floral notes are amplified, complicated by pomegranate and cedar.', 'desc_2': 'A blend of coffees from South America, Central America and Africa, all wet-processed (fruit skin and flesh are removed from the beans before they are dried). Roasted for espresso. JBC Coffee Roasters’ vision is simple: “let the coffee lead the way” through sourcing and roasting the best and most unique coffees available and rewarding the farmers who grow those coffees with substantial premiums. Visit www.jbccoffeeroasters.com or call 608-256-5282 for more information.', 'desc_3': ' This house-blend espresso is deep, rich, floral and chocolaty; especially compelling in milk. And a bargain at $15.75 for 12 ounces.', 'roast': 'Medium-Light', 'rating': 94.0, 'loc_country': 'United States'}]","**Level Ground Trading — Direct Fair Trade Espresso**
- **Origin/Location:** Canada
- **Blend Origins:** Africa
- **Roast Level:** Medium-Light
- **Quality Rating:** **92.0**

**Tasting Notes**
- Dark chocolate
- Molasses
- Cedar
- Narcissus
- Date
- Satiny-smooth body
- Sweet cocoa-toned finish

**Best Use**
- A solid espresso blend
- Works well as a straight shot
- Also performs nicely in milk drinks

**Processing / Sourcing Notes**
- Coffees in the blend are **fully wet-processed (washed)**
- **Certified organically grown** in both Canada and the U.S.
- Level Ground Trading has focused on **direct trade with small-scale producers** since 1997

If you want, I can also turn this into a quick **espresso dial-in guide** or compare it with the other coffees in the set."
"balanced espresso with dark chocolate, molasses, cedar, floral notes, and date sweetness from a medium-light blend","[{'name': 'SOB Espresso', 'origin_1': 'Colombia', 'origin_2': 'Congo', 'desc_1': 'Evaluated as espresso. Deeply chocolaty, richly floral. Chocolate fudge, lilac, peach, fresh-cut cedar, hazelnut butter in aroma and small cup. Crisp, satiny-smooth mouthfeel; the deep, long, resonant finish maintains all of the aroma and flavor notes from the cup. Also profoundly satisfying in three parts milk, with chocolate and florals in a slow dance and fruit returning to the surface in the long finish.', 'desc_2': 'This coffee tied for the highest rating in a tasting of “classic” espresso blends for Coffee Review’s June 2019 tasting report. A single-origin blend of coffees from various Inza smallholder farmers in Colombia and comprised of the Castillo, Caturra and Colombia varieties of Arabica. Visit www.follycoffee.com for more information.', 'desc_3': 'An unusually successful “melange” coffee in which the same blend of green beans is roasted both darker and lighter, then combined. This version hits all of the notes associated with a complete, classic espresso: rich, resounding, chocolaty, floral and fruit-toned.', 'roast': 'Medium', 'rating': 94.0, 'loc_country': 'United States'}, {'name': 'Espresso Blend Classic No. 1', 'origin_1': 'Indonesia', 'origin_2': 'El Salvador', 'desc_1': 'Evaluated as espresso. Richly sweet, chocolaty and floral. Narcissus, dark chocolate, cedar, black cherry, almond paste in aroma and small cup. Full, syrupy mouthfeel; resonant, chocolaty finish. In three parts milk, chocolate and narcissus notes bloom, and almond paste with hints of cedar balance the lyrical sweetness at the top.', 'desc_2': 'A blend of wet-hulled coffee from Indonesia and conventionally wet-processed coffee from El Salvador, roasted for espresso. Evie’s Café, based in Chia-Yi Taiwan, specializes in fine roasted coffees as well as pour-overs and cold-brews. Visit https://m.facebook.com/eviescafe88/ for more information.', 'desc_3': 'A fine Indonesia/El Salvador espresso blend that is both chocolate-driven and exceptionally floral.', 'roast': 'Medium', 'rating': 93.0, 'loc_country': 'Taiwan'}, {'name': '“Sweety” Espresso Blend', 'origin_1': 'Panama', 'origin_2': 'Ethiopia', 'desc_1': 'Evaluated as espresso. Sweet-toned, deeply rich, chocolaty. Vanilla paste, dark chocolate, narcissus, pink grapefruit zest, black cherry in aroma and cup. Plush, syrupy mouthfeel; resonant, flavor-saturated finish. In three parts milk, rich chocolate tones intensify, along with intimations of vanilla paste and black cherry in the short finish and floral-toned citrus zest in the long. ', 'desc_2': 'An espresso blend comprised of coffees from Panama and Ethiopia. A.R.C., whose motto is “more than specialty,” rigorously controls three vital elements: sourcing of green coffee, roasting, and, in cafe environments, water quality for brewed coffee. For more information, visit http://www.arc.coffee/en/index.html.', 'desc_3': 'A radiant espresso blend that shines equally in the straight shot and in milk, alive with notes of rich dark chocolate and black cherry.', 'roast': 'Medium-Light', 'rating': 95.0, 'loc_country': 'Hong Kong'}, {'name': 'Floral Samurai', 'origin_1': 'Colombia', 'origin_2': 'Guatemala', 'desc_1': 'Evaluated as espresso. Richly chocolaty, sweetly nut-toned. Dark chocolate, almond butter, narcissus, gently scorched cedar, date in aroma and small cup. Full, syrupy-smooth mouthfeel; crisply sweet, chocolate- and nut-toned finish. In three parts milk, chocolate notes predominate, with undertones of gently scorched cedar and narcissus.', 'desc_2': 'A blend of coffees from Colombia, Guatemala, Brazil and Ethiopia roasted for espresso. Flower Coffee Workshop is a nano-roastery and coffee shop in Taichung, Taiwan. Visit https://www.facebook.com/flowercoffee20180526/ for more information.', 'desc_3': 'An espresso blend particularly appealing in three parts milk, with sweet floral, rich chocolate, and deep nut tones. ', 'roast': 'Medium', 'rating': 93.0, 'loc_country': 'Taiwan'}, {'name': 'Poseidon Blend Espresso', 'origin_1': 'Yirgacheffe', 'origin_2': 'Sidamo', 'desc_1': 'Evaluated as espresso. Richly floral-toned, elegant, balanced. Watermelon, pink grapefruit zest, Nutella, sandalwood, tiger lily in aroma and small cup. Syrupy-smooth mouthfeel; long, flavor-saturated finish. Sweet cocoa and hazelnut tones are elevated in three parts milk, with continuing floral resonance.', 'desc_2': 'A blend of three coffees: two Ethiopias, one from the Yirgacheffe growing region and one from the Sidamo, and a Guatemala from the Huehuetenango region. GK provides quality specialty coffee to consumers and retailers. For more information, email [email\xa0protected] or call +886-919-314-513.', 'desc_3': 'A deftly blended espresso as good as a straight shot as in milk: rich, high-toned, exuberant with fruit and flowers.', 'roast': 'Medium-Light', 'rating': 95.0, 'loc_country': 'Taiwan'}]","A great match from the context is **Floral Samurai**.

**Why it fits:**
- **Dark chocolate** — explicitly present
- **Cedar** — “gently scorched cedar”
- **Floral notes** — “narcissus”
- **Date sweetness** — date is explicitly listed
- **Balanced espresso** — described as rich, sweetly nut-toned, and full/syrupy-smooth
- **Roast style** — **Medium**, which is close to the “medium-light blend” feel you’re after

**If you want the closest overall profile by vibe:**
- **Floral Samurai** = best match for **dark chocolate + cedar + florals + date**
- **SOB Espresso** = more **chocolate, florals, and fruit**, but lacks date
- **Espresso Blend Classic No. 1** = strong on **dark chocolate, cedar, floral**, but no date sweetness

If you want, I can also rank all 5 coffees from **closest to farthest match** for that flavor profile."
espresso blend with a smooth silky body and cocoa finish that shows floral and dried fruit notes in milk,"[{'name': 'Turbo Espresso', 'origin_1': 'Brazil', 'origin_2': 'Colombia', 'desc_1': 'Evaluated as espresso. Richly chocolaty, sweetly nut-toned. Dark chocolate, hazelnut butter, magnolia, gently scorched cedar, date in aroma and small cup. Full, creamy-smooth mouthfeel; crisply sweet, chocolate- and nut-toned finish. In cappuccino-scaled milk, chocolate notes brighten, supported by notes of gently scorched cedar and magnolia.', 'desc_2': 'A blend of coffees from Brazil and Colombia, roasted for espresso. Propeller is a Toronto-based micro-roaster with a dedication to careful selection and exceptional craft roasting of high-end coffees. Visit www.propellercoffee.com or call 416-479-3771 for more information.', 'desc_3': 'A darker-roasted espresso blend particularly attractive in three parts milk, with sweet floral, rich chocolate, and deep nut tones. ', 'roast': 'Medium', 'rating': 93.0, 'loc_country': 'Canada'}, {'name': 'Classic Blend', 'origin_1': 'Colombia', 'origin_2': 'Guatemala', 'desc_1': 'Evaluated as espresso. Deeply sweet, crisply chocolaty. Bing cherry, dark chocolate, magnolia, oak, cashew in aroma and small cup. Satiny mouthfeel; oak and cashew lead in the gently drying finish. Chocolate and bing cherry notes intensify in three parts milk.', 'desc_2': 'A blend of coffees from Colombia, Guatemala, Brazil and Ethiopia roasted for espresso. Flower Coffee Workshop is a nano-roastery and coffee shop in Taichung, Taiwan. Visit https://www.facebook.com/flowercoffee20180526/ for more information.', 'desc_3': 'This solid blend offers a richly sweet-tart straight shot and a crisply chocolaty cappuccino.', 'roast': 'Medium', 'rating': 92.0, 'loc_country': 'Taiwan'}, {'name': 'Floral Samurai', 'origin_1': 'Colombia', 'origin_2': 'Guatemala', 'desc_1': 'Evaluated as espresso. Richly chocolaty, sweetly nut-toned. Dark chocolate, almond butter, narcissus, gently scorched cedar, date in aroma and small cup. Full, syrupy-smooth mouthfeel; crisply sweet, chocolate- and nut-toned finish. In three parts milk, chocolate notes predominate, with undertones of gently scorched cedar and narcissus.', 'desc_2': 'A blend of coffees from Colombia, Guatemala, Brazil and Ethiopia roasted for espresso. Flower Coffee Workshop is a nano-roastery and coffee shop in Taichung, Taiwan. Visit https://www.facebook.com/flowercoffee20180526/ for more information.', 'desc_3': 'An espresso blend particularly appealing in three parts milk, with sweet floral, rich chocolate, and deep nut tones. ', 'roast': 'Medium', 'rating': 93.0, 'loc_country': 'Taiwan'}, {'name': 'Espresso Blend Classic No. 1', 'origin_1': 'Indonesia', 'origin_2': 'El Salvador', 'desc_1': 'Evaluated as espresso. Richly sweet, chocolaty and floral. Narcissus, dark chocolate, cedar, black cherry, almond paste in aroma and small cup. Full, syrupy mouthfeel; resonant, chocolaty finish. In three parts milk, chocolate and narcissus notes bloom, and almond paste with hints of cedar balance the lyrical sweetness at the top.', 'desc_2': 'A blend of wet-hulled coffee from Indonesia and conventionally wet-processed coffee from El Salvador, roasted for espresso. Evie’s Café, based in Chia-Yi Taiwan, specializes in fine roasted coffees as well as pour-overs and cold-brews. Visit https://m.facebook.com/eviescafe88/ for more information.', 'desc_3': 'A fine Indonesia/El Salvador espresso blend that is both chocolate-driven and exceptionally floral.', 'roast': 'Medium', 'rating': 93.0, 'loc_country': 'Taiwan'}, {'name': 'Espresso Fino', 'origin_1': 'Guatemala', 'origin_2': 'Brazil', 'desc_1': 'Evaluated as espresso. Richly bittersweet, gently chocolaty. Dried apricot, cocoa powder, fresh-cut cedar, almond, magnolia in aroma and small cup. Plump, creamy mouthfeel; cocoa- and cedar-toned finish. Three parts milk amplifies cocoa, apricot and magnolia notes, while almond and cedar provide pleasing structural undertones.', 'desc_2': 'A blend of coffees from Guatemala, Brazil, and Indonesia roasted for espresso. Founded by Paul Massard and Chris Nolte, Per’la focuses on meticulous sourcing and roasting fine coffees in small batches. Visit www.drinkperla.com for more information.', 'desc_3': 'A crisply chocolaty, gently fruit-toned, sweetly floral espresso blend especially complex in cappuccino-scale milk.', 'roast': 'Medium', 'rating': 92.0, 'loc_country': 'United States'}]","A great match from the context is **Espresso Fino**.

**Why it fits:**
- **Smooth, silky body:** *plump, creamy mouthfeel*
- **Cocoa finish:** *cocoa- and cedar-toned finish*
- **Floral notes in milk:** *magnolia* shows up especially in **three parts milk**
- **Dried fruit character:** *dried apricot* adds that dried-fruit sweetness

**Other strong options:**
- **Turbo Espresso** — creamy-smooth body, chocolate finish, with **magnolia** and **date**; especially good in milk
- **Floral Samurai** — full, syrupy-smooth with **narcissus** and **date**, very milk-friendly
- **Espresso Blend Classic No. 1** — more floral and chocolaty, but less clearly cocoa/dried-fruit driven than Espresso Fino

**Best pick:** **Espresso Fino** for the closest match to **smooth silky body + cocoa finish + floral and dried fruit notes in milk**."
high-scoring medium-light espresso blend that tastes good as a straight shot and also works well with milk,"[{'name': 'Turbo Espresso', 'origin_1': 'Brazil', 'origin_2': 'Colombia', 'desc_1': 'Evaluated as espresso. Richly chocolaty, sweetly nut-toned. Dark chocolate, hazelnut butter, magnolia, gently scorched cedar, date in aroma and small cup. Full, creamy-smooth mouthfeel; crisply sweet, chocolate- and nut-toned finish. In cappuccino-scaled milk, chocolate notes brighten, supported by notes of gently scorched cedar and magnolia.', 'desc_2': 'A blend of coffees from Brazil and Colombia, roasted for espresso. Propeller is a Toronto-based micro-roaster with a dedication to careful selection and exceptional craft roasting of high-end coffees. Visit www.propellercoffee.com or call 416-479-3771 for more information.', 'desc_3': 'A darker-roasted espresso blend particularly attractive in three parts milk, with sweet floral, rich chocolate, and deep nut tones. ', 'roast': 'Medium', 'rating': 93.0, 'loc_country': 'Canada'}, {'name': '“Sweety” Espresso Blend', 'origin_1': 'Panama', 'origin_2': 'Ethiopia', 'desc_1': 'Evaluated as espresso. Sweet-toned, deeply rich, chocolaty. Vanilla paste, dark chocolate, narcissus, pink grapefruit zest, black cherry in aroma and cup. Plush, syrupy mouthfeel; resonant, flavor-saturated finish. In three parts milk, rich chocolate tones intensify, along with intimations of vanilla paste and black cherry in the short finish and floral-toned citrus zest in the long. ', 'desc_2': 'An espresso blend comprised of coffees from Panama and Ethiopia. A.R.C., whose motto is “more than specialty,” rigorously controls three vital elements: sourcing of green coffee, roasting, and, in cafe environments, water quality for brewed coffee. For more information, visit http://www.arc.coffee/en/index.html.', 'desc_3': 'A radiant espresso blend that shines equally in the straight shot and in milk, alive with notes of rich dark chocolate and black cherry.', 'roast': 'Medium-Light', 'rating': 95.0, 'loc_country': 'Hong Kong'}, {'name': 'Poseidon Blend Espresso', 'origin_1': 'Yirgacheffe', 'origin_2': 'Sidamo', 'desc_1': 'Evaluated as espresso. Richly floral-toned, elegant, balanced. Watermelon, pink grapefruit zest, Nutella, sandalwood, tiger lily in aroma and small cup. Syrupy-smooth mouthfeel; long, flavor-saturated finish. Sweet cocoa and hazelnut tones are elevated in three parts milk, with continuing floral resonance.', 'desc_2': 'A blend of three coffees: two Ethiopias, one from the Yirgacheffe growing region and one from the Sidamo, and a Guatemala from the Huehuetenango region. GK provides quality specialty coffee to consumers and retailers. For more information, email [email\xa0protected] or call +886-919-314-513.', 'desc_3': 'A deftly blended espresso as good as a straight shot as in milk: rich, high-toned, exuberant with fruit and flowers.', 'roast': 'Medium-Light', 'rating': 95.0, 'loc_country': 'Taiwan'}, {'name': 'Fruit of the Goddess Espresso Blend', 'origin_1': 'Kenya', 'origin_2': 'Costa Rica', 'desc_1': 'Juicy, sweet-tart, rich and deep. Black cherry, dark chocolate, sage, star jasmine, sandalwood in aroma and small cup. Creamy-smooth mouthfeel; long, lingering, chocolaty finish. Dark chocolate, black cherry and star jasmine take center stage in  cappuccino-scaled milk.', 'desc_2': 'A blend of coffees from Kenya, Costa Rica and Ethiopia roasted for espresso applications. Evaluated as espresso. Cozy House Coffee is a Taiwan-based specialty coffee roaster and an SCA Authorized Trainer (AST). For more information, visit https://shop.cozyhousecoffee.com.', 'desc_3': 'A complex, layered espresso blend with sweetly tart fruit notes at the top and spicy florals and dark chocolate underneath — compelling both in the straight shot and in milk.', 'roast': 'Medium-Light', 'rating': 94.0, 'loc_country': 'Taiwan'}, {'name': 'Espresso Fino', 'origin_1': 'Guatemala', 'origin_2': 'Brazil', 'desc_1': 'Evaluated as espresso. Richly bittersweet, gently chocolaty. Dried apricot, cocoa powder, fresh-cut cedar, almond, magnolia in aroma and small cup. Plump, creamy mouthfeel; cocoa- and cedar-toned finish. Three parts milk amplifies cocoa, apricot and magnolia notes, while almond and cedar provide pleasing structural undertones.', 'desc_2': 'A blend of coffees from Guatemala, Brazil, and Indonesia roasted for espresso. Founded by Paul Massard and Chris Nolte, Per’la focuses on meticulous sourcing and roasting fine coffees in small batches. Visit www.drinkperla.com for more information.', 'desc_3': 'A crisply chocolaty, gently fruit-toned, sweetly floral espresso blend especially complex in cappuccino-scale milk.', 'roast': 'Medium', 'rating': 92.0, 'loc_country': 'United States'}]","For a **high-scoring medium-light espresso blend** that works **both as a straight shot and with milk**, the best match in your context is:

## **“Sweety” Espresso Blend**
- **Roast Level:** Medium-Light
- **Quality Rating:** **95.0**
- **Why it stands out:**  
  - Specifically described as **“equally in the straight shot and in milk”**
  - Flavor profile is **rich dark chocolate, black cherry, vanilla paste**
  - Gives a **radiant, sweet, deeply rich** espresso experience
  - Milk brings out **more chocolate and cherry**, so it holds up nicely in lattes/cappuccinos

## Also strong options
### **Poseidon Blend Espresso**
- **Roast Level:** Medium-Light
- **Quality Rating:** **95.0**
- Great if you want something more **floral, fruit-forward, and elegant**
- Also explicitly noted as **good as a straight shot and in milk**

### **Fruit of the Goddess Espresso Blend**
- **Roast Level:** Medium-Light
- **Quality Rating:** **94.0**
- More **sweet-tart fruit + dark chocolate**
- Works well in milk, but leans a bit more complex/fruit-driven than “Sweety”

## Quick recommendation
- **Best all-around milk + straight shot:** **Sweety Espresso Blend**
- **Best if you want brighter florals and fruit:** **Poseidon Blend Espresso**

If you want, I can also narrow it down by flavor preference:
**chocolatey**, **fruity**, or **balanced/comforting**."
"fair trade espresso blend with chocolate, caramel-like sweetness, woody notes, and a smooth finish","[{'name': '“Sweety” Espresso Blend', 'origin_1': 'Panama', 'origin_2': 'Ethiopia', 'desc_1': 'Evaluated as espresso. Sweet-toned, deeply rich, chocolaty. Vanilla paste, dark chocolate, narcissus, pink grapefruit zest, black cherry in aroma and cup. Plush, syrupy mouthfeel; resonant, flavor-saturated finish. In three parts milk, rich chocolate tones intensify, along with intimations of vanilla paste and black cherry in the short finish and floral-toned citrus zest in the long. ', 'desc_2': 'An espresso blend comprised of coffees from Panama and Ethiopia. A.R.C., whose motto is “more than specialty,” rigorously controls three vital elements: sourcing of green coffee, roasting, and, in cafe environments, water quality for brewed coffee. For more information, visit http://www.arc.coffee/en/index.html.', 'desc_3': 'A radiant espresso blend that shines equally in the straight shot and in milk, alive with notes of rich dark chocolate and black cherry.', 'roast': 'Medium-Light', 'rating': 95.0, 'loc_country': 'Hong Kong'}, {'name': 'Turbo Espresso', 'origin_1': 'Brazil', 'origin_2': 'Colombia', 'desc_1': 'Evaluated as espresso. Richly chocolaty, sweetly nut-toned. Dark chocolate, hazelnut butter, magnolia, gently scorched cedar, date in aroma and small cup. Full, creamy-smooth mouthfeel; crisply sweet, chocolate- and nut-toned finish. In cappuccino-scaled milk, chocolate notes brighten, supported by notes of gently scorched cedar and magnolia.', 'desc_2': 'A blend of coffees from Brazil and Colombia, roasted for espresso. Propeller is a Toronto-based micro-roaster with a dedication to careful selection and exceptional craft roasting of high-end coffees. Visit www.propellercoffee.com or call 416-479-3771 for more information.', 'desc_3': 'A darker-roasted espresso blend particularly attractive in three parts milk, with sweet floral, rich chocolate, and deep nut tones. ', 'roast': 'Medium', 'rating': 93.0, 'loc_country': 'Canada'}, {'name': 'Espresso Blend Classic No. 1', 'origin_1': 'Indonesia', 'origin_2': 'El Salvador', 'desc_1': 'Evaluated as espresso. Richly sweet, chocolaty and floral. Narcissus, dark chocolate, cedar, black cherry, almond paste in aroma and small cup. Full, syrupy mouthfeel; resonant, chocolaty finish. In three parts milk, chocolate and narcissus notes bloom, and almond paste with hints of cedar balance the lyrical sweetness at the top.', 'desc_2': 'A blend of wet-hulled coffee from Indonesia and conventionally wet-processed coffee from El Salvador, roasted for espresso. Evie’s Café, based in Chia-Yi Taiwan, specializes in fine roasted coffees as well as pour-overs and cold-brews. Visit https://m.facebook.com/eviescafe88/ for more information.', 'desc_3': 'A fine Indonesia/El Salvador espresso blend that is both chocolate-driven and exceptionally floral.', 'roast': 'Medium', 'rating': 93.0, 'loc_country': 'Taiwan'}, {'name': 'Poseidon Blend Espresso', 'origin_1': 'Yirgacheffe', 'origin_2': 'Sidamo', 'desc_1': 'Evaluated as espresso. Richly floral-toned, elegant, balanced. Watermelon, pink grapefruit zest, Nutella, sandalwood, tiger lily in aroma and small cup. Syrupy-smooth mouthfeel; long, flavor-saturated finish. Sweet cocoa and hazelnut tones are elevated in three parts milk, with continuing floral resonance.', 'desc_2': 'A blend of three coffees: two Ethiopias, one from the Yirgacheffe growing region and one from the Sidamo, and a Guatemala from the Huehuetenango region. GK provides quality specialty coffee to consumers and retailers. For more information, email [email\xa0protected] or call +886-919-314-513.', 'desc_3': 'A deftly blended espresso as good as a straight shot as in milk: rich, high-toned, exuberant with fruit and flowers.', 'roast': 'Medium-Light', 'rating': 95.0, 'loc_country': 'Taiwan'}, {'name': 'Classic Blend', 'origin_1': 'Colombia', 'origin_2': 'Guatemala', 'desc_1': 'Evaluated as espresso. Deeply sweet, crisply chocolaty. Bing cherry, dark chocolate, magnolia, oak, cashew in aroma and small cup. Satiny mouthfeel; oak and cashew lead in the gently drying finish. Chocolate and bing cherry notes intensify in three parts milk.', 'desc_2': 'A blend of coffees from Colombia, Guatemala, Brazil and Ethiopia roasted for espresso. Flower Coffee Workshop is a nano-roastery and coffee shop in Taichung, Taiwan. Visit https://www.facebook.com/flowercoffee20180526/ for more information.', 'desc_3': 'This solid blend offers a richly sweet-tart straight shot and a crisply chocolaty cappuccino.', 'roast': 'Medium', 'rating': 92.0, 'loc_country': 'Taiwan'}]","A strong match from the context is:

**Turbo Espresso**  
- **Profile:** Richly chocolaty, sweetly nut-toned  
- **Key notes:** Dark chocolate, hazelnut butter, gently scorched cedar, date  
- **Finish:** **Full, creamy-smooth**, with a crisply sweet chocolate-and-nut finish  
- **Why it fits:** It lines up well with **chocolate**, **caramel-like sweetness** (via date / sweet nutty richness), **woody notes** (cedar), and a **smooth finish**

**If you want an even more chocolate-forward option:**  
- **Sweety Espresso Blend** — deep dark chocolate, syrupy mouthfeel, smooth finish  
- **Classic Blend** — chocolate plus oak, but a bit drier in the finish

If you’d like, I can also help you pick the **best one for straight espresso vs milk drinks**."
Old Soul Co. Decaf Ethiopia Sidamo medium roast United States rating 90 Southern Ethiopia Sidama,"[{'name': 'Ethiopia Sidama Anaerobic', 'origin_1': 'Sidama (Also Sidamo) Region', 'origin_2': 'Ethiopia', 'desc_1': 'Sweet, soft, gently tart-pungent. Buttery dark chocolate, cashew butter, lemon drop, date, orange blossom in aroma and cup. Balanced and roundly complete in taste structure; syrupy but buoyant in mouthfeel. Chocolate and lemon in particular persist in a deep, lasting finish.', 'desc_2': 'Processed by the anaerobic method, which in this case means that the pulped or skinned coffee was fermented in a sealed, oxygen-evacuated tank for 36 hours before drying. Paradise Roasters specializes in micro-lot Arabica and Robusta coffees from Asia and other emerging origins. The company prides itself on quality and freshness, craft-roasting coffees in small batches only after orders are placed. Visit www.paradiseroasters.com or call 763-433-0626 for more information.', 'desc_3': 'A quietly original, resonant cup, exquisitely balanced and complete.', 'roast': 'Medium-Light', 'rating': 94.0, 'loc_country': 'United States'}, {'name': 'Ethiopia Sidama Bona Washed G1', 'origin_1': 'Sidamo (Also Sidama) Growing Region', 'origin_2': 'South-Central Ethiopia', 'desc_1': 'Sweetly pungent, complex. Apricot, cocoa nib, narcissus, cedar, almond butter in aroma and cup. Sweet-tart structure with bright, juicy acidity; full, syrupy mouthfeel. The cocoa-driven finish is supported by notes of dried stone fruit and spicy-sweet florals.', 'desc_2': 'Southern Ethiopia coffees like this one are produced from traditional Ethiopian landrace varieties of Arabica long grown in the region. Processed by the wet or washed method (fruit skin and pulp removed before drying). Singsun Coffee is an artisanal coffee shop in Hsinchu, Taiwan operated by roastmaster Peng Shuai. Visit https://reurl.cc/k0aGYn for more information.', 'desc_3': ' This classic washed Ethiopia cup offers vibrant acidity and lively aromatics across a range of floral, fruit and cocoa notes.', 'roast': 'Medium-Light', 'rating': 94.0, 'loc_country': 'Taiwan'}, {'name': 'Ethiopia Sidama', 'origin_1': 'Sidama (Also Sidamo) Growing Region', 'origin_2': 'Southern Ethiopia', 'desc_1': 'Balanced, sweet-savory. Red currant, roasted cacao nib, clove, blood orange zest, frankincense in aroma and cup. Savory-sweet structure with lively acidity; syrupy mouthfeel. The resonant, spice-toned finish leads with intimations of clove and roasted cacao nib in the short, rounding to rich fruit tones with hints of frankincense in the long.', 'desc_2': 'This exceptional coffee was selected as the No. 17 coffee on Coffee Review’s list of the Top 30 Coffees of 2017.\xa0 This coffee also tied for the highest rating in a tasting of 71 organic-certified coffees from Africa for Coffee Review’s November 2017 tasting report. Southern Ethiopia coffees like this one are produced from distinctive traditional Ethiopian varieties of Arabica long grown in the region. Like virtually all southern Ethiopia coffees, this coffee is produced by villagers on small garden plots interplanted with food and other subsistence crops. This lot was processed by the wet or washed method (fruit skin and pulp are removed before drying). Organic and Fair Trade certified, the latter meaning they were purchased from small-holding farmers at a “fair” or economically sustainable price. Reunion Island Coffee is a quality-oriented roasting company founded by Canadian specialty coffee veteran Peter Pesce. Visit www.reunionislandcoffee.com or call 800-565-5950 for more information.', 'desc_3': 'An elegantly expressive, fruit-forward but savory-leaning Ethiopia cup.', 'roast': 'Medium', 'rating': 94.0, 'loc_country': 'Canada'}, {'name': 'Ethiopia Sidama Bensa Bekele', 'origin_1': 'Sidamo (Also Sidama) Growing Region', 'origin_2': 'South-Central Ethiopia', 'desc_1': 'Crisply sweet, citrusy. Orange zest, cocoa powder, hazelnut, oak, maple syrup in aroma and cup. Sweet-toned structure with brisk acidity; delicate, silky mouthfeel. The gently drying finish centers on notes of cocoa-toned orange and hazelnut.', 'desc_2': 'Southern Ethiopia coffees like this one are largely produced from distinctive indigenous Ethiopian landrace varieties of Arabica long grown in their respective regions. This is a dry-processed or “natural” version, meaning the beans were dried inside the fruit rather than after the fruit has been removed, as is the case with wet-processed or “washed” coffees. Drink Coffee Do Stuff operates a roastery in Truckee, California and a coffee shop in nearby Incline Village, Nevada. Visit www.drinkcoffeedostuff.com for more information.', 'desc_3': 'A friendly, accessible natural Ethiopia cup, cleanly fruit- and cocoa-toned.', 'roast': 'Medium-Light', 'rating': 91.0, 'loc_country': 'United States'}, {'name': 'Ethiopia Sidamo Karamo', 'origin_1': 'Sidamo Growing Region', 'origin_2': 'Southern Ethiopia', 'desc_1': 'Delicate, vibrantly floral, citrusy. Bergamot, wisteria, almond brittle, thyme, cane sugar in aroma and cup. Bright, balanced structure with elegantly juicy acidity; buoyant, silky mouthfeel. Flavor-saturated, very long finish. ', 'desc_2': 'Produced by smallholding farmers from the Shantawene, Bombe and Keramo villages largely from trees of local landrace varieties of Arabica, and processed by the traditional washed method (fruit skin and flesh are removed from the beans before they are dried). Certifications include Rainforest Alliance and Utz. Jaunt Coffee Roasters is a San Diego-based roaster and café with an extensive coffee and food menu. Visit www.jauntcoffee.com for more information.', 'desc_3': 'A beautiful classic washed Ethiopia cup with complex citrus, delicately deep floral, and sweet herb notes.', 'roast': 'Light', 'rating': 95.0, 'loc_country': 'United States'}]","I found the closest match in the context, but **not an exact match** for **“Old Soul Co. Decaf Ethiopia Sidamo medium roast United States rating 90 Southern Ethiopia Sidama.”**

### Best context match
**Document 4 — Ethiopia Sidama Bensa Bekele**
- **Origin:** Sidamo / Sidama Growing Region
- **Roast Level:** Medium-Light
- **Quality Rating:** 91.0
- **Location/Country:** United States
- **Profile:** Citrus, cocoa powder, hazelnut, oak, maple syrup
- **Process:** Natural

### Why it’s not exact
Your query mentions:
- **Old Soul Co.**
- **Decaf**
- **Medium roast**
- **Rating 90**
- **Southern Ethiopia / Sidama**

But the retrieved context does **not** include a coffee from **Old Soul Co.**, and none of the listed coffees are **decaf**. The closest U.S.-based Sidama option is the **Bensa Bekele** lot above.

### Short takeaway
If you're looking for a **Sidama/Sidamo coffee from the United States with a similar profile**, **Document 4** is the nearest fit, though it’s **not decaf** and rated **91**, not 90.

If you want, I can also help you **compare the Sidama coffees in the context by roast, process, and flavor profile**."
"Decaf coffee with floral and citrus blossom notes, honey sweetness, light silky body, and tart structure","[{'name': 'Moonbow Decaf Espresso', 'origin_1': 'South America', 'origin_2': 'Caldas Department', 'desc_1': 'Evaluated as espresso. Bright, sweetly tart. Cocoa powder, hazelnut, orange zest, pomegranate, fir in aroma and small cup. Crisp, lightly syrupy mouthfeel; sweet cocoa-toned finish. In three parts milk, cocoa notes are amplified, punctuated by orange zest and fir.', 'desc_2': 'A blend of various coffees from South America, decaffeinated at origin using ethyl acetate, a natural solvent derived from sugar cane. Paradise Roasters specializes in micro-lot Arabica and Robusta coffees from Asia and other emerging origins. The company prides itself on quality and freshness, craft-roasting coffees in small batches only after orders are placed. Visit www.paradiseroasters.com for more information.', 'desc_3': 'A fine decaf espresso blend animated by tart fruit and bittersweet citrus zest notes, with a cocoa throughline.', 'roast': 'Medium-Dark', 'rating': 91.0, 'loc_country': 'United States'}, {'name': 'Moonbow Decaf', 'origin_1': 'South America', 'origin_2': 'Lintong Growing Region', 'desc_1': 'Richly and sweetly tart, chocolaty. Dark chocolate, hazelnut butter, lightly scorched cinnamon, date, fir in aroma and cup. Sweet in structure with gentle, rounded acidity; velvety mouthfeel. The chocolaty finish is complicated by date and hazelnut.', 'desc_2': 'This exceptional coffee was selected as the No. 27 coffee on Coffee Review’s list of the Top 30 Coffees of 2019.\xa0 A blend of various coffees from South America, decaffeinated at origin using ethyl acetate, a solvent derived from sugar cane. Paradise Roasters specializes in micro-lot Arabica and Robusta coffees from Asia and other emerging origins. The company prides itself on quality and freshness, craft-roasting coffees in small batches only after orders are placed. Visit www.paradiseroasters.com for more information.', 'desc_3': 'A very impressive decaf, tested here for drip or other non-espresso applications: Sweet, balanced, cocoa-driven.', 'roast': 'Medium-Dark', 'rating': 92.0, 'loc_country': 'United States'}, {'name': 'Espresso Blend Classic No. 1', 'origin_1': 'Indonesia', 'origin_2': 'El Salvador', 'desc_1': 'Evaluated as espresso. Richly sweet, chocolaty and floral. Narcissus, dark chocolate, cedar, black cherry, almond paste in aroma and small cup. Full, syrupy mouthfeel; resonant, chocolaty finish. In three parts milk, chocolate and narcissus notes bloom, and almond paste with hints of cedar balance the lyrical sweetness at the top.', 'desc_2': 'A blend of wet-hulled coffee from Indonesia and conventionally wet-processed coffee from El Salvador, roasted for espresso. Evie’s Café, based in Chia-Yi Taiwan, specializes in fine roasted coffees as well as pour-overs and cold-brews. Visit https://m.facebook.com/eviescafe88/ for more information.', 'desc_3': 'A fine Indonesia/El Salvador espresso blend that is both chocolate-driven and exceptionally floral.', 'roast': 'Medium', 'rating': 93.0, 'loc_country': 'Taiwan'}, {'name': 'Decaf Classic Espresso', 'origin_1': 'Antioquia', 'origin_2': 'Colombia', 'desc_1': 'Evaluated as espresso. Richly sweet, cocoa-toned. Cocoa powder, date, magnolia, molasses, oak in aroma and small cup. Satiny-smooth mouthfeel; resonant, chocolaty finish with notes of magnolia and oak. In three parts milk, floral tones are amplified, and cocoa notes are integrated with roasty-sweet aromatic wood.', 'desc_2': 'Decaffeinated at origin using ethyl acetate, a natural solvent derived from sugar cane. Espresso Republic, founded in 2010, specializes in sourcing quality coffees and roasting them in small batches for both retail and wholesale customers. Visit www.espressorepublic.com for more information.', 'desc_3': 'A solid, straightfoward decaf espresso from Colombia, especially chocolaty in cappuccino-scaled milk.', 'roast': 'Medium', 'rating': 90.0, 'loc_country': 'United States'}, {'name': 'Rhapsody of Dreams', 'origin_1': 'Kenya', 'origin_2': 'Colombia', 'desc_1': 'Chocolaty and floral-toned. Dark chocolate, freesia-like flowers, pluot, pink peppercorn, oak in aroma and cup. Sweet-tart structure with bright, sparkling acidity; very full, syrupy-smooth mouthfeel. Spice-toned, floral finish.', 'desc_2': 'A blend of coffees from Kenya and Colombia, both washed-process, designed for pour-over brewing. Evie’s Café, based in Chia-Yi Taiwan, specializes in fine roasted coffees as well as pour-overs and cold-brews. Visit https://m.facebook.com/eviescafe88/ for more information.', 'desc_3': 'A creative blend of two exceptional green coffees that nets a multi-layered and engaging cup: spice-toned, deeply chocolaty, richly floral.', 'roast': 'Medium-Light', 'rating': 94.0, 'loc_country': 'Taiwan'}]","The best match is **Moonbow Decaf Espresso**.

Why it fits:
- **Floral/citrus blossom notes:** It has **orange zest** and **fir** aromatics; not explicitly blossom, but the bright citrus character is the closest match in the context.
- **Honey sweetness:** It reads as **sweetly tart** with a cocoa-sweet finish rather than overt honey, but it has the right sweet structure.
- **Light silky body:** It’s described as **crisp, lightly syrupy mouthfeel**—lighter and smoother than the more velvety decafs.
- **Tart structure:** This is the strongest match: **bright, sweetly tart** with **tart fruit** and **bittersweet citrus zest** notes.

If you want, I can also rank the other decafs by how close they are to this flavor profile."
"Naturally processed Ethiopian decaf with tea-like complexity, delicate floral aroma, lemon blossom, and no woody aftertaste","[{'name': 'Decaf Ethiopia Sidamo', 'origin_1': 'Sidama (Also Sidamo) Growing Region', 'origin_2': 'Southern Ethiopia', 'desc_1': 'Surprising and melodic, delicate yet vivid. Lilac and lemon blossom, fresh sweet grass, honey, moist pipe tobacco, fresh-cut elm in aroma and cup. In structure subtly and sweetly tart. Very light, silky mouthfeel. Unexpectedly rich and flavor-saturated in the finish: pipe tobacco, honey, lemon blossom.', 'desc_2': 'Southern Ethiopia coffees like this one are produced from distinctive traditional Ethiopian varieties of Arabica long grown in the region. This is a dry-processed or “natural” version, meaning the beans were dried inside the fruit rather than after the fruit has been removed, as is the case with wet-processed or “washed” coffees. \xa0Decaffeinated at the Descamex plant in Mexico by the “Mountain Water Process” which does not involve use of solvents. Old Soul is a roastery, bakery and crafter of artisanal goods dedicated to quality in every form. Visit www.oldsoulco.com or call 916-443-7685 for more information.', 'desc_3': 'This very light-roasted decaffeinated coffee may suggest a fine, complex Chinese black tea in some respects, though it ultimately enforces its coffee identity with its tart structure and light-footed authority. Oddly idiosyncratic in its aromatics, but quite free of the disturbing wood notes characteristic of many decaffeinated coffees.', 'roast': 'Medium', 'rating': 90.0, 'loc_country': 'United States'}, {'name': 'Ethiopia Sidamo Natural Water Decaf', 'origin_1': 'Guji Zone', 'origin_2': 'Oromia Region', 'desc_1': 'Deep-toned, chocolaty. Baking chocolate, date, almond butter, fresh-cut oak, agave syrup in aroma and cup. Sweet-toned structure with gentle, round acidity; full, satiny mouthfeel. Crisp, chocolaty finish with undertones of almond and date.', 'desc_2': 'Produced by smallholding farmers in the Guji region of Ethiopia and processed by the traditional washed method. Decaffeinated at the Descamex plant in Mexico by a water-only process that does not involve the use of solvents. Jackrabbit Java selects the finest coffees from around the world and roasts them in Thermopolis, Wyoming’s mountain air. All Jackrabbit Java coffees are specialty-grade and roasted to order. Visit www.jackrabbitjava.com for more information.', 'desc_3': 'An impressive water-processed decaf from coffees produced in Ethiopia’s Guji growing area — sweet, chocolaty, with inviting aromatic wood notes.', 'roast': 'Medium-Light', 'rating': 91.0, 'loc_country': 'United States'}, {'name': 'Ethiopia Yirgacheffe Botabaa G1', 'origin_1': 'Yirgacheffe Growing Region', 'origin_2': 'Southern Ethiopia', 'desc_1': 'Citrusy and spice-toned. Lemon verbena, gardenia-like flowers, sandalwood, caramel, pink peppercorn in aroma and cup. Richly sweet-tart in structure with vibrant acidity; full, satiny mouthfeel. The finish consolidates to lemon verbena and sandalwood in the short, with caramel resurfacing in the long.', 'desc_2': 'Southern Ethiopia coffees like this one are produced from traditional, largely indigenous varieties of Arabica long grown in the region. This lot was processed by the wet or washed method (fruit skin and pulp are removed before drying). Southern Ethiopia coffees processed with this method typically express great aromatic complexity and intensity, with a particular emphasis on floral notes. De Clieu Coffee is a Taiwan-based roaster whose mission it is to explore extraordinary coffees. For more information, visit https://m.facebook.com/declieucoffeetaipei.', 'desc_3': 'A citrus-driven wet-processed Ethiopia cup with fragrant aromatic wood notes throughout.', 'roast': 'Medium-Light', 'rating': 92.0, 'loc_country': 'Taiwan'}, {'name': 'Fruit Bomb/Ethiopia Shantewene', 'origin_1': 'Sidama Region', 'origin_2': 'South-Central Ethiopia', 'desc_1': 'Evaluated as espresso. Aromatically intense, sweet-tart-savory. Concord grape, lychee, dark chocolate, aloewood, oregano in aroma and cup. Creamy-smooth mouthfeel; savory, herbaceous, chocolaty finish. In three parts milk, savory notes usurp sweet, with inviting aloewood and oregano notes supported by dark chocolate and lychee undertones.', 'desc_2': 'Produced by Faysel Abdosh from distinctive traditional Ethiopian landrace varieties of Arabica long grown in the region. This lot was processed by the anaerobic natural method, in which fermentation of the whole fruit occurs in a hermetically sealed vessel. Founded in 2013, modcup coffee focuses on fresh roasting and distinctive natural-processed coffees. Visit modcup.com for more information.', 'desc_3': 'A strikingly composed Ethiopia anaerobic natural. Experimental processing seems to encourage a complex savory structure that pleasingly supports the up-front fruit.', 'roast': 'Medium-Light', 'rating': 93.0, 'loc_country': 'United States'}, {'name': 'Ethiopia Guji Natural Water-Processed Decaf', 'origin_1': 'Guji Zone', 'origin_2': 'Oromia Region', 'desc_1': 'Sweetly nut- and cocoa-toned. Cashew butter, cocoa powder, magnolia, date, oak in aroma and cup. Sweet structure with gentle acidity; full, syrupy mouthfeel. Crisp finish with leading notes of cashew and cocoa powder that round toward sweet magnolia in the long. ', 'desc_2': 'This coffee was sourced by the importer Royal Coffee, decaffeinated at the Descamex plant in Mexico by a water-only process that does not involve use of solvents, and sold to roasters under the name “Royal Select Water Decaf.” Jackrabbit Java selects the finest coffees from around the world and roasts them in Thermopolis, Wyoming’s mountain air. All Jackrabbit Java coffees are specialty-grade and roasted to order. Visit www.jackrabbitjava.com for more information.', 'desc_3': 'A fine decaf cup that displays much of the sweetness and florality associated with its admired origin, the Guji Zone of southern Ethiopia.', 'roast': 'Medium-Light', 'rating': 90.0, 'loc_country': 'United States'}]","A great match from the context is:

**Decaf Ethiopia Sidamo**  
- **Origin:** Sidama, Southern Ethiopia  
- **Why it fits:**  
  - **Naturally processed / dry-processed**
  - **Tea-like complexity**
  - **Delicate floral aromatics** like **lilac** and **lemon blossom**
  - **Very light, silky mouthfeel**
  - Explicitly noted as **free of the woody notes** common in many decafs

**Key sensory notes:**  
- Lilac  
- Lemon blossom  
- Fresh sweet grass  
- Honey  
- Light tart structure  
- No disturbing wood notes

If you want, I can also suggest the **best brew method** to highlight those floral, tea-like qualities."
"High-scoring light-bodied decaf for someone who likes floral, citrusy, honeyed coffees with a clean finish","[{'name': 'Moonbow Decaf', 'origin_1': 'South America', 'origin_2': 'Lintong Growing Region', 'desc_1': 'Richly and sweetly tart, chocolaty. Dark chocolate, hazelnut butter, lightly scorched cinnamon, date, fir in aroma and cup. Sweet in structure with gentle, rounded acidity; velvety mouthfeel. The chocolaty finish is complicated by date and hazelnut.', 'desc_2': 'This exceptional coffee was selected as the No. 27 coffee on Coffee Review’s list of the Top 30 Coffees of 2019.\xa0 A blend of various coffees from South America, decaffeinated at origin using ethyl acetate, a solvent derived from sugar cane. Paradise Roasters specializes in micro-lot Arabica and Robusta coffees from Asia and other emerging origins. The company prides itself on quality and freshness, craft-roasting coffees in small batches only after orders are placed. Visit www.paradiseroasters.com for more information.', 'desc_3': 'A very impressive decaf, tested here for drip or other non-espresso applications: Sweet, balanced, cocoa-driven.', 'roast': 'Medium-Dark', 'rating': 92.0, 'loc_country': 'United States'}, {'name': 'Moonbow Decaf Espresso', 'origin_1': 'South America', 'origin_2': 'Caldas Department', 'desc_1': 'Evaluated as espresso. Bright, sweetly tart. Cocoa powder, hazelnut, orange zest, pomegranate, fir in aroma and small cup. Crisp, lightly syrupy mouthfeel; sweet cocoa-toned finish. In three parts milk, cocoa notes are amplified, punctuated by orange zest and fir.', 'desc_2': 'A blend of various coffees from South America, decaffeinated at origin using ethyl acetate, a natural solvent derived from sugar cane. Paradise Roasters specializes in micro-lot Arabica and Robusta coffees from Asia and other emerging origins. The company prides itself on quality and freshness, craft-roasting coffees in small batches only after orders are placed. Visit www.paradiseroasters.com for more information.', 'desc_3': 'A fine decaf espresso blend animated by tart fruit and bittersweet citrus zest notes, with a cocoa throughline.', 'roast': 'Medium-Dark', 'rating': 91.0, 'loc_country': 'United States'}, {'name': 'Decaf Colombia Select', 'origin_1': 'Colombia', 'origin_2': 'Ethiopia', 'desc_1': 'Sweet, delicate, floral and wood-toned. Fresh-cut fir, demerara sugar, orange zest, faint rose-like flowers in aroma and cup. Gently bittersweet structure; very lightly syrupy mouthfeel. Flavor consolidates but persists in a round, sweet-toned finish.', 'desc_2': 'Produced from trees of the Caturra and Castillo varieties of Arabica and decaffeinated at origin using ethyl acetate, a natural solvent derived from sugar cane. Bootstrap is the definition of a quality dedicated nano-roaster, with every bag carefully prepared by the roaster himself. Visit www.bootstrapcoffeeroasters.com for more information.', 'desc_3': 'Those who value a gently zesty sweetness should enjoy this delicate decaf cup. Easy on the palate, easy on the nervous system.', 'roast': 'Medium-Light', 'rating': 87.0, 'loc_country': 'United States'}, {'name': 'Decaf Espresso', 'origin_1': 'Peru', 'origin_2': 'Tarrazu Growing Region', 'desc_1': 'Evaluated as espresso. Crisp, richly sweet. Dark chocolate, lily, caramelized walnut, grapefruit zest, fresh-cut fir in aroma and small cup. Lightly syrupy body; richly drying, citrus-toned finish. Chocolaty and floral-toned in three parts milk.', 'desc_2': 'This coffee was sourced by the importer Royal Coffee, decaffeinated at the Descamex plant in Mexico by a water-only process that does not involve use of solvents, and sold to roasters under the name “Royal Select Water Decaf.” Certified organically grown and Fair Trade, meaning it was purchased at a formula-determined “fair” or economically sustainable price. Jackrabbit Java selects the finest coffees from around the world and roasts them in Thermopolis, Wyoming’s mountain air. All Jackrabbit Java coffees are specialty-grade and roasted to order.Visit www.jackrabbitjava.com for more information.', 'desc_3': 'An inviting decaffeinated espresso laden with notes of dark chocolate and sweet florals. Particularly appealing in cappuccino-scaled milk.', 'roast': 'Medium-Light', 'rating': 89.0, 'loc_country': 'United States'}, {'name': 'Decaf Classic Espresso', 'origin_1': 'Antioquia', 'origin_2': 'Colombia', 'desc_1': 'Evaluated as espresso. Richly sweet, cocoa-toned. Cocoa powder, date, magnolia, molasses, oak in aroma and small cup. Satiny-smooth mouthfeel; resonant, chocolaty finish with notes of magnolia and oak. In three parts milk, floral tones are amplified, and cocoa notes are integrated with roasty-sweet aromatic wood.', 'desc_2': 'Decaffeinated at origin using ethyl acetate, a natural solvent derived from sugar cane. Espresso Republic, founded in 2010, specializes in sourcing quality coffees and roasting them in small batches for both retail and wholesale customers. Visit www.espressorepublic.com for more information.', 'desc_3': 'A solid, straightfoward decaf espresso from Colombia, especially chocolaty in cappuccino-scaled milk.', 'roast': 'Medium', 'rating': 90.0, 'loc_country': 'United States'}]","For **high-scoring, light-bodied decaf** with a **floral, citrusy, honeyed** profile and a **clean finish**, the best match in your context is:

## **Top Pick: Decaf Colombia Select**
- **Quality Rating:** 87.0
- **Roast Level:** **Medium-Light**
- **Why it fits:**  
  - **Floral:** faint **rose-like flowers**
  - **Citrusy:** **orange zest**
  - **Sweet:** **demerara sugar**
  - **Clean/light-bodied:** **very lightly syrupy mouthfeel**
  - **Finish:** **round, sweet-toned finish**
- **Best for:** drip, pour-over, or any brewing method where you want the delicate florals and citrus to come through clearly

### Why it’s the best fit
Among the decafs listed, this is the **closest to your flavor target** because it leans **delicate and aromatic** rather than cocoa-heavy or dark/chocolaty. It’s also the most **light-bodied** of the group.

## Runner-up: Decaf Espresso (Peru)
- **Quality Rating:** 89.0
- **Roast Level:** **Medium-Light**
- **Notes:** **lily, grapefruit zest, fresh-cut fir, dark chocolate**
- **Why consider it:** It’s **higher scoring** and has a **clean, citrus-toned finish**, but it’s a bit more **chocolatey/drying** than the Colombia.

## Not the best fit, but worth noting
- **Moonbow Decaf / Moonbow Decaf Espresso:** excellent decafs, but they’re more **cocoa, hazelnut, tart fruit**, and **medium-dark** rather than light-bodied/floral-honeyed.
- **Decaf Classic Espresso:** more **cocoa, magnolia, molasses, oak** — richer and less bright.

### Recommendation
If you want the **closest flavor match**, go with **Decaf Colombia Select**.  
If you want the **slightly higher-scoring option with a more citrus-floral edge**, try **Decaf Espresso (Peru)**.

If you want, I can also rank these **for pour-over vs espresso** or suggest which one will taste most like a **floral Ethiopian-style cup**."
"Medium roast decaf that tastes elegant and tea-like, with bright sweetness and a soft mouthfeel","[{'name': 'Moonbow Decaf Espresso', 'origin_1': 'South America', 'origin_2': 'Caldas Department', 'desc_1': 'Evaluated as espresso. Bright, sweetly tart. Cocoa powder, hazelnut, orange zest, pomegranate, fir in aroma and small cup. Crisp, lightly syrupy mouthfeel; sweet cocoa-toned finish. In three parts milk, cocoa notes are amplified, punctuated by orange zest and fir.', 'desc_2': 'A blend of various coffees from South America, decaffeinated at origin using ethyl acetate, a natural solvent derived from sugar cane. Paradise Roasters specializes in micro-lot Arabica and Robusta coffees from Asia and other emerging origins. The company prides itself on quality and freshness, craft-roasting coffees in small batches only after orders are placed. Visit www.paradiseroasters.com for more information.', 'desc_3': 'A fine decaf espresso blend animated by tart fruit and bittersweet citrus zest notes, with a cocoa throughline.', 'roast': 'Medium-Dark', 'rating': 91.0, 'loc_country': 'United States'}, {'name': 'Moonbow Decaf', 'origin_1': 'South America', 'origin_2': 'Lintong Growing Region', 'desc_1': 'Richly and sweetly tart, chocolaty. Dark chocolate, hazelnut butter, lightly scorched cinnamon, date, fir in aroma and cup. Sweet in structure with gentle, rounded acidity; velvety mouthfeel. The chocolaty finish is complicated by date and hazelnut.', 'desc_2': 'This exceptional coffee was selected as the No. 27 coffee on Coffee Review’s list of the Top 30 Coffees of 2019.\xa0 A blend of various coffees from South America, decaffeinated at origin using ethyl acetate, a solvent derived from sugar cane. Paradise Roasters specializes in micro-lot Arabica and Robusta coffees from Asia and other emerging origins. The company prides itself on quality and freshness, craft-roasting coffees in small batches only after orders are placed. Visit www.paradiseroasters.com for more information.', 'desc_3': 'A very impressive decaf, tested here for drip or other non-espresso applications: Sweet, balanced, cocoa-driven.', 'roast': 'Medium-Dark', 'rating': 92.0, 'loc_country': 'United States'}, {'name': 'Decaf Colombia Select', 'origin_1': 'Colombia', 'origin_2': 'Ethiopia', 'desc_1': 'Sweet, delicate, floral and wood-toned. Fresh-cut fir, demerara sugar, orange zest, faint rose-like flowers in aroma and cup. Gently bittersweet structure; very lightly syrupy mouthfeel. Flavor consolidates but persists in a round, sweet-toned finish.', 'desc_2': 'Produced from trees of the Caturra and Castillo varieties of Arabica and decaffeinated at origin using ethyl acetate, a natural solvent derived from sugar cane. Bootstrap is the definition of a quality dedicated nano-roaster, with every bag carefully prepared by the roaster himself. Visit www.bootstrapcoffeeroasters.com for more information.', 'desc_3': 'Those who value a gently zesty sweetness should enjoy this delicate decaf cup. Easy on the palate, easy on the nervous system.', 'roast': 'Medium-Light', 'rating': 87.0, 'loc_country': 'United States'}, {'name': 'Decaf Classic Espresso', 'origin_1': 'Antioquia', 'origin_2': 'Colombia', 'desc_1': 'Evaluated as espresso. Richly sweet, cocoa-toned. Cocoa powder, date, magnolia, molasses, oak in aroma and small cup. Satiny-smooth mouthfeel; resonant, chocolaty finish with notes of magnolia and oak. In three parts milk, floral tones are amplified, and cocoa notes are integrated with roasty-sweet aromatic wood.', 'desc_2': 'Decaffeinated at origin using ethyl acetate, a natural solvent derived from sugar cane. Espresso Republic, founded in 2010, specializes in sourcing quality coffees and roasting them in small batches for both retail and wholesale customers. Visit www.espressorepublic.com for more information.', 'desc_3': 'A solid, straightfoward decaf espresso from Colombia, especially chocolaty in cappuccino-scaled milk.', 'roast': 'Medium', 'rating': 90.0, 'loc_country': 'United States'}, {'name': 'Decaf Espresso', 'origin_1': 'Peru', 'origin_2': 'Tarrazu Growing Region', 'desc_1': 'Evaluated as espresso. Crisp, richly sweet. Dark chocolate, lily, caramelized walnut, grapefruit zest, fresh-cut fir in aroma and small cup. Lightly syrupy body; richly drying, citrus-toned finish. Chocolaty and floral-toned in three parts milk.', 'desc_2': 'This coffee was sourced by the importer Royal Coffee, decaffeinated at the Descamex plant in Mexico by a water-only process that does not involve use of solvents, and sold to roasters under the name “Royal Select Water Decaf.” Certified organically grown and Fair Trade, meaning it was purchased at a formula-determined “fair” or economically sustainable price. Jackrabbit Java selects the finest coffees from around the world and roasts them in Thermopolis, Wyoming’s mountain air. All Jackrabbit Java coffees are specialty-grade and roasted to order.Visit www.jackrabbitjava.com for more information.', 'desc_3': 'An inviting decaffeinated espresso laden with notes of dark chocolate and sweet florals. Particularly appealing in cappuccino-scaled milk.', 'roast': 'Medium-Light', 'rating': 89.0, 'loc_country': 'United States'}]","For a **medium roast decaf** with an **elegant, tea-like feel** plus **bright sweetness** and a **soft mouthfeel**, the best match in your context is:

### **Decaf Colombia Select**
- **Roast level:** Medium-Light  
- **Why it fits:**  
  - **Delicate, floral, and wood-toned**
  - **Orange zest** and **demerara sugar** give it **bright sweetness**
  - **Very lightly syrupy mouthfeel** keeps it soft and elegant
  - Finish is **round and sweet-toned**, which leans nicely into a tea-like cup

### If you want a slightly richer but still refined option:
**Moonbow Decaf**
- **Roast level:** Medium-Dark  
- **Profile:** sweetly tart, cocoa, hazelnut, orange zest, pomegranate
- **Mouthfeel:** crisp, lightly syrupy / velvety
- Less tea-like than the Colombia, but more plush and dessert-like

### Best pick for your description:
**Decaf Colombia Select** — it’s the closest to **elegant, bright, delicate, and soft**."
"A.R.C. Ethiopia Yirgacheffe Washed G1 medium-light roast from Hong Kong, 92 rating, Southern Ethiopia, Yirgacheffe Growing Region","[{'name': 'Ethiopia Mulegeta Sintayehu Washed', 'origin_1': 'Yirgacheffe Growing Region', 'origin_2': 'Southern Ethiopia', 'desc_1': 'High-toned, richly sweet-tart. Dried apricot, tangerine zest, almond, narcissus-like flowers, cedar in aroma and cup. Sweetly tart in structure with balanced, juicy acidity; crisp yet syrupy mouthfeel. The finish is richly bittersweet and long, centered on notes of tangerine zest and cedar.', 'desc_2': 'Southern Ethiopia coffees like this one are largely produced from indigenous Ethiopian varieties of Arabica long grown in the region. Processed by the wet or washed method (fruit skin and pulp removed before drying). GK Coffee provides quality specialty coffee to consumers and retailers. For more information, visit www.gkcoffee.com.tw or email [email\xa0protected]', 'desc_3': 'A complex, resonant washed Ethiopia cup, fruit- and flora-laden, with an especially inviting bright, juicy acidity.', 'roast': 'Medium-Light', 'rating': 94.0, 'loc_country': 'Taiwan'}, {'name': 'Ethiopia Yirgacheffe Washed', 'origin_1': 'Yirgacheffe Growing Region', 'origin_2': 'Southern Ethiopia', 'desc_1': 'Delicately sweet, bright-toned. Lemon zest, rhododendron, baking chocolate, fresh-cut fir, molasses in aroma and cup. Gentle, lively acidity; light, satiny mouthfeel. Lemon zest and chocolate carry into a sweet, gently drying finish. ', 'desc_2': 'Southern Ethiopia coffees like this one are produced from traditional Ethiopian varieties of Arabica long grown in the region. It was processed by the wet or washed method (fruit skin and pulp are removed before drying). MK Coffee Roasters, a short walk from the Shulin train station in New Taipei City, specializes in high-quality roasted beans to take home and expertly brewed coffees to enjoy in the café. Visit www.facebook.com/MKCoffeeRoasters or e-mail [email\xa0protected] for more information.', 'desc_3': 'A delicate, accessible, pretty Ethiopia cup with attractive citrus and chocolate notes.', 'roast': 'Medium', 'rating': 91.0, 'loc_country': 'Taiwan'}, {'name': 'Ethiopia Yirgacheffe Hama Washed', 'origin_1': 'Yirgacheffe Growing Region', 'origin_2': 'South-Central Ethiopia', 'desc_1': 'Complex, multi-layered, deeply sweet-tart. Lilac, cocoa nib, peach, amber, pistachio in aroma and cup. Sweetly tart structure with bright, juicy acidity; plush, syrupy mouthfeel. The resonant, flavor-saturated finish leads with notes of lilac and peach, balanced by suggestions of crisp cocoa.', 'desc_2': 'Southern Ethiopia coffees like this one are largely produced from distinctive traditional Ethiopian landrace varieties of Arabica long grown in the region. Processed by the wet or washed method (fruit skin and pulp are removed before drying). Cozy House Coffee is a Taiwan-based specialty coffee roaster and an SCA Authorized Trainer (AST). For more information, visit https://shop.cozyhousecoffee.com.', 'desc_3': 'A delicately high-toned, crisply sweet-tart washed Yirgacheffe cup with a floral throughline.', 'roast': 'Medium-Light', 'rating': 94.0, 'loc_country': 'Taiwan'}, {'name': 'Ethiopia Suke Quto', 'origin_1': 'Guji Zone', 'origin_2': 'Oromia Region', 'desc_1': 'Delicate, sweetly spice-toned. Pink peppercorn, date, myrrh, lavender, roasted cacao nib in aroma and cup. Crisp, spice-toned structure with citrus-like acidity; satiny, very smooth mouthfeel. The crisply sweet finish centers around spice and pungent floral notes.', 'desc_2': 'This coffee tied for the third-highest rating in a tasting of 71 organic-certified coffees from Africa for Coffee Review’s November 2017 tasting report. Southern Ethiopia coffees like this one are produced from traditional Ethiopian varieties of Arabica long grown in the region. When processed by the wet or washed method (fruit skin and pulp are removed before drying) they typically express great aromatic complexity and intensity with a particular emphasis on floral notes. Like virtually all southern Ethiopia coffees, this one is produced by villagers on small, garden plots interplanted with food and other subsistence crops. Roast House is a small-batch, quality-focused roaster specializing in farm-direct organic-certified and Fair Trade Certified coffees. Visit roasthousecoffee.com or call 509-995-6500 for more information.', 'desc_3': 'Lavender-like flowers and hints of zesty pink peppercorn animate this crisply sweet wet-processed Ethiopia cup.', 'roast': 'Medium-Light', 'rating': 92.0, 'loc_country': 'United States'}, {'name': 'Ethiopia Biloya Washed G1', 'origin_1': 'Yirgacheffe Growing Region', 'origin_2': 'Southern Ethiopia', 'desc_1': 'Crisply sweet-savory, spice-toned. Baking chocolate, black cherry, freesia, lemongrass, fresh-cut fir in aroma and cup. Sweetly savory structure with gentle acidity; velvety-smooth mouthfeel. The resonant finish consolidates to notes of crisp chocolate and lemongrass.', 'desc_2': 'Produced by smallholding farmers from selections of indigenous Ethiopian landrace varieties of Arabica and processed by the traditional washed method (fruit skin and flesh are removed from the beans before they are dried). Golin Coffee Roasters is a Taiwan-based retail and wholesale specialty coffee roaster that also offers educational seminars. Visit https://golincoffee.waca.ec/ for more information.', 'desc_3': 'A sweet-savory washed Ethiopia cup, cocoa-driven with undertones of sweet herb and spicy floral notes.', 'roast': 'Light', 'rating': 92.0, 'loc_country': 'Taiwan'}]","**A.R.C. Ethiopia Yirgacheffe Washed G1** sounds like a classic **Southern Ethiopia / Yirgacheffe** cup in a **medium-light roast** style, which usually means:

- **Bright, floral, and delicate**
- **Citrusy sweetness**
- **Clean washed-process clarity**
- Often with notes like **lemon zest, floral aromatics, chocolate, or sweet tart fruit**

Based on the provided context, the closest match is **Ethiopia Yirgacheffe Washed** and similar Yirgacheffe washed lots:

- **Origin:** Yirgacheffe Growing Region, Southern Ethiopia
- **Process:** Washed
- **Roast level:** Medium-light / medium
- **Quality style:** Specialty-grade, high clarity, expressive acidity
- **Typical cup character:** **Bright, sweet, floral, citrusy**

### What to expect in the cup
Likely flavor direction:
- **Lemon zest / citrus**
- **Floral notes** like rhododendron or jasmine-like florals
- **Light chocolate or cocoa**
- **Sweet, lively acidity**
- **Light to satiny mouthfeel**

### If you want to brew it well
A washed Yirgacheffe like this usually shines with a cleaner, lighter brew:

**Brew Method:** V60  
* **Coffee:** 15g  
* **Water:** 250g @ 94°C / 201°F  
* **Grind Size:** Medium-fine, like table salt  
* **Total Time:** 2:30–3:00 mins  

**Step-by-Step Instructions:**
1. Rinse filter and preheat brewer.
2. Add coffee and pour **40g** for the bloom; wait **30–45 sec**.
3. Pour in slow circles up to **250g** total.
4. Let it drain fully and taste.

If you want, I can also give you:
- a **pour-over recipe tuned for this exact bean**
- an **espresso recipe**
- or a **tasting-note breakdown in plain language**"
"Medium-light Ethiopian washed coffee with bright citrus blossom, cocoa, nutty notes, and a crisp, light body","[{'name': 'Ethiopia Washed Botabaa G1 Lot.22/01', 'origin_1': 'Kochere District', 'origin_2': 'Gedeo Zone', 'desc_1': 'Sweetly floral, richly aromatic. Magnolia, raspberry, cocoa nib, lemon-thyme, agave syrup in aroma and cup. Sweetly tart structure with bright, juicy acidity; full, syrupy-smooth mouthfeel. The finish leads with notes of magnolia  and raspberry with distinct undertones of cocoa nib.', 'desc_2': 'Southern Ethiopia produces distinctive coffees from selections of indigenous, traditional selections of Arabica long grown in the region. Coffees like this one, processed by the traditional wet or washed method (fruit skin and pulp is removed before drying), typically express great aromatic complexity and intensity. Muka Coffee, based in Pingtung Changzhi Taiwan, specializes in high-quality roasted coffees. Visit www.facebook.com/coffeemuka for more information.', 'desc_3': 'A multi-layered, sweetly tart washed Ethiopia cup with deep floral and high-toned berry notes.', 'roast': 'Light', 'rating': 93.0, 'loc_country': 'Taiwan'}, {'name': 'Mini-Me Washed Kaffa Forest', 'origin_1': 'Yirgacheffe Growing Region', 'origin_2': 'Southern Ethiopia', 'desc_1': 'Evaluated as espresso. Intensely chocolaty, vivaciously fruit-toned. Dark chocolate, narcissus, pie cherry, molasses, sandalwood in aroma and small cup. Rich, syrupy mouthfeel. A resonant finish leads with cherry and narcissus notes in the short and sandalwood-toned chocolate in the long. In three parts milk, dark chocolate envelopes deeply stated fruit and floral notes. ', 'desc_2': 'This exceptional coffee was selected as the No. 18 coffee on\xa0Coffee Review’s\xa0list of the Top 30 Coffees of 2018. Southern Ethiopia coffees like this one are produced from traditional Ethiopian varieties of Arabica long grown in the region. It was processed by the wet or washed method (fruit skin and pulp are removed before drying). Southern Ethiopia coffees processed by this method typically express great aromatic complexity and intensity, with a particular emphasis on floral notes. In addition to his retail roasting operation, Aroma Roast Coffees, Simon Hsieh also operates Soaring Phoenix Trading, a business focused on purpose-built commercial espresso blends and high quality single-origin coffees. Visit www.facebook.com/4ArtsZeroDefectCoffees or call 886-0983-749876 for more information.', 'desc_3': 'A dynamic trifecta of flowers, fruit and chocolate in both the shot and in cappuccino-scaled milk.', 'roast': 'Medium-Dark', 'rating': 95.0, 'loc_country': 'Taiwan'}, {'name': 'Ethiopia Mulegeta Sintayehu Washed', 'origin_1': 'Yirgacheffe Growing Region', 'origin_2': 'Southern Ethiopia', 'desc_1': 'High-toned, richly sweet-tart. Dried apricot, tangerine zest, almond, narcissus-like flowers, cedar in aroma and cup. Sweetly tart in structure with balanced, juicy acidity; crisp yet syrupy mouthfeel. The finish is richly bittersweet and long, centered on notes of tangerine zest and cedar.', 'desc_2': 'Southern Ethiopia coffees like this one are largely produced from indigenous Ethiopian varieties of Arabica long grown in the region. Processed by the wet or washed method (fruit skin and pulp removed before drying). GK Coffee provides quality specialty coffee to consumers and retailers. For more information, visit www.gkcoffee.com.tw or email [email\xa0protected]', 'desc_3': 'A complex, resonant washed Ethiopia cup, fruit- and flora-laden, with an especially inviting bright, juicy acidity.', 'roast': 'Medium-Light', 'rating': 94.0, 'loc_country': 'Taiwan'}, {'name': 'Ethiopia Yirgacheffe Botabaa Washed G1 21/01', 'origin_1': 'Ochere Woreda', 'origin_2': 'Gedeo Zone', 'desc_1': 'Sweetly tart, decidedly tropical. Ginger blossom, passionfruit, kukui nut, lemon verbena, sugarcane in aroma and cup. Sweet-tart structure with juicy, high-toned acidity; plush, syrupy mouthfeel. The finish is resonant, long, and flavor-saturated.', 'desc_2': 'Southern Ethiopia produces distinctive coffees from largely indigenous, traditional varieties of Arabica long grown in the region. Coffees like this one processed by the wet or washed method (fruit skin and pulp is removed before drying) typically express great aromatic complexity and intensity with a particular emphasis on citrus and floral notes. Kakalove Café is a nano-roaster located in the small city of Chia-Yi in Taiwan that strives to procure and roast the finest quality coffee. Visit www.kakalovecafe.com.tw or email [email\xa0protected] for more information.', 'desc_3': 'A high-toned, juicy-tart, downright heady washed Ethiopia cup with distinct tropical leanings.', 'roast': 'Medium-Light', 'rating': 94.0, 'loc_country': 'Taiwan'}, {'name': 'Ethiopia Sidama Bona Washed G1', 'origin_1': 'Sidamo (Also Sidama) Growing Region', 'origin_2': 'South-Central Ethiopia', 'desc_1': 'Sweetly pungent, complex. Apricot, cocoa nib, narcissus, cedar, almond butter in aroma and cup. Sweet-tart structure with bright, juicy acidity; full, syrupy mouthfeel. The cocoa-driven finish is supported by notes of dried stone fruit and spicy-sweet florals.', 'desc_2': 'Southern Ethiopia coffees like this one are produced from traditional Ethiopian landrace varieties of Arabica long grown in the region. Processed by the wet or washed method (fruit skin and pulp removed before drying). Singsun Coffee is an artisanal coffee shop in Hsinchu, Taiwan operated by roastmaster Peng Shuai. Visit https://reurl.cc/k0aGYn for more information.', 'desc_3': ' This classic washed Ethiopia cup offers vibrant acidity and lively aromatics across a range of floral, fruit and cocoa notes.', 'roast': 'Medium-Light', 'rating': 94.0, 'loc_country': 'Taiwan'}]","A very close match from the context is:

**Ethiopia Sidama Bona Washed G1**

- **Roast Level:** Medium-Light
- **Key notes:** **cocoa nib, narcissus/floral, almond butter, apricot**
- **Body:** **full, syrupy mouthfeel**
- **Acidity:** **bright, juicy acidity**
- **Why it fits:** It has the **cocoa + nutty + floral** profile you’re after, with a lively washed-Ethiopia character.

If you want something a bit more **citrus/blossom-forward and lighter-bodied**, this is also a strong fit:

**Ethiopia Mulegeta Sintayehu Washed**
- **Roast Level:** Medium-Light
- **Key notes:** **tangerine zest, almond, narcissus-like flowers, cedar**
- **Body:** **crisp yet syrupy mouthfeel**
- **Why it fits:** More **citrus blossom / crisp** leaning, with nutty almond notes.

If you’d like, I can also rank all 5 coffees from **closest to least close** for your flavor description."
"Tea-like, delicate coffee with floral aroma, tangy fruit, and peppery spice, plus a clean, dry finish","[{'name': 'Rhapsody of Dreams', 'origin_1': 'Kenya', 'origin_2': 'Colombia', 'desc_1': 'Chocolaty and floral-toned. Dark chocolate, freesia-like flowers, pluot, pink peppercorn, oak in aroma and cup. Sweet-tart structure with bright, sparkling acidity; very full, syrupy-smooth mouthfeel. Spice-toned, floral finish.', 'desc_2': 'A blend of coffees from Kenya and Colombia, both washed-process, designed for pour-over brewing. Evie’s Café, based in Chia-Yi Taiwan, specializes in fine roasted coffees as well as pour-overs and cold-brews. Visit https://m.facebook.com/eviescafe88/ for more information.', 'desc_3': 'A creative blend of two exceptional green coffees that nets a multi-layered and engaging cup: spice-toned, deeply chocolaty, richly floral.', 'roast': 'Medium-Light', 'rating': 94.0, 'loc_country': 'Taiwan'}, {'name': 'Floral Samurai', 'origin_1': 'Colombia', 'origin_2': 'Guatemala', 'desc_1': 'Evaluated as espresso. Richly chocolaty, sweetly nut-toned. Dark chocolate, almond butter, narcissus, gently scorched cedar, date in aroma and small cup. Full, syrupy-smooth mouthfeel; crisply sweet, chocolate- and nut-toned finish. In three parts milk, chocolate notes predominate, with undertones of gently scorched cedar and narcissus.', 'desc_2': 'A blend of coffees from Colombia, Guatemala, Brazil and Ethiopia roasted for espresso. Flower Coffee Workshop is a nano-roastery and coffee shop in Taichung, Taiwan. Visit https://www.facebook.com/flowercoffee20180526/ for more information.', 'desc_3': 'An espresso blend particularly appealing in three parts milk, with sweet floral, rich chocolate, and deep nut tones. ', 'roast': 'Medium', 'rating': 93.0, 'loc_country': 'Taiwan'}, {'name': 'Sumatra Batak Triple-Picked', 'origin_1': 'Lintong Growing Region', 'origin_2': 'Sumatra', 'desc_1': 'Spice-toned, sweetly earthy. Dark chocolate, fresh humus, pipe tobacco, pink peppercorn, narcissus in aroma and cup. Vibrantly sweet-savory structure; plush, velvety mouthfeel. Dark chocolate carries the lingering finish.', 'desc_2': 'Certified fair trade and USDA Organic. Produced by smallholding farmers from trees of the Typica, Catimor, Linies and Rasuna varieties of Arabica and processed by the traditional Sumatra washed and wet-hulled method. Founded in 2001, A&E Coffee & Tea is a specialty coffee roaster and cafe in Nashua, New Hampshire. Visit aeroastery.com\xa0for more information.', 'desc_3': 'A chocolaty, confidently savory, classic Sumatra wet-hulled cup.', 'roast': 'Medium-Light', 'rating': 92.0, 'loc_country': 'United States'}, {'name': 'Finca Kilimanjaro Natural', 'origin_1': 'Santa Ana Department', 'origin_2': 'Northwestern El Salvador', 'desc_1': 'Briskly sweet-savory, rounded by a cherry-like juiciness. Black cherry, lavender, baker’s chocolate, pistachio, artichoke blossom in aroma and cup. Bittersweet and savory in structure lifted by a cushiony fruit; full and plump in mouthfeel. The richly drying finish consolidates around chocolate, nut and a hint of flowers. ', 'desc_2': 'This coffee tied for the third-highest rating in a tasting of El Salvador coffees for Coffee Review’s August 2019 tasting report. Produced from trees of the heirloom Bourbon and related varieties and processed by the natural or dried-in-the-whole-fruit method by celebrated producer Aida Batlle at her Finca Kilimanjaro. Willoughby’s Coffee & Tea is a pioneer specialty coffee roaster established in the early 1980s that has gracefully and successfully moved with the\xa0 times and now offers a menu of extremely refined small-lot, single-origin coffees. Visit www.willoughbyscoffee.com or call 800-388-8400 for more information.', 'desc_3': 'A nut-toned bitter-savory inclination is lifted majestically by a deep, cherry-like sweetness. Drink it for the contrast, and the big, syrupy mouthfeel.', 'roast': 'Medium-Light', 'rating': 92.0, 'loc_country': 'United States'}, {'name': 'Flora Blend Espresso', 'origin_1': 'Africa', 'origin_2': 'Asia Pacific', 'desc_1': 'Evaluated as espresso. Sweetly tart, floral-toned. Honeysuckle, oak, dried apricot, dark chocolate, thyme in aroma and small cup. Delicately syrupy body; gently drying, floral-driven finish in the short and sweetly herb-toned in the long. In three parts milk, chocolate, florals and fruit all take center stage, and thyme-like herb notes gently follow.', 'desc_2': 'An espresso blend comprised of coffees from Africa and the Asia-Pacific. A.R.C., whose motto is “more than specialty,” rigorously controls three vital elements: sourcing of green coffee, roasting, and, in cafe environments, water quality for brewed coffee. For more information, visit http://www.arc.coffee/en/index.html.', 'desc_3': 'A floral-driven straight shot, amplified with notes of stone fruit and chocolate in cappuccino-scaled milk.', 'roast': 'Medium-Light', 'rating': 94.0, 'loc_country': 'Hong Kong'}]","The best match is **Flora Blend Espresso**.

**Why it fits:**
- **Tea-like, delicate / floral aroma** → honeysuckle, floral-toned
- **Tangy fruit** → dried apricot, sweetly tart
- **Peppery spice** → thyme adds a subtle savory spice note
- **Clean, dry finish** → gently drying, floral-driven finish

If you want, I can also rank the **top 3 closest matches** from the list and explain the differences."
"Looking for a high-scoring light-to-medium roast that’s floral, complex, and works as a refined filter coffee","[{'name': 'Dark Roast Holiday Blend', 'origin_1': 'Sumatra', 'origin_2': 'Panama', 'desc_1': 'Very roast-prominent, chocolaty and spiced-toned. Chocolate, charred mesquite, date, baking spices, dark caramel in aroma and cup. Sweet-toned structure with a bitter edge; full though drying mouthfeel. The finish, while sweet, is dominated by burned wood notes that obscure the underlying chocolate and fruit.', 'desc_2': 'This blend was purchased from a Peet’s Coffee retail location as a nationally branded benchmark comparison for the holiday blends from other smaller roasters reviewed this month. It is comprised of three coffees: a wet-hulled Sumatra Batak, a washed-process Panama Finca Don Bosco, and a washed-process Kenya. Peet’s Coffee, now a national chain, was founded by Alfred Peet in 1966, making it one of the first and most influential artisan coffee roasters in the U.S. Visit www.peets.com for more information.', 'desc_3': 'An interesting blend skillfully dark-roasted, save for the bitter, burned finish. Otherwise, quietly intriguing, sweet and smoky.', 'roast': 'Dark', 'rating': 86.0, 'loc_country': 'United States'}, {'name': 'Ka’u Pink Honey', 'origin_1': ""Ka'U District"", 'origin_2': 'Big Island Of Hawai’I', 'desc_1': 'Tropically sweet, floral-driven. Star jasmine, mango, date, macadamia nut, amber in aroma and cup. Sweet-tart structure with gently bright acidity; delicately confident acidity. Resonantly fruit- and floral-toned finish.', 'desc_2': 'Produced at Miranda Farms entirely of the Red Catuaí variety of Arabica and processed by the pink honey method, in which coffee is fermented in the whole fruit before skins are removed and the beans are dried with the pinkish-toned fruit flesh or mucilage still adhering to them. Paradise Roasters specializes in micro-lot Arabica and Robusta coffees from Asia and other emerging origins. The company prides itself on quality and freshness, craft-roasting coffees in small batches only after orders are placed. Visit www.paradiseroasters.com or call 763-433-0626 for more information.', 'desc_3': 'An exciting Ka’u cup that is equal parts lushly fruit-forward and elegantly floral.', 'roast': 'Light', 'rating': 94.0, 'loc_country': 'United States'}, {'name': 'Fruit of the Goddess Espresso Blend', 'origin_1': 'Kenya', 'origin_2': 'Costa Rica', 'desc_1': 'Juicy, sweet-tart, rich and deep. Black cherry, dark chocolate, sage, star jasmine, sandalwood in aroma and small cup. Creamy-smooth mouthfeel; long, lingering, chocolaty finish. Dark chocolate, black cherry and star jasmine take center stage in  cappuccino-scaled milk.', 'desc_2': 'A blend of coffees from Kenya, Costa Rica and Ethiopia roasted for espresso applications. Evaluated as espresso. Cozy House Coffee is a Taiwan-based specialty coffee roaster and an SCA Authorized Trainer (AST). For more information, visit https://shop.cozyhousecoffee.com.', 'desc_3': 'A complex, layered espresso blend with sweetly tart fruit notes at the top and spicy florals and dark chocolate underneath — compelling both in the straight shot and in milk.', 'roast': 'Medium-Light', 'rating': 94.0, 'loc_country': 'Taiwan'}, {'name': 'Pike’s Place Blend', 'origin_1': 'Latin America', 'origin_2': 'Americas', 'desc_1': 'Brisk, dry, sweetly vegetal. Green bean, carob, charred balsa, faded gardenia, raw almond in aroma and cup. Flatly bittersweet structure with  inert acidity; dry, rather thin mouthfeel. Wood-framed, sweetly vegetal finish.', 'desc_2': 'Purchased at amazon.com as a nationally branded benchmark comparison for the darker-roasted coffees from smaller roasters reviewed this month. Visit www.starbucks.com for more information.', 'desc_3': 'This blend retains its popularity, despite what reads here as a flat, bitterish cup, with only some backgrounded sweetness and nuance.', 'roast': 'Dark', 'rating': 84.0, 'loc_country': 'United States'}, {'name': 'Black Dragon Dark Roast', 'origin_1': 'Brazil', 'origin_2': 'Costa Rica', 'desc_1': 'Deep, rich-toned, sweetly smoky. Mexican chocolate (dark chocolate and cinnamon), gently scorched mesquite, raisin, gardenia, roasted hazelnut in aroma and cup. Bittersweet structure with barely perceptible acidity; plush, satiny mouthfeel. The finish consolidates to notes of dark chocolate and gently smoky mesquite.', 'desc_2': 'A blend of a natural-processed coffee from Brazil and a washed-process coffee from Costa Rica. Founded in 2015 by roaster James Parrish, Rhetoric Coffee is roasted at CoRo, Bay Area Co-Roasters (www.corocoffee.com), a collaborative community roasting space in Berkeley, California. Visit www.rhetoriccoffee.com for more information.', 'desc_3': 'A confident darker roast edging into sweet smokiness, animated by big chocolate notes. Adding a splash of whole milk, or even cream, wouldn’t be a disservice to this strong-charactered dark roast.', 'roast': 'Medium', 'rating': 90.0, 'loc_country': 'United States'}]","For a **high-scoring light-to-medium roast** that’s **floral, complex, and polished for filter**, the best match in your context is:

### **Ka’u Pink Honey**
- **Roast Level:** Light  
- **Quality Rating:** **94.0**
- **Why it fits:** It’s described as **“tropically sweet, floral-driven”** with **star jasmine, mango, date, macadamia nut, and amber**. The cup has **gently bright acidity** and a **fruit- and floral-toned finish**, which is exactly what you want for a refined filter coffee.

### Why this stands out
- **Floral complexity:** Star jasmine is a strong indicator of elegant florals.
- **Layered sweetness:** Mango, date, and amber add depth without tasting heavy.
- **Filter-friendly clarity:** The light roast and delicate acidity should shine especially well in pour-over.

### Runner-up
**Fruit of the Goddess Espresso Blend**
- **Roast Level:** Medium-Light
- **Quality Rating:** **94.0**
- It’s also very complex and floral, with **star jasmine, sage, black cherry, and dark chocolate**.
- However, it’s specifically **roasted for espresso applications**, so it’s less ideal if your main goal is refined filter brewing.

### Best pick for filter
**Ka’u Pink Honey** is the clearest answer here.

If you want, I can also help you choose the **best brew method and recipe** for it, like V60, Chemex, or flat-bottom filter."
"Bright and aromatic Ethiopian coffee with layered fruit, cocoa, and spice notes, not too heavy","[{'name': 'Ethiopia Halo Hartume Daniel Mijane', 'origin_1': 'Yirgacheffe Growing Region', 'origin_2': 'Southern Ethiopia', 'desc_1': 'Delicately vibrant, crisply sweet-tart. Peach, cocoa nib, lilac, pink grapefruit zest, pistachio in aroma and cup. Balanced, sweetly tart in structure; richly silky mouthfeel. The satisfying finish consolidates to notes of cocoa-toned stone fruit.', 'desc_2': 'Southern Ethiopia coffees like this one are largely produced from traditional Ethiopian varieties of Arabica long grown in the region. This lot was processed by the wet or washed method (fruit skin and pulp are removed before drying). Southern Ethiopia coffees processed with this method typically express great aromatic complexity and intensity, with a particular emphasis on floral notes. Old World Coffee Lab is a specialty coffee roaster with cafes in Reno and Carson City, Nevada. Visit www.oldworldcoffee.co for more information.\xa0', 'desc_3': 'A high-toned, elegant washed Yirgacheffe cup with a floral and stone fruit throughline.', 'roast': 'Medium-Light', 'rating': 94.0, 'loc_country': 'United States'}, {'name': 'Ethiospro Blend', 'origin_1': 'Ethiopia', 'origin_2': 'Sabanilla De Alajuela Growing Region', 'desc_1': 'Evaluated as espresso. Bright, floral, spice-toned. Spearmint, black cherry, cedar, tangerine zest, plumeria-like flowers in aroma and small cup. Plush and buttery in mouthfeel. Flavor consolidates to cocoa-toned citrus in a resonant finish. In three parts milk, an elegant cocoa surfaces, with supporting notes of sweet flowers and a hint of pungent cedar.', 'desc_2': 'This coffee tied for the second-highest rating in a tasting of natural-processed single-origin espressos for Coffee Review’s August 2018 tasting report. A blend of natural-processed coffees from the Shakiso, Guji, Oromia and Sidamo growing regions of Ethiopia. Southern Ethiopia coffees like these are largely produced from distinctive traditional Ethiopian varieties of Arabica long grown in the region. The components of this blend are dry-processed or “natural” coffees, meaning the beans were dried inside the fruit rather than after the fruit has been removed, as is the case with wet-processed or “washed” coffees. Revel Coffee is a micro-roaster located in Billings, Montana. Its motto: “Quality is paramount—a difference you can revel in.” Visit www.revelcoffee.com or call 406-534-9621 for more information.', 'desc_3': 'An espresso blend trifecta that leads in equal parts with fruit, flowers and herbs (think black cherry, plumeria and spearmint, respectively).', 'roast': 'Medium-Light', 'rating': 94.0, 'loc_country': 'United States'}, {'name': 'Ardent Ethiopia Natural', 'origin_1': 'Sidamo (Also Sidama) Growing Region', 'origin_2': 'South-Central Ethiopia', 'desc_1': 'Delicately sweet-tart, richly and intricately aromatic, deep-toned. Dried hibiscus flowers, bergamot, frankincense, lychee, boysenberry in aroma and cup. Confidently sweet-tart structure with sparkling acidity; silky, buoyant mouthfeel. The long, lingering flavor-saturated finish intoxicatingly blurs fruit and floral notes.', 'desc_2': 'This exceptional coffee was selected as the No. 5 coffee on Coffee Review’s list of the Top 30 Coffees of 2020.\xa0 A green coffee from Ardent Coffees, a newer specialized exporter of Ethiopia coffees. Southern Ethiopia coffees like this one are largely produced from distinctive indigenous Ethiopian landrace varieties of Arabica long grown in their respective regions. This is a dry-processed or “natural” version (coffee is dried inside the entire fruit). JBC Coffee Roasters’ vision is simple: “let the coffee lead the way” through sourcing and roasting the best and most unique coffees available and rewarding the farmers who grow those coffees with substantial premiums. Visit www.jbccoffeeroasters.com or call 608-256-5282 for more information.', 'desc_3': 'A natural-processed Ethiopia cup unique and thrilling in its dried fruit and floral aromatics carried by a flawless structure: high-toned, elegant, complex, complete.', 'roast': 'Medium-Light', 'rating': 97.0, 'loc_country': 'United States'}, {'name': 'Ethiopia Yirgacheffe Botabaa Washed G1 21/01', 'origin_1': 'Ochere Woreda', 'origin_2': 'Gedeo Zone', 'desc_1': 'Sweetly tart, decidedly tropical. Ginger blossom, passionfruit, kukui nut, lemon verbena, sugarcane in aroma and cup. Sweet-tart structure with juicy, high-toned acidity; plush, syrupy mouthfeel. The finish is resonant, long, and flavor-saturated.', 'desc_2': 'Southern Ethiopia produces distinctive coffees from largely indigenous, traditional varieties of Arabica long grown in the region. Coffees like this one processed by the wet or washed method (fruit skin and pulp is removed before drying) typically express great aromatic complexity and intensity with a particular emphasis on citrus and floral notes. Kakalove Café is a nano-roaster located in the small city of Chia-Yi in Taiwan that strives to procure and roast the finest quality coffee. Visit www.kakalovecafe.com.tw or email [email\xa0protected] for more information.', 'desc_3': 'A high-toned, juicy-tart, downright heady washed Ethiopia cup with distinct tropical leanings.', 'roast': 'Medium-Light', 'rating': 94.0, 'loc_country': 'Taiwan'}, {'name': 'Ethiopia Botabaa', 'origin_1': 'Kochere District', 'origin_2': 'Gedeo Zone', 'desc_1': 'Round, deep, yet delicately lively, sweetly nut-toned. Roasted pistachio, caramel, date, lime, freesia in aroma and cup. Complexly layered structure with light-footed, engaging acidity; lightly satiny mouthfeel. Long, layered finish: lime and caramel.', 'desc_2': 'Southern Ethiopia produces distinctive coffees from largely indigenous, traditional selections of Arabica long grown in the region. Coffees like this one, processed by the traditional wet or washed method (fruit skin and pulp is removed before drying), typically express great aromatic complexity and intensity. Evie’s Café, based in Chia-Yi Taiwan, specializes in fine roasted coffees as well as pour-overs and cold brews. Visit https://m.facebook.com/eviescafe88/ for more information.', 'desc_3': 'A paradoxically strong-charactered yet light-footed washed Ethiopia, original in its layered date- and pistachio-toned aromatics.', 'roast': 'Medium-Light', 'rating': 93.0, 'loc_country': 'Taiwan'}]","If you want **bright and aromatic Ethiopian coffee** with **layered fruit, cocoa, and spice notes** that’s **not too heavy**, the best fit from your context is:

**Best Match: Ethiopia Halo Hartume Daniel Mijane**
- **Origin:** Yirgacheffe, Ethiopia
- **Why it fits:** It’s described as **delicately vibrant** with **peach, cocoa nib, lilac, and pink grapefruit zest**—so you get brightness, aromatic complexity, and a lighter, elegant structure.
- **Body:** **Richly silky**, but not heavy.
- **Process:** **Washed**, which usually keeps the cup cleaner, brighter, and more floral.
- **Roast Level:** **Medium-Light**

**Runner-up: Ardent Ethiopia Natural**
- More **deep-toned and complex**, with **hibiscus, bergamot, frankincense, lychee, boysenberry**
- Still bright and aromatic, but a bit more **fruity and layered** than cocoa/spice-driven

**If you want the most “bright, fruity, floral, and cocoa-adjacent” cup:**  
Go with **Ethiopia Halo Hartume Daniel Mijane**.

If you’d like, I can also help you choose between these based on **pour-over vs espresso**."
A.R.C. Ethiopia Yirgacheffe Natural G1 Hong Kong medium-light roast 91 rating November 2017,"[{'name': 'Ethiopia Suke Quto', 'origin_1': 'Guji Zone', 'origin_2': 'Oromia Region', 'desc_1': 'Delicate, sweetly spice-toned. Pink peppercorn, date, myrrh, lavender, roasted cacao nib in aroma and cup. Crisp, spice-toned structure with citrus-like acidity; satiny, very smooth mouthfeel. The crisply sweet finish centers around spice and pungent floral notes.', 'desc_2': 'This coffee tied for the third-highest rating in a tasting of 71 organic-certified coffees from Africa for Coffee Review’s November 2017 tasting report. Southern Ethiopia coffees like this one are produced from traditional Ethiopian varieties of Arabica long grown in the region. When processed by the wet or washed method (fruit skin and pulp are removed before drying) they typically express great aromatic complexity and intensity with a particular emphasis on floral notes. Like virtually all southern Ethiopia coffees, this one is produced by villagers on small, garden plots interplanted with food and other subsistence crops. Roast House is a small-batch, quality-focused roaster specializing in farm-direct organic-certified and Fair Trade Certified coffees. Visit roasthousecoffee.com or call 509-995-6500 for more information.', 'desc_3': 'Lavender-like flowers and hints of zesty pink peppercorn animate this crisply sweet wet-processed Ethiopia cup.', 'roast': 'Medium-Light', 'rating': 92.0, 'loc_country': 'United States'}, {'name': 'Ethiopia Yirgacheffe Worka Sakaro', 'origin_1': 'Gedeb District', 'origin_2': 'Gedeo Zone', 'desc_1': 'Bright, juicy, citrusy. Star Jasmine, tangerine zest, cocoa nib, almond, hint of spearmint in aroma and cup. Sweet-tart structure with nimble acidity; very smooth, satiny mouthfeel. Floral-toned finish supported by notes of tangerine zest and almond.', 'desc_2': 'Southern Ethiopia coffees like this one are largely produced from traditional Ethiopian landrace varieties of Arabica long grown in the region. Processed by the washed method. Paradise Roasters specializes in micro-lot Arabica and Robusta coffees from Asia and other emerging origins. Paradise prides itself on quality and freshness, craft-roasting coffees in small batches only after orders are placed. Visit www.paradiseroasters.com or call 763-433-0626 for more information.', 'desc_3': 'A bright, citrus-driven cup with ballast from notes of cocoa nib and sweet mint and nut impulses.', 'roast': 'Medium-Light', 'rating': 95.0, 'loc_country': 'United States'}, {'name': 'Ethiopia Biloya Washed G1', 'origin_1': 'Yirgacheffe Growing Region', 'origin_2': 'Southern Ethiopia', 'desc_1': 'Crisply sweet-savory, spice-toned. Baking chocolate, black cherry, freesia, lemongrass, fresh-cut fir in aroma and cup. Sweetly savory structure with gentle acidity; velvety-smooth mouthfeel. The resonant finish consolidates to notes of crisp chocolate and lemongrass.', 'desc_2': 'Produced by smallholding farmers from selections of indigenous Ethiopian landrace varieties of Arabica and processed by the traditional washed method (fruit skin and flesh are removed from the beans before they are dried). Golin Coffee Roasters is a Taiwan-based retail and wholesale specialty coffee roaster that also offers educational seminars. Visit https://golincoffee.waca.ec/ for more information.', 'desc_3': 'A sweet-savory washed Ethiopia cup, cocoa-driven with undertones of sweet herb and spicy floral notes.', 'roast': 'Light', 'rating': 92.0, 'loc_country': 'Taiwan'}, {'name': 'Ethiopia Yirgacheffe G1 Mulugeta Tsige', 'origin_1': 'Yirgacheffe Growing Region', 'origin_2': 'South-Central Ethiopia', 'desc_1': 'Lyrically sweet, gently herb-toned, very complex. Bergamot, star jasmine, cocoa nib, sandalwood, marjoram in aroma and cup. Sweet-tart structure with high-toned, juicy acidity; silky, vibrant mouthfeel. Sweetly herbaceous finish with notes of marjoram supported by cocoa nib.', 'desc_2': 'Produced by Mulugeta Tsige from trees of the 74112, 74110 and other traditional Ethiopia varieties of Arabica, and processed by the washed method (fruit skin and flesh are removed from the beans before they are dried). GK Coffee is a nano-roastery in Yilan, Taiwan that offers both retail and wholesale coffee. For more information, visit www.gkcoffee.com.tw or email [email\xa0protected]', 'desc_3': 'A multi-layered washed Ethiopia cup with resonant citrus, herb and cocoa notes throughout and a particularly exciting acidity, juicy and balanced.', 'roast': 'Medium-Light', 'rating': 95.0, 'loc_country': 'Taiwan'}, {'name': 'Ethiopia Yirgacheffe Aricha G1', 'origin_1': 'Yirgacheffe Growing Region', 'origin_2': 'Southern Ethiopia', 'desc_1': 'Crisply sweet, citrus- and cocoa-toned. Cocoo nib, pink grapefruit zest, cedar, narcissus, plum in aroma and cup. Sweet-tart structure with high-toned, lively acidity; full, satiny mouthfeel. The finish consolidates to notes of citrus-toned cocoa and narcissus.', 'desc_2': 'Southern Ethiopia coffees like this one are largely produced from distinctive indigenous Ethiopian varieties of Arabica long grown in their respective regions. Processed by the wet or washed method, in which skin and fruit flesh are removed from the beans or seeds before they are dried. Chez Cafe is a specialty coffee roaster based in Taipei City, Taiwan. Visit https://www.facebook.com/CoffeeChezCafe/ for more information.', 'desc_3': 'A classic washed Yirgacheffe cup: bright and lively with juicy, vibrant acidity.', 'roast': 'Medium-Light', 'rating': 93.0, 'loc_country': 'Taiwan'}]","I couldn’t find an exact match for **“A.R.C. Ethiopia Yirgacheffe Natural G1 Hong Kong medium-light roast 91 rating November 2017”** in the provided context.

Closest relevant Ethiopian Yirgacheffe-style entries in the context are:

- **Ethiopia Yirgacheffe G1 Mulugeta Tsige** — **Medium-Light**, **95.0**
- **Ethiopia Yirgacheffe Aricha G1** — **Medium-Light**, **93.0**
- **Ethiopia Biloya Washed G1** — **Light**, **92.0**
- **Ethiopia Yirgacheffe Worka Sakaro** — **Medium-Light**, **95.0**

A few notes:
- The context includes **washed** Ethiopian coffees, not a **natural** process Yirgacheffe.
- I don’t see a **Hong Kong**-based listing or a **91 rating** entry here.
- If you want, I can help you **identify the closest match by tasting profile** or **summarize what a natural-process Yirgacheffe medium-light roast would typically taste like**."
"A natural-process Ethiopian coffee with floral spice, sweet herb notes, and a satiny body","[{'name': 'Ardent Ethiopia Natural', 'origin_1': 'Sidamo (Also Sidama) Growing Region', 'origin_2': 'South-Central Ethiopia', 'desc_1': 'Delicately sweet-tart, richly and intricately aromatic, deep-toned. Dried hibiscus flowers, bergamot, frankincense, lychee, boysenberry in aroma and cup. Confidently sweet-tart structure with sparkling acidity; silky, buoyant mouthfeel. The long, lingering flavor-saturated finish intoxicatingly blurs fruit and floral notes.', 'desc_2': 'This exceptional coffee was selected as the No. 5 coffee on Coffee Review’s list of the Top 30 Coffees of 2020.\xa0 A green coffee from Ardent Coffees, a newer specialized exporter of Ethiopia coffees. Southern Ethiopia coffees like this one are largely produced from distinctive indigenous Ethiopian landrace varieties of Arabica long grown in their respective regions. This is a dry-processed or “natural” version (coffee is dried inside the entire fruit). JBC Coffee Roasters’ vision is simple: “let the coffee lead the way” through sourcing and roasting the best and most unique coffees available and rewarding the farmers who grow those coffees with substantial premiums. Visit www.jbccoffeeroasters.com or call 608-256-5282 for more information.', 'desc_3': 'A natural-processed Ethiopia cup unique and thrilling in its dried fruit and floral aromatics carried by a flawless structure: high-toned, elegant, complex, complete.', 'roast': 'Medium-Light', 'rating': 97.0, 'loc_country': 'United States'}, {'name': 'Ethiopia Yirgacheffe Botabaa G1', 'origin_1': 'Yirgacheffe Growing Region', 'origin_2': 'Southern Ethiopia', 'desc_1': 'Citrusy and spice-toned. Lemon verbena, gardenia-like flowers, sandalwood, caramel, pink peppercorn in aroma and cup. Richly sweet-tart in structure with vibrant acidity; full, satiny mouthfeel. The finish consolidates to lemon verbena and sandalwood in the short, with caramel resurfacing in the long.', 'desc_2': 'Southern Ethiopia coffees like this one are produced from traditional, largely indigenous varieties of Arabica long grown in the region. This lot was processed by the wet or washed method (fruit skin and pulp are removed before drying). Southern Ethiopia coffees processed with this method typically express great aromatic complexity and intensity, with a particular emphasis on floral notes. De Clieu Coffee is a Taiwan-based roaster whose mission it is to explore extraordinary coffees. For more information, visit https://m.facebook.com/declieucoffeetaipei.', 'desc_3': 'A citrus-driven wet-processed Ethiopia cup with fragrant aromatic wood notes throughout.', 'roast': 'Medium-Light', 'rating': 92.0, 'loc_country': 'Taiwan'}, {'name': 'Banco Gotete Ethiopia', 'origin_1': 'Yirgacheffe Growing Region', 'origin_2': 'Southern Ethiopia', 'desc_1': 'Delicate, richly floral, sweetly spice-toned. Almond nougat, white peach, pink peppercorn, wisteria-like flowers, fragrant sandalwood in aroma and cup. Richly bittersweet structure with vibrant, juicy acidity; plush, syrupy mouthfeel. Resonant, flavor-saturated finish centers around peach, wisteria and sandalwood.', 'desc_2': 'Southern Ethiopia coffees like this one are produced largely from traditional indigenous Ethiopian varieties of Arabica long grown in the region. This lot was processed by the wet or washed method (fruit skin and pulp are removed before drying). Ethiopia coffees processed with this method typically express great aromatic complexity and intensity, with a particular emphasis on floral notes. JBC Coffee Roasters’ vision is simple: “let the coffee lead the way” through sourcing and roasting the best and most unique coffees available and rewarding the farmers who grow those coffees with substantial premiums. Visit www.jbccoffeeroasters.com or call 608-256-5282 for more information. ', 'desc_3': 'A nuanced, multi-layered washed Ethiopia cup with a deep floral profile and energetic lift from an elegant spice throughline.', 'roast': 'Medium-Light', 'rating': 94.0, 'loc_country': 'United States'}, {'name': 'Organic Panorama', 'origin_1': 'Yirgacheffe Growing Region', 'origin_2': 'Southern Ethiopia', 'desc_1': 'Crisply sweet, floral-toned. Narcissus, plum, almond, baking chocolate, a hint of bay leaf in aroma and cup. Sweet structure with round, gentle acidity; full, syrupy mouthfeel. Chocolaty and floral finish, crisp and resonant.', 'desc_2': 'Certified USDA organic. Southern Ethiopia coffees like this one are produced from traditional Ethiopian varieties of Arabica long grown in the region. It was processed by the wet or washed method (fruit skin and pulp are removed before drying). Ethiopia coffees processed with this method typically express great aromatic complexity and intensity, with a particular emphasis on floral notes. Wonderstate Coffee, formerly Kickapoo Coffee, is an award-winning roaster based in rural Wisconsin known for its commitment to guaranteeing higher pay for farmers and being the country’s first 100% solar-powered roastery. Visit https://wonderstate.com/ for more information.', 'desc_3': 'A vibrant, richly sweet Ethiopia driven by deep floral and chocolate notes throughout.', 'roast': 'Medium-Light', 'rating': 93.0, 'loc_country': 'United States'}, {'name': 'Ethiospro Blend', 'origin_1': 'Ethiopia', 'origin_2': 'Sabanilla De Alajuela Growing Region', 'desc_1': 'Evaluated as espresso. Bright, floral, spice-toned. Spearmint, black cherry, cedar, tangerine zest, plumeria-like flowers in aroma and small cup. Plush and buttery in mouthfeel. Flavor consolidates to cocoa-toned citrus in a resonant finish. In three parts milk, an elegant cocoa surfaces, with supporting notes of sweet flowers and a hint of pungent cedar.', 'desc_2': 'This coffee tied for the second-highest rating in a tasting of natural-processed single-origin espressos for Coffee Review’s August 2018 tasting report. A blend of natural-processed coffees from the Shakiso, Guji, Oromia and Sidamo growing regions of Ethiopia. Southern Ethiopia coffees like these are largely produced from distinctive traditional Ethiopian varieties of Arabica long grown in the region. The components of this blend are dry-processed or “natural” coffees, meaning the beans were dried inside the fruit rather than after the fruit has been removed, as is the case with wet-processed or “washed” coffees. Revel Coffee is a micro-roaster located in Billings, Montana. Its motto: “Quality is paramount—a difference you can revel in.” Visit www.revelcoffee.com or call 406-534-9621 for more information.', 'desc_3': 'An espresso blend trifecta that leads in equal parts with fruit, flowers and herbs (think black cherry, plumeria and spearmint, respectively).', 'roast': 'Medium-Light', 'rating': 94.0, 'loc_country': 'United States'}]","The best match is **Ardent Ethiopia Natural**.

- **Why it fits:** It’s a **natural-process Ethiopian coffee** with **floral** and **spice-like** aromatics, plus a **silky/satiny body** and sweet-tart structure.
- **Key notes from the context:** dried hibiscus flowers, bergamot, frankincense, lychee, boysenberry.
- **Body:** silky, buoyant mouthfeel — very close to “satiny.”

If you want, I can also help narrow it down by **roast style, brewing method, or flavor emphasis**."
"Looking for a balanced medium-light coffee with tea-like florals, spice, and cocoa nib sweetness","[{'name': 'Rhapsody of Dreams', 'origin_1': 'Kenya', 'origin_2': 'Colombia', 'desc_1': 'Chocolaty and floral-toned. Dark chocolate, freesia-like flowers, pluot, pink peppercorn, oak in aroma and cup. Sweet-tart structure with bright, sparkling acidity; very full, syrupy-smooth mouthfeel. Spice-toned, floral finish.', 'desc_2': 'A blend of coffees from Kenya and Colombia, both washed-process, designed for pour-over brewing. Evie’s Café, based in Chia-Yi Taiwan, specializes in fine roasted coffees as well as pour-overs and cold-brews. Visit https://m.facebook.com/eviescafe88/ for more information.', 'desc_3': 'A creative blend of two exceptional green coffees that nets a multi-layered and engaging cup: spice-toned, deeply chocolaty, richly floral.', 'roast': 'Medium-Light', 'rating': 94.0, 'loc_country': 'Taiwan'}, {'name': 'Finca Kilimanjaro Natural', 'origin_1': 'Santa Ana Department', 'origin_2': 'Northwestern El Salvador', 'desc_1': 'Briskly sweet-savory, rounded by a cherry-like juiciness. Black cherry, lavender, baker’s chocolate, pistachio, artichoke blossom in aroma and cup. Bittersweet and savory in structure lifted by a cushiony fruit; full and plump in mouthfeel. The richly drying finish consolidates around chocolate, nut and a hint of flowers. ', 'desc_2': 'This coffee tied for the third-highest rating in a tasting of El Salvador coffees for Coffee Review’s August 2019 tasting report. Produced from trees of the heirloom Bourbon and related varieties and processed by the natural or dried-in-the-whole-fruit method by celebrated producer Aida Batlle at her Finca Kilimanjaro. Willoughby’s Coffee & Tea is a pioneer specialty coffee roaster established in the early 1980s that has gracefully and successfully moved with the\xa0 times and now offers a menu of extremely refined small-lot, single-origin coffees. Visit www.willoughbyscoffee.com or call 800-388-8400 for more information.', 'desc_3': 'A nut-toned bitter-savory inclination is lifted majestically by a deep, cherry-like sweetness. Drink it for the contrast, and the big, syrupy mouthfeel.', 'roast': 'Medium-Light', 'rating': 92.0, 'loc_country': 'United States'}, {'name': 'Floral Samurai', 'origin_1': 'Colombia', 'origin_2': 'Guatemala', 'desc_1': 'Evaluated as espresso. Richly chocolaty, sweetly nut-toned. Dark chocolate, almond butter, narcissus, gently scorched cedar, date in aroma and small cup. Full, syrupy-smooth mouthfeel; crisply sweet, chocolate- and nut-toned finish. In three parts milk, chocolate notes predominate, with undertones of gently scorched cedar and narcissus.', 'desc_2': 'A blend of coffees from Colombia, Guatemala, Brazil and Ethiopia roasted for espresso. Flower Coffee Workshop is a nano-roastery and coffee shop in Taichung, Taiwan. Visit https://www.facebook.com/flowercoffee20180526/ for more information.', 'desc_3': 'An espresso blend particularly appealing in three parts milk, with sweet floral, rich chocolate, and deep nut tones. ', 'roast': 'Medium', 'rating': 93.0, 'loc_country': 'Taiwan'}, {'name': 'Berlina Geisha', 'origin_1': 'Horqueta', 'origin_2': 'Chiriquí', 'desc_1': 'Elegant, intensely sweet-tart, resonantly floral-toned. Passionflower, lemon drop, roasted cacao nib, apricot, tamarind in aroma and cup. Sweet-tart structure with bright, juicy acidity; silky, viscous mouthfeel. The finish is resonant with all the flavor notes promised by the cup, leading with apricot and tamarind in the short, cocoa nib in the long, and sweet florals throughout.', 'desc_2': 'This exceptional coffee was selected as the No. 19 coffee on\xa0Coffee Review’s\xa0list of the Top 30 Coffees of 2018. This coffee is available exclusively as a part of the Barrington Coffee Curated Collection, which includes four ounces each of three distinguished coffees for $39.95. Produced at La Berlina Estate from trees of the botanical variety Geisha (also Gesha). With its bold, boat-shaped beans and distinctive floral and crisply cacao-toned cup, the Gesha continues to be one of the world’s most sought-after coffees, and the Esmeralda versions remain among the most authentic. This is a wet-processed or “washed” version, meaning the fruit skin and pulp were removed from the beans immediately after harvesting and before drying. Barrington Coffee is an artisan roaster dedicated to elite coffees, fresh delivery and roasting that foregrounds the coffee and not the roast. Visit www.barringtoncoffee.com or call 800-528-0998 for more information.', 'desc_3': 'A soaring Gesha cup: balanced, both delicate and rich, deeply floral and stone fruit-laden.', 'roast': 'Medium-Light', 'rating': 96.0, 'loc_country': 'United States'}, {'name': 'Sweet Collection Blend', 'origin_1': 'Colombia', 'origin_2': 'Guatemala', 'desc_1': 'Evaluated as espresso. Rich-toned, gently fruit-forward. Pomegranate, baking chocolate, narcissus, cedar, almond butter in aroma and small cup. Crisp, velvety mouthfeel; chocolaty, subtly fruit-toned finish. In three parts milk, tart fruit notes soften and baking chocolate and narcissus come forward.', 'desc_2': 'A blend of washed- and honey-processed coffees from Colombia and a washed Guatemala, roasted for espresso. CofFeeling Coffee is based in Kaohsiung City in southern Taiwan. Visit www.coffeelingcafe.com or call +886-7-285-5300 for more information.', 'desc_3': 'A balanced blend of both washed- and natural-processed coffees with delicate fruit and deep chocolate and nut tones throughout. Particularly pretty in milk.', 'roast': 'Medium-Light', 'rating': 93.0, 'loc_country': 'Taiwan'}]","For **balanced medium-light** with **tea-like florals, spice, and cocoa nib sweetness**, the best match from your context is:

## **Top Pick: Berlina Geisha**
- **Roast:** Medium-Light  
- **Why it fits:** It’s the most **floral-forward** option with a very elegant, balanced profile.
- **Tasting notes:** **Passionflower, lemon drop, roasted cacao nib, apricot, tamarind**
- **Texture:** **Silky, viscous**
- **Why you’ll like it:** It gives you that **tea-like floral lift** plus a clear **cocoa nib** character and bright, refined sweetness.

## **Runner-Up: Rhapsody of Dreams**
- **Roast:** Medium-Light  
- **Why it fits:** More **chocolaty and floral-toned**, with **pink peppercorn** and a sweet-tart structure.
- **Tasting notes:** **Dark chocolate, freesia-like flowers, pluot, pink peppercorn, oak**
- **Best if you want:** A bit more **spice** and **deep chocolate** alongside florals.

## **Also worth considering: Sweet Collection Blend**
- **Roast:** Medium-Light  
- **Why it fits:** Balanced and pretty, but less floral/tea-like than the two above.
- **Tasting notes:** **Pomegranate, baking chocolate, narcissus, cedar, almond butter**
- **Best if you want:** A smoother, more blended cup with **chocolate and light floral nuance**.

### Quick recommendation
- **Most floral + cocoa nib:** **Berlina Geisha**
- **Most spice + chocolate + floral:** **Rhapsody of Dreams**

If you want, I can also rank these specifically for **pour-over**, **espresso**, or **milk drinks**."
"High-scoring light-to-medium roast Ethiopian coffee that is rich, sweet, and gently drying","[{'name': 'Alaka Ethiopia', 'origin_1': 'Hambela Wamena', 'origin_2': 'Guji Zone', 'desc_1': 'Crisply sweet-tart, balanced. Pear, almond butter, magnolia, baking chocolate, molasses in aroma and cup. Brightly sweet-tart structure with lively acidity; crisp, satiny mouthfeel. Finish consolidates to notes of almond, pear and baking chocolate.', 'desc_2': 'Certified USDA organic. Produced at the Hambela Coffee Estate, owned and operated by METAD farm and mill. Southern Ethiopia produces distinctive coffees from traditional varieties of Arabica long grown in the region. JBC Coffee Roasters’ vision is simple: “let the coffee lead the way” through sourcing and roasting the best and most unique coffees available and rewarding the farmers who grow those coffees with substantial premiums. Visit www.jbccoffeeroasters.com or call 608-256-5282 for more information.', 'desc_3': 'A relaxing, laid-back Ethiopia cup with pretty almond and pear notes supported by crisp chocolate.', 'roast': 'Medium-Light', 'rating': 94.0, 'loc_country': 'United States'}, {'name': 'Banco Gotete Ethiopia', 'origin_1': 'Kochere Woreda', 'origin_2': 'Gedeo Zone', 'desc_1': 'Sweetly floral and richly resinous. Cedar, lemon zest, dried jasmine, cacao nib, loquat in aroma and cup. Delicate, sweetly brisk in structure; silky and lively in mouthfeel. Flavor consolidates around cedar and cocoa in a crisp, drying finish.', 'desc_2': 'Ethiopia coffees like this one are largely produced from distinctive indigenous Ethiopian varieties of Arabica long grown in their respective regions. Processed by the wet or washed method, in which skin and fruit flesh are removed from the beans or seeds before they are dried. JBC Coffee Roasters’ vision is simple: “let the coffee lead the way” through sourcing and roasting the best and most unique coffees available and rewarding the farmers who grow those coffees with substantial premiums. Visit www.jbccoffeeroasters.com or call 608-256-5282 for more information.', 'desc_3': 'Fragrant jasmine and pungent incense-like notes in distinguish this crisply graceful wet-processed Ethiopia.', 'roast': 'Medium-Light', 'rating': 93.0, 'loc_country': 'United States'}, {'name': 'Ethiopia Shakiso Mormora', 'origin_1': 'Guji Zone', 'origin_2': 'Southern Ethiopia', 'desc_1': 'Crisply sweet, cocoa-toned. Lemon blossom, roasted cacao nib, date, rice candy, white peppercorn in aroma and cup. Savory-tart structure; delicate, silky mouthfeel. The richly drying finish leads with cocoa-toned, crisply sweet floral notes in the short and a hint of spice (white peppercorn) in the long.', 'desc_2': 'This coffee tied for the third-highest rating in a tasting of 71 organic-certified coffees from Africa for Coffee Review’s November 2017 tasting report. Southern Ethiopia coffees like this one are produced from traditional Ethiopian varieties of Arabica long grown in the region. When processed by the wet or washed method (fruit skin and pulp are removed before drying) they typically express great aromatic complexity and intensity with a particular emphasis on floral notes. Like virtually all southern Ethiopia coffees, this coffee is produced by villagers on small, garden plots interplanted with food and other subsistence crops. Revel Coffee is a micro-roaster located in Billings, Montana. Its motto: “Quality is paramount — a difference you can revel in.” Visit www.revelcoffee.com or call 406-534-9621 for more information.', 'desc_3': 'A gently spice-toned, floral- driven wet-processed Ethiopia cup with pleasing notes of cocoa throughout.', 'roast': 'Medium-Light', 'rating': 92.0, 'loc_country': 'United States'}, {'name': 'Ethiopia Suke Quto', 'origin_1': 'Guji Zone', 'origin_2': 'Oromia Region', 'desc_1': 'Delicate, sweetly spice-toned. Pink peppercorn, date, myrrh, lavender, roasted cacao nib in aroma and cup. Crisp, spice-toned structure with citrus-like acidity; satiny, very smooth mouthfeel. The crisply sweet finish centers around spice and pungent floral notes.', 'desc_2': 'This coffee tied for the third-highest rating in a tasting of 71 organic-certified coffees from Africa for Coffee Review’s November 2017 tasting report. Southern Ethiopia coffees like this one are produced from traditional Ethiopian varieties of Arabica long grown in the region. When processed by the wet or washed method (fruit skin and pulp are removed before drying) they typically express great aromatic complexity and intensity with a particular emphasis on floral notes. Like virtually all southern Ethiopia coffees, this one is produced by villagers on small, garden plots interplanted with food and other subsistence crops. Roast House is a small-batch, quality-focused roaster specializing in farm-direct organic-certified and Fair Trade Certified coffees. Visit roasthousecoffee.com or call 509-995-6500 for more information.', 'desc_3': 'Lavender-like flowers and hints of zesty pink peppercorn animate this crisply sweet wet-processed Ethiopia cup.', 'roast': 'Medium-Light', 'rating': 92.0, 'loc_country': 'United States'}, {'name': 'Sustainable Harvest Homacho Waeno Natural', 'origin_1': 'Aleta Wondo', 'origin_2': 'Sidama (Also Sidamo) Growing Region', 'desc_1': 'Deeply and richly sweet-savory. Orange marmalade, pipe tobacco, dried fig, dark chocolate, freesia-like flowers in aroma and cup. Bright, sweetly-tart in structure with zesty acidity; delicately satiny mouthfeel. Notes of richly savory pipe tobacco lead in the finish, paired with dried fig in the short and orange marmalade in the long.', 'desc_2': 'This coffee tied for the second-highest rating in a tasting of 71 organic-certified coffees from Africa for Coffee Review’s November 2017 tasting report. Southern Ethiopia coffees like this one are produced from distinctive traditional Ethiopian varieties of Arabica long grown in the region. Like virtually all southern Ethiopia coffees, this coffee is produced by villagers on small garden plots interplanted with food and other subsistence crops. This is a dry-processed or “natural” coffee, meaning the beans were dried inside the fruit rather than after the fruit has been removed, as is the case with wet-processed or “washed” coffees. Red E Cafe is a popular café \xa0and roastery in Portland, Oregon. For more information, visit.www.theredecafe.com.', 'desc_3': 'A natural-processed Ethiopia coffee of intriguing depth, with a wide range of aroma/flavor notes, savory pipe tobacco to high-toned, spicy florals, to crisply sweet citrus marmalade.', 'roast': 'Light', 'rating': 93.0, 'loc_country': 'United States'}]","A great fit from the options is **Alaka Ethiopia**.

**Why it matches:**
- **Light-to-medium roast:** Medium-Light
- **Rich and sweet:** pear, almond butter, baking chocolate, molasses
- **Gently drying:** crisp, satiny structure with a finish that leans almond/pear/chocolate rather than sharp or aggressive

**Tasting snapshot:**
- **Origin:** Hambela Wamena, Ethiopia
- **Quality rating:** 94.0
- **Style:** bright sweet-tart, balanced, with lively acidity and a smooth mouthfeel

If you want, I can also rank the other Ethiopia coffees here by how **sweet**, **floral**, or **drying** they are."
"Sweet floral coffee with aromatic wood and spice notes, good for pour-over or filter brewing","[{'name': 'Floral Samurai', 'origin_1': 'Colombia', 'origin_2': 'Guatemala', 'desc_1': 'Evaluated as espresso. Richly chocolaty, sweetly nut-toned. Dark chocolate, almond butter, narcissus, gently scorched cedar, date in aroma and small cup. Full, syrupy-smooth mouthfeel; crisply sweet, chocolate- and nut-toned finish. In three parts milk, chocolate notes predominate, with undertones of gently scorched cedar and narcissus.', 'desc_2': 'A blend of coffees from Colombia, Guatemala, Brazil and Ethiopia roasted for espresso. Flower Coffee Workshop is a nano-roastery and coffee shop in Taichung, Taiwan. Visit https://www.facebook.com/flowercoffee20180526/ for more information.', 'desc_3': 'An espresso blend particularly appealing in three parts milk, with sweet floral, rich chocolate, and deep nut tones. ', 'roast': 'Medium', 'rating': 93.0, 'loc_country': 'Taiwan'}, {'name': 'Trilogy', 'origin_1': 'Asia', 'origin_2': 'Africa', 'desc_1': 'Richly sweet, spice-toned. Baker’s chocolate, spice box, magnolia, fresh-cut fir, brown sugar in aroma and cup. Sweet in structure with round, gentle acidity; full, satiny mouthfeel. The finish centers around baker’s chocolate and spice with notes of aromatic wood throughout.', 'desc_2': 'A blend of washed and wet-hulled coffees from Africa, Asia and the Americas. Barrington Coffee is an artisan roaster dedicated to elite coffees, fresh delivery and roasting that foregrounds the coffee and not the roast. Visit www.barringtoncoffee.com or call 800-528-0998 for more information.', 'desc_3': 'A blend of washed and wet-hulled coffees that reads like a friendly Sumatra: sweetly wood-framed with notes of chocolate and baking spices.', 'roast': 'Medium-Light', 'rating': 92.0, 'loc_country': 'United States'}, {'name': 'Rhapsody of Dreams', 'origin_1': 'Kenya', 'origin_2': 'Colombia', 'desc_1': 'Chocolaty and floral-toned. Dark chocolate, freesia-like flowers, pluot, pink peppercorn, oak in aroma and cup. Sweet-tart structure with bright, sparkling acidity; very full, syrupy-smooth mouthfeel. Spice-toned, floral finish.', 'desc_2': 'A blend of coffees from Kenya and Colombia, both washed-process, designed for pour-over brewing. Evie’s Café, based in Chia-Yi Taiwan, specializes in fine roasted coffees as well as pour-overs and cold-brews. Visit https://m.facebook.com/eviescafe88/ for more information.', 'desc_3': 'A creative blend of two exceptional green coffees that nets a multi-layered and engaging cup: spice-toned, deeply chocolaty, richly floral.', 'roast': 'Medium-Light', 'rating': 94.0, 'loc_country': 'Taiwan'}, {'name': 'Humanitarian Grounds', 'origin_1': 'Nicaragua', 'origin_2': 'Guatemala', 'desc_1': 'Sweetly savory, floral-toned. Lily, hazelnut, cocoa powder, black cherry, oak in aroma and cup. Sweet structure with pert acidity; full but lively mouthfeel. Floral tones fade in the finish, while cocoa powder and fresh-cut oak come forward. ', 'desc_2': 'This coffee tied for the third-highest rating in a cupping of “Cause Coffees” for Coffee Review’s March 2021 report. Roasters of these coffees contribute a portion of proceeds to non-profit organizations doing work to improve the lives of others, locally or globally. 20% of sales from this blend are donated to Direct Relief. This is a blend of washed and natural-processed coffees from Nicaragua, Guatemala and Ethiopia. One of the country’s pioneering socially and environmentally progressive roasters, Thanksgiving aimed to combine coffee quality with social and environmental responsibility many years before the latter preoccupations became fashionable. Visit www.thanksgivingcoffee.com or call 800-648-6491 for more information.', 'desc_3': 'Sweet floral suggestions complicate a base of richly aromatic cocoa and wood tones.', 'roast': 'Medium', 'rating': 92.0, 'loc_country': 'United States'}, {'name': 'Classic Blend', 'origin_1': 'Colombia', 'origin_2': 'Guatemala', 'desc_1': 'Evaluated as espresso. Deeply sweet, crisply chocolaty. Bing cherry, dark chocolate, magnolia, oak, cashew in aroma and small cup. Satiny mouthfeel; oak and cashew lead in the gently drying finish. Chocolate and bing cherry notes intensify in three parts milk.', 'desc_2': 'A blend of coffees from Colombia, Guatemala, Brazil and Ethiopia roasted for espresso. Flower Coffee Workshop is a nano-roastery and coffee shop in Taichung, Taiwan. Visit https://www.facebook.com/flowercoffee20180526/ for more information.', 'desc_3': 'This solid blend offers a richly sweet-tart straight shot and a crisply chocolaty cappuccino.', 'roast': 'Medium', 'rating': 92.0, 'loc_country': 'Taiwan'}]","For **sweet floral coffee with aromatic wood and spice notes**, especially good for **pour-over or filter**, the best match here is:

## **Trilogy**
- **Profile:** Richly sweet, **spice-toned** with **magnolia, fresh-cut fir, brown sugar**, and a finish of **baker’s chocolate and aromatic wood**
- **Why it fits:** It has the floral + wood + spice character you’re after, and the notes are very suited to filter brewing
- **Roast Level:** **Medium-Light**
- **Best for:** **Pour-over / filter methods**

### Other good options:
- **Rhapsody of Dreams** — more **floral + spice + oak**, but also brighter and fruitier
- **Humanitarian Grounds** — **floral + cocoa + wood**, though less spice-forward

If you want, I can also recommend **the best brew method and recipe** for Trilogy using V60, Chemex, or Kalita."
"A.R.C. ""Fruity"" Espresso Blend Hong Kong Ethiopia Kenya medium-light roast rating 95 November 2017","[{'name': 'Fruit of the Goddess Espresso Blend', 'origin_1': 'Kenya', 'origin_2': 'Costa Rica', 'desc_1': 'Juicy, sweet-tart, rich and deep. Black cherry, dark chocolate, sage, star jasmine, sandalwood in aroma and small cup. Creamy-smooth mouthfeel; long, lingering, chocolaty finish. Dark chocolate, black cherry and star jasmine take center stage in  cappuccino-scaled milk.', 'desc_2': 'A blend of coffees from Kenya, Costa Rica and Ethiopia roasted for espresso applications. Evaluated as espresso. Cozy House Coffee is a Taiwan-based specialty coffee roaster and an SCA Authorized Trainer (AST). For more information, visit https://shop.cozyhousecoffee.com.', 'desc_3': 'A complex, layered espresso blend with sweetly tart fruit notes at the top and spicy florals and dark chocolate underneath — compelling both in the straight shot and in milk.', 'roast': 'Medium-Light', 'rating': 94.0, 'loc_country': 'Taiwan'}, {'name': 'Chasing Horizon Natural Espresso', 'origin_1': 'Ethiopia', 'origin_2': 'Santa Barbara Department', 'desc_1': 'Evaluated as espresso. Decadently floral-toned with fruit underpinnings. Plumeria, black cherry, chocolate fudge, dark caramel, singed cedar in aroma and small cup. Creamy-smooth mouthfeel; crisply chocolaty, distinctly floral finish. ', 'desc_2': 'A blend of three natural-processed Ethiopia coffees roasted for espresso. In addition to his retail roasting operation, Aroma Roast Coffees, Simon Hsieh also operates Soaring Phoenix Trading, a business focused on purpose-built commercial espresso blends and high-quality single-origin coffees. Customers can also visit the new showroom, Chateau Andy, in Taipei City. Visit www.facebook.com/4ArtsZeroDefectCoffees or call 886-0983-749876 for more information.', 'desc_3': 'A darker-roasted natural-processed blend of three Ethiopian coffees roasted for espresso. This blend is even more floral than fruity, and that’s saying something, given that it is very fruity!', 'roast': 'Medium', 'rating': 95.0, 'loc_country': 'Taiwan'}, {'name': 'Kenya Athena AB Espresso', 'origin_1': 'Nyeri Growing Region', 'origin_2': 'South-Central Kenya', 'desc_1': 'Evaluated as espresso. Richly chocolaty, complex, multi-layered. Chocolate fudge, dried passionfruit, almond nougat, cedar, graphite in aroma and small cup. Lively, syrupy-smooth mouthfeel; crisply sweet-tart, chocolaty finish. In three parts milk, chocolate notes are amplified, and fruit tones softened, while the pleasing mineral edge lingers.', 'desc_2': 'In addition to his retail roasting operation, Aroma Roast Coffees, Simon Hsieh also operates Soaring Phoenix Trading, a business focused on purpose-built commercial espresso blends and high-quality single-origin coffees. Customers can also visit the new showroom, Chateau Andy, in Taipei City. Visit www.facebook.com/4ArtsZeroDefectCoffees or call 886-0983-749876 for more information.', 'desc_3': 'A resonantly rich single-origin Kenya espresso with a careful, deeply developed roast profile that promotes balanced notes of chocolate and fruit throughout.', 'roast': 'Medium', 'rating': 94.0, 'loc_country': 'Taiwan'}, {'name': '“Fruity” Espresso Blend', 'origin_1': 'Ethiopia', 'origin_2': 'Kenya', 'desc_1': 'Evaluated as espresso. Subtle and enveloping, richly sweet-toned. Jasmine, roasted cacao nib, passionfruit, sandalwood, nougat in aroma and small cup.  Delicate, silky mouthfeel; cocoa- and sandalwood-toned finish with notes of passionfruit carrying into the long. In three parts milk, passionfruit and jasmine harmonize with cocoa and a pleasing aromatic wood.', 'desc_2': 'An espresso blend comprised of coffees from Ethiopia, Kenya and the Yunnan Province of China. A.R.C., whose motto is “more than specialty,” rigorously controls three vital elements: sourcing of green coffee, roasting, and, in cafe environments, water quality for brewed coffee. For more information, visit http://www.arc.coffee/en/index.html.', 'desc_3': 'Rich, sweet, elegant and cocoa-laden, this espresso blend is nougat-like in the straight shot and fruit- and floral-toned in milk.', 'roast': 'Medium-Light', 'rating': 95.0, 'loc_country': 'Hong Kong'}, {'name': 'Espresso Blend', 'origin_1': 'Ethiopia', 'origin_2': 'El Salvador', 'desc_1': 'Evaluated as espresso. Crisply sweet-tart, fruit-toned. Dried raspberry, baking chocolate, Brazil nut, fir, molasses in aroma and small cup. Velvety-smooth mouthfeel; crisp, chocolaty finish. In three parts milk, chocolate and dried fruit notes come forward; nut and aromatic wood suggestions recede.', 'desc_2': 'A blend of two Ethiopia, one El Salvador, and one Costa Rica coffee, roasted for espresso applications. Warm Air Kafe is a Taiwan-based specialty roaster and cafe in Taoyuan City. Visit https://m.facebook.com/warmair2021/ for more information.', 'desc_3': 'A berry-toned, crisply chocolaty espresso blend, particularly appealing in cappuccino-scaled milk.', 'roast': 'Medium', 'rating': 92.0, 'loc_country': 'Taiwan'}]","The coffee that matches your query is:

**“Fruity” Espresso Blend**  
- **Roaster/Location:** A.R.C., Hong Kong  
- **Blend Origins:** Ethiopia, Kenya, and Yunnan Province, China  
- **Roast Level:** Medium-Light  
- **Quality Rating:** **95.0**  
- **Date/Reference:** November 2017  

**Tasting Profile:**
- Jasmine
- Roasted cacao nib
- Passionfruit
- Sandalwood
- Nougat

**Espresso Character:**
- **Straight shot:** Rich, sweet, elegant, and cocoa-laden
- **Milk drinks:** Fruit- and floral-toned with cocoa and aromatic wood notes

If you want, I can also compare this with the other **95-point fruity espresso** in the set."
"espresso blend with floral and fruit notes, silky body, cocoa finish, and a long aromatic aftertaste","[{'name': 'Floral Samurai', 'origin_1': 'Colombia', 'origin_2': 'Guatemala', 'desc_1': 'Evaluated as espresso. Richly chocolaty, sweetly nut-toned. Dark chocolate, almond butter, narcissus, gently scorched cedar, date in aroma and small cup. Full, syrupy-smooth mouthfeel; crisply sweet, chocolate- and nut-toned finish. In three parts milk, chocolate notes predominate, with undertones of gently scorched cedar and narcissus.', 'desc_2': 'A blend of coffees from Colombia, Guatemala, Brazil and Ethiopia roasted for espresso. Flower Coffee Workshop is a nano-roastery and coffee shop in Taichung, Taiwan. Visit https://www.facebook.com/flowercoffee20180526/ for more information.', 'desc_3': 'An espresso blend particularly appealing in three parts milk, with sweet floral, rich chocolate, and deep nut tones. ', 'roast': 'Medium', 'rating': 93.0, 'loc_country': 'Taiwan'}, {'name': 'Espresso Blend Classic No. 1', 'origin_1': 'Indonesia', 'origin_2': 'El Salvador', 'desc_1': 'Evaluated as espresso. Richly sweet, chocolaty and floral. Narcissus, dark chocolate, cedar, black cherry, almond paste in aroma and small cup. Full, syrupy mouthfeel; resonant, chocolaty finish. In three parts milk, chocolate and narcissus notes bloom, and almond paste with hints of cedar balance the lyrical sweetness at the top.', 'desc_2': 'A blend of wet-hulled coffee from Indonesia and conventionally wet-processed coffee from El Salvador, roasted for espresso. Evie’s Café, based in Chia-Yi Taiwan, specializes in fine roasted coffees as well as pour-overs and cold-brews. Visit https://m.facebook.com/eviescafe88/ for more information.', 'desc_3': 'A fine Indonesia/El Salvador espresso blend that is both chocolate-driven and exceptionally floral.', 'roast': 'Medium', 'rating': 93.0, 'loc_country': 'Taiwan'}, {'name': 'Turbo Espresso', 'origin_1': 'Brazil', 'origin_2': 'Colombia', 'desc_1': 'Evaluated as espresso. Richly chocolaty, sweetly nut-toned. Dark chocolate, hazelnut butter, magnolia, gently scorched cedar, date in aroma and small cup. Full, creamy-smooth mouthfeel; crisply sweet, chocolate- and nut-toned finish. In cappuccino-scaled milk, chocolate notes brighten, supported by notes of gently scorched cedar and magnolia.', 'desc_2': 'A blend of coffees from Brazil and Colombia, roasted for espresso. Propeller is a Toronto-based micro-roaster with a dedication to careful selection and exceptional craft roasting of high-end coffees. Visit www.propellercoffee.com or call 416-479-3771 for more information.', 'desc_3': 'A darker-roasted espresso blend particularly attractive in three parts milk, with sweet floral, rich chocolate, and deep nut tones. ', 'roast': 'Medium', 'rating': 93.0, 'loc_country': 'Canada'}, {'name': 'Poseidon Blend Espresso', 'origin_1': 'Yirgacheffe', 'origin_2': 'Sidamo', 'desc_1': 'Evaluated as espresso. Richly floral-toned, elegant, balanced. Watermelon, pink grapefruit zest, Nutella, sandalwood, tiger lily in aroma and small cup. Syrupy-smooth mouthfeel; long, flavor-saturated finish. Sweet cocoa and hazelnut tones are elevated in three parts milk, with continuing floral resonance.', 'desc_2': 'A blend of three coffees: two Ethiopias, one from the Yirgacheffe growing region and one from the Sidamo, and a Guatemala from the Huehuetenango region. GK provides quality specialty coffee to consumers and retailers. For more information, email [email\xa0protected] or call +886-919-314-513.', 'desc_3': 'A deftly blended espresso as good as a straight shot as in milk: rich, high-toned, exuberant with fruit and flowers.', 'roast': 'Medium-Light', 'rating': 95.0, 'loc_country': 'Taiwan'}, {'name': 'SOB Espresso', 'origin_1': 'Colombia', 'origin_2': 'Congo', 'desc_1': 'Evaluated as espresso. Deeply chocolaty, richly floral. Chocolate fudge, lilac, peach, fresh-cut cedar, hazelnut butter in aroma and small cup. Crisp, satiny-smooth mouthfeel; the deep, long, resonant finish maintains all of the aroma and flavor notes from the cup. Also profoundly satisfying in three parts milk, with chocolate and florals in a slow dance and fruit returning to the surface in the long finish.', 'desc_2': 'This coffee tied for the highest rating in a tasting of “classic” espresso blends for Coffee Review’s June 2019 tasting report. A single-origin blend of coffees from various Inza smallholder farmers in Colombia and comprised of the Castillo, Caturra and Colombia varieties of Arabica. Visit www.follycoffee.com for more information.', 'desc_3': 'An unusually successful “melange” coffee in which the same blend of green beans is roasted both darker and lighter, then combined. This version hits all of the notes associated with a complete, classic espresso: rich, resounding, chocolaty, floral and fruit-toned.', 'roast': 'Medium', 'rating': 94.0, 'loc_country': 'United States'}]","A great match from the context is:

**Poseidon Blend Espresso**

Why it fits:
- **Floral + fruit notes:** watermelon, pink grapefruit zest, tiger lily
- **Silky body:** *syrupy-smooth mouthfeel*
- **Cocoa finish:** sweet cocoa and hazelnut tones
- **Long aromatic aftertaste:** *long, flavor-saturated finish* with continuing floral resonance

If you want, I can also narrow this down to the **most cocoa-forward** or **most fruit-forward** espresso blend from the list."
"sweet elegant espresso with jasmine-like aroma, stone fruit acidity, and nutty chocolate tones in milk","[{'name': 'Fruit of the Goddess Espresso Blend', 'origin_1': 'Kenya', 'origin_2': 'Costa Rica', 'desc_1': 'Juicy, sweet-tart, rich and deep. Black cherry, dark chocolate, sage, star jasmine, sandalwood in aroma and small cup. Creamy-smooth mouthfeel; long, lingering, chocolaty finish. Dark chocolate, black cherry and star jasmine take center stage in  cappuccino-scaled milk.', 'desc_2': 'A blend of coffees from Kenya, Costa Rica and Ethiopia roasted for espresso applications. Evaluated as espresso. Cozy House Coffee is a Taiwan-based specialty coffee roaster and an SCA Authorized Trainer (AST). For more information, visit https://shop.cozyhousecoffee.com.', 'desc_3': 'A complex, layered espresso blend with sweetly tart fruit notes at the top and spicy florals and dark chocolate underneath — compelling both in the straight shot and in milk.', 'roast': 'Medium-Light', 'rating': 94.0, 'loc_country': 'Taiwan'}, {'name': 'Honeymoon Espresso', 'origin_1': 'Kenya', 'origin_2': 'Ethiopia', 'desc_1': 'Evaluated as espresso. Deeply sweet, pungent. Maraschino cherry, dark chocolate, narcissus, aromatic cedar, cashew in aroma and small cup. Satiny mouthfeel; cherry, chocolate and cashew all carry into a cleanly rich finish. The cherry notes turn gently tart and the chocolate crisp in three parts milk. ', 'desc_2': 'A complex blend combining four coffees processed by a variety of methods from three distinguished origins. Choosy Gourmet is a cafe in Kaohsiung, Taiwan, where founder Howard Hung’s mission is to highlight the “living soul” of each coffee. Visit www.choosygourmet.com, https://www.facebook.com/choosy.gourmet, email [email\xa0protected] or call +886-7-3509609 for more information.', 'desc_3': 'A richly dessert-like straight shot, animated by suggestions of maraschino cherry and chocolate. Turns pleasingly crisp and lively in cappuccino-scaled milk.', 'roast': 'Medium-Dark', 'rating': 92.0, 'loc_country': 'Taiwan'}, {'name': 'Poseidon Blend Espresso', 'origin_1': 'Yirgacheffe', 'origin_2': 'Sidamo', 'desc_1': 'Evaluated as espresso. Richly floral-toned, elegant, balanced. Watermelon, pink grapefruit zest, Nutella, sandalwood, tiger lily in aroma and small cup. Syrupy-smooth mouthfeel; long, flavor-saturated finish. Sweet cocoa and hazelnut tones are elevated in three parts milk, with continuing floral resonance.', 'desc_2': 'A blend of three coffees: two Ethiopias, one from the Yirgacheffe growing region and one from the Sidamo, and a Guatemala from the Huehuetenango region. GK provides quality specialty coffee to consumers and retailers. For more information, email [email\xa0protected] or call +886-919-314-513.', 'desc_3': 'A deftly blended espresso as good as a straight shot as in milk: rich, high-toned, exuberant with fruit and flowers.', 'roast': 'Medium-Light', 'rating': 95.0, 'loc_country': 'Taiwan'}, {'name': 'Chocolate Lover’s Espresso', 'origin_1': 'Guatemala', 'origin_2': 'Brazil', 'desc_1': 'Evaluated as espresso. Richly chocolaty, nut-toned. Chocolate fudge, pistachio, gardenia, scorched mesquite, molasses in aroma and small cup. Full, creamy mouthfeel; chocolaty, pleasingly smoky-sweet finish. In three parts milk, think Snicker’s bar with extra caffeine.', 'desc_2': 'A blend of coffees from Guatemala, Brazil and Colombia, roasted for espresso. Coffee Please is an artisanal roastery and cafe in Taipei’s Beitou District, famous for its proximity to the Yangming Mountain hot springs. Visit www.facebook.com/CoffeepleaseTW for more information.', 'desc_3': 'A deeply sweet, dessert-like espresso blend, gently smoke-toned, sweetly nutty and floral, boldly chocolaty.', 'roast': 'Medium-Dark', 'rating': 94.0, 'loc_country': 'Taiwan'}, {'name': 'Espresso Blend Classic No. 1', 'origin_1': 'Indonesia', 'origin_2': 'El Salvador', 'desc_1': 'Evaluated as espresso. Richly sweet, chocolaty and floral. Narcissus, dark chocolate, cedar, black cherry, almond paste in aroma and small cup. Full, syrupy mouthfeel; resonant, chocolaty finish. In three parts milk, chocolate and narcissus notes bloom, and almond paste with hints of cedar balance the lyrical sweetness at the top.', 'desc_2': 'A blend of wet-hulled coffee from Indonesia and conventionally wet-processed coffee from El Salvador, roasted for espresso. Evie’s Café, based in Chia-Yi Taiwan, specializes in fine roasted coffees as well as pour-overs and cold-brews. Visit https://m.facebook.com/eviescafe88/ for more information.', 'desc_3': 'A fine Indonesia/El Salvador espresso blend that is both chocolate-driven and exceptionally floral.', 'roast': 'Medium', 'rating': 93.0, 'loc_country': 'Taiwan'}]","The **best match** is **Document 1: Fruit of the Goddess Espresso Blend**.

**Why it fits your description:**
- **Jasmine-like aroma:** explicitly notes **star jasmine** in aroma
- **Stone fruit / bright fruit acidity:** **black cherry** and **sweet-tart** fruit character
- **Nutty chocolate tones in milk:** **dark chocolate** is prominent, and it stays rich and smooth in milk
- **Elegant espresso style:** described as **complex, layered**, with a **creamy-smooth mouthfeel** and **long chocolaty finish**

**Also strong, but slightly less on the jasmine note:**
- **Document 3: Poseidon Blend Espresso**
  - Very elegant and floral
  - Has **tiger lily** and **sandalwood**, plus **sweet cocoa and hazelnut in milk**
  - More citrus/grapefruit than stone fruit, so it’s a bit less aligned

If you want, I can also rank all 5 options from **closest to least close** for that flavor profile."
"high-scoring medium-light espresso blend that tastes cocoa-forward in the shot and bright, floral in milk","[{'name': 'Classic Blend', 'origin_1': 'Colombia', 'origin_2': 'Guatemala', 'desc_1': 'Evaluated as espresso. Deeply sweet, crisply chocolaty. Bing cherry, dark chocolate, magnolia, oak, cashew in aroma and small cup. Satiny mouthfeel; oak and cashew lead in the gently drying finish. Chocolate and bing cherry notes intensify in three parts milk.', 'desc_2': 'A blend of coffees from Colombia, Guatemala, Brazil and Ethiopia roasted for espresso. Flower Coffee Workshop is a nano-roastery and coffee shop in Taichung, Taiwan. Visit https://www.facebook.com/flowercoffee20180526/ for more information.', 'desc_3': 'This solid blend offers a richly sweet-tart straight shot and a crisply chocolaty cappuccino.', 'roast': 'Medium', 'rating': 92.0, 'loc_country': 'Taiwan'}, {'name': 'Turbo Espresso', 'origin_1': 'Brazil', 'origin_2': 'Colombia', 'desc_1': 'Evaluated as espresso. Richly chocolaty, sweetly nut-toned. Dark chocolate, hazelnut butter, magnolia, gently scorched cedar, date in aroma and small cup. Full, creamy-smooth mouthfeel; crisply sweet, chocolate- and nut-toned finish. In cappuccino-scaled milk, chocolate notes brighten, supported by notes of gently scorched cedar and magnolia.', 'desc_2': 'A blend of coffees from Brazil and Colombia, roasted for espresso. Propeller is a Toronto-based micro-roaster with a dedication to careful selection and exceptional craft roasting of high-end coffees. Visit www.propellercoffee.com or call 416-479-3771 for more information.', 'desc_3': 'A darker-roasted espresso blend particularly attractive in three parts milk, with sweet floral, rich chocolate, and deep nut tones. ', 'roast': 'Medium', 'rating': 93.0, 'loc_country': 'Canada'}, {'name': '“Sweety” Espresso Blend', 'origin_1': 'Panama', 'origin_2': 'Ethiopia', 'desc_1': 'Evaluated as espresso. Sweet-toned, deeply rich, chocolaty. Vanilla paste, dark chocolate, narcissus, pink grapefruit zest, black cherry in aroma and cup. Plush, syrupy mouthfeel; resonant, flavor-saturated finish. In three parts milk, rich chocolate tones intensify, along with intimations of vanilla paste and black cherry in the short finish and floral-toned citrus zest in the long. ', 'desc_2': 'An espresso blend comprised of coffees from Panama and Ethiopia. A.R.C., whose motto is “more than specialty,” rigorously controls three vital elements: sourcing of green coffee, roasting, and, in cafe environments, water quality for brewed coffee. For more information, visit http://www.arc.coffee/en/index.html.', 'desc_3': 'A radiant espresso blend that shines equally in the straight shot and in milk, alive with notes of rich dark chocolate and black cherry.', 'roast': 'Medium-Light', 'rating': 95.0, 'loc_country': 'Hong Kong'}, {'name': 'Poseidon Blend Espresso', 'origin_1': 'Yirgacheffe', 'origin_2': 'Sidamo', 'desc_1': 'Evaluated as espresso. Richly floral-toned, elegant, balanced. Watermelon, pink grapefruit zest, Nutella, sandalwood, tiger lily in aroma and small cup. Syrupy-smooth mouthfeel; long, flavor-saturated finish. Sweet cocoa and hazelnut tones are elevated in three parts milk, with continuing floral resonance.', 'desc_2': 'A blend of three coffees: two Ethiopias, one from the Yirgacheffe growing region and one from the Sidamo, and a Guatemala from the Huehuetenango region. GK provides quality specialty coffee to consumers and retailers. For more information, email [email\xa0protected] or call +886-919-314-513.', 'desc_3': 'A deftly blended espresso as good as a straight shot as in milk: rich, high-toned, exuberant with fruit and flowers.', 'roast': 'Medium-Light', 'rating': 95.0, 'loc_country': 'Taiwan'}, {'name': 'Fruit of the Goddess Espresso Blend', 'origin_1': 'Kenya', 'origin_2': 'Costa Rica', 'desc_1': 'Juicy, sweet-tart, rich and deep. Black cherry, dark chocolate, sage, star jasmine, sandalwood in aroma and small cup. Creamy-smooth mouthfeel; long, lingering, chocolaty finish. Dark chocolate, black cherry and star jasmine take center stage in  cappuccino-scaled milk.', 'desc_2': 'A blend of coffees from Kenya, Costa Rica and Ethiopia roasted for espresso applications. Evaluated as espresso. Cozy House Coffee is a Taiwan-based specialty coffee roaster and an SCA Authorized Trainer (AST). For more information, visit https://shop.cozyhousecoffee.com.', 'desc_3': 'A complex, layered espresso blend with sweetly tart fruit notes at the top and spicy florals and dark chocolate underneath — compelling both in the straight shot and in milk.', 'roast': 'Medium-Light', 'rating': 94.0, 'loc_country': 'Taiwan'}]","A strong match from the context is **Poseidon Blend Espresso**.

**Why it fits:**
- **Roast level:** **Medium-Light**
- **Quality rating:** **95.0**
- **In the shot:** **richly floral-toned**, elegant, with **Nutella** and **sandalwood**
- **In milk:** **sweet cocoa and hazelnut** tones become more pronounced, with **continuing floral resonance**

If you want **more cocoa-forward in the shot**, a couple of other great options are:

- **“Sweety” Espresso Blend** — **95.0**
  - **Shot:** dark chocolate, vanilla paste, black cherry, floral citrus
  - **Milk:** rich chocolate intensifies, with floral citrus zest lingering
  - Best if you want the shot to feel **deeper and richer**

- **Fruit of the Goddess Espresso Blend** — **94.0**
  - **Shot:** dark chocolate plus **star jasmine** and black cherry
  - **Milk:** dark chocolate and **star jasmine** stand out
  - Best if you want **bright florals with a chocolate base**

**Best overall for your request:** **Poseidon Blend Espresso**  
It’s the clearest fit for **medium-light, high-scoring, cocoa-forward in espresso, and bright/floral in milk**."
fruity espresso blend that works well as a straight shot and also tastes balanced with milk,"[{'name': 'Poseidon Blend Espresso', 'origin_1': 'Yirgacheffe', 'origin_2': 'Sidamo', 'desc_1': 'Evaluated as espresso. Richly floral-toned, elegant, balanced. Watermelon, pink grapefruit zest, Nutella, sandalwood, tiger lily in aroma and small cup. Syrupy-smooth mouthfeel; long, flavor-saturated finish. Sweet cocoa and hazelnut tones are elevated in three parts milk, with continuing floral resonance.', 'desc_2': 'A blend of three coffees: two Ethiopias, one from the Yirgacheffe growing region and one from the Sidamo, and a Guatemala from the Huehuetenango region. GK provides quality specialty coffee to consumers and retailers. For more information, email [email\xa0protected] or call +886-919-314-513.', 'desc_3': 'A deftly blended espresso as good as a straight shot as in milk: rich, high-toned, exuberant with fruit and flowers.', 'roast': 'Medium-Light', 'rating': 95.0, 'loc_country': 'Taiwan'}, {'name': 'Turbo Espresso', 'origin_1': 'Brazil', 'origin_2': 'Colombia', 'desc_1': 'Evaluated as espresso. Richly chocolaty, sweetly nut-toned. Dark chocolate, hazelnut butter, magnolia, gently scorched cedar, date in aroma and small cup. Full, creamy-smooth mouthfeel; crisply sweet, chocolate- and nut-toned finish. In cappuccino-scaled milk, chocolate notes brighten, supported by notes of gently scorched cedar and magnolia.', 'desc_2': 'A blend of coffees from Brazil and Colombia, roasted for espresso. Propeller is a Toronto-based micro-roaster with a dedication to careful selection and exceptional craft roasting of high-end coffees. Visit www.propellercoffee.com or call 416-479-3771 for more information.', 'desc_3': 'A darker-roasted espresso blend particularly attractive in three parts milk, with sweet floral, rich chocolate, and deep nut tones. ', 'roast': 'Medium', 'rating': 93.0, 'loc_country': 'Canada'}, {'name': 'Espresso Blend Classic No. 1', 'origin_1': 'Indonesia', 'origin_2': 'El Salvador', 'desc_1': 'Evaluated as espresso. Richly sweet, chocolaty and floral. Narcissus, dark chocolate, cedar, black cherry, almond paste in aroma and small cup. Full, syrupy mouthfeel; resonant, chocolaty finish. In three parts milk, chocolate and narcissus notes bloom, and almond paste with hints of cedar balance the lyrical sweetness at the top.', 'desc_2': 'A blend of wet-hulled coffee from Indonesia and conventionally wet-processed coffee from El Salvador, roasted for espresso. Evie’s Café, based in Chia-Yi Taiwan, specializes in fine roasted coffees as well as pour-overs and cold-brews. Visit https://m.facebook.com/eviescafe88/ for more information.', 'desc_3': 'A fine Indonesia/El Salvador espresso blend that is both chocolate-driven and exceptionally floral.', 'roast': 'Medium', 'rating': 93.0, 'loc_country': 'Taiwan'}, {'name': '“Sweety” Espresso Blend', 'origin_1': 'Panama', 'origin_2': 'Ethiopia', 'desc_1': 'Evaluated as espresso. Sweet-toned, deeply rich, chocolaty. Vanilla paste, dark chocolate, narcissus, pink grapefruit zest, black cherry in aroma and cup. Plush, syrupy mouthfeel; resonant, flavor-saturated finish. In three parts milk, rich chocolate tones intensify, along with intimations of vanilla paste and black cherry in the short finish and floral-toned citrus zest in the long. ', 'desc_2': 'An espresso blend comprised of coffees from Panama and Ethiopia. A.R.C., whose motto is “more than specialty,” rigorously controls three vital elements: sourcing of green coffee, roasting, and, in cafe environments, water quality for brewed coffee. For more information, visit http://www.arc.coffee/en/index.html.', 'desc_3': 'A radiant espresso blend that shines equally in the straight shot and in milk, alive with notes of rich dark chocolate and black cherry.', 'roast': 'Medium-Light', 'rating': 95.0, 'loc_country': 'Hong Kong'}, {'name': 'Espresso Fino', 'origin_1': 'Guatemala', 'origin_2': 'Brazil', 'desc_1': 'Evaluated as espresso. Richly bittersweet, gently chocolaty. Dried apricot, cocoa powder, fresh-cut cedar, almond, magnolia in aroma and small cup. Plump, creamy mouthfeel; cocoa- and cedar-toned finish. Three parts milk amplifies cocoa, apricot and magnolia notes, while almond and cedar provide pleasing structural undertones.', 'desc_2': 'A blend of coffees from Guatemala, Brazil, and Indonesia roasted for espresso. Founded by Paul Massard and Chris Nolte, Per’la focuses on meticulous sourcing and roasting fine coffees in small batches. Visit www.drinkperla.com for more information.', 'desc_3': 'A crisply chocolaty, gently fruit-toned, sweetly floral espresso blend especially complex in cappuccino-scale milk.', 'roast': 'Medium', 'rating': 92.0, 'loc_country': 'United States'}]","If you want a **fruity espresso blend that still tastes balanced with milk**, the best match from your context is:

## **Top Pick: “Sweety” Espresso Blend**
- **Why it fits:** It’s described as **radiant in the straight shot and in milk**, with **rich dark chocolate and black cherry**.
- **Fruity profile:** **Pink grapefruit zest** and **black cherry**
- **Milk compatibility:** Chocolate tones intensify beautifully in **three parts milk**
- **Roast level:** **Medium-Light**
- **Quality rating:** **95**

## **Also a strong option: Poseidon Blend Espresso**
- **Why it fits:** Explicitly described as **“as good as a straight shot as in milk”**
- **Fruity profile:** **Watermelon** and **pink grapefruit zest**
- **Milk compatibility:** **Sweet cocoa and hazelnut** come through in milk, with floral resonance
- **Roast level:** **Medium-Light**
- **Quality rating:** **95**

## **If you want more chocolate-forward balance with a lighter fruit note:**
**Espresso Blend Classic No. 1**
- **Notes:** **Black cherry, dark chocolate, almond paste**
- **Milk:** Chocolate and floral notes bloom nicely in milk
- **Roast level:** **Medium**

### Quick recommendation:
- **Most fruity + balanced in milk:** **Sweety Espresso Blend**
- **Most floral/fruity and elegant:** **Poseidon Blend Espresso**

If you want, I can also rank these by **best straight shot**, **best cappuccino**, or **brightest fruit character**."
1. Bootstrap Coffee Roasters Decaf Colombia Select Colombia Ethiopia medium-light roast rating 87 United States November 2017,"[{'name': 'Decaf Colombia Select', 'origin_1': 'Colombia', 'origin_2': 'Ethiopia', 'desc_1': 'Sweet, delicate, floral and wood-toned. Fresh-cut fir, demerara sugar, orange zest, faint rose-like flowers in aroma and cup. Gently bittersweet structure; very lightly syrupy mouthfeel. Flavor consolidates but persists in a round, sweet-toned finish.', 'desc_2': 'Produced from trees of the Caturra and Castillo varieties of Arabica and decaffeinated at origin using ethyl acetate, a natural solvent derived from sugar cane. Bootstrap is the definition of a quality dedicated nano-roaster, with every bag carefully prepared by the roaster himself. Visit www.bootstrapcoffeeroasters.com for more information.', 'desc_3': 'Those who value a gently zesty sweetness should enjoy this delicate decaf cup. Easy on the palate, easy on the nervous system.', 'roast': 'Medium-Light', 'rating': 87.0, 'loc_country': 'United States'}, {'name': 'Colombia Narino Excelsio', 'origin_1': 'Narino Department', 'origin_2': 'Southern Colombia', 'desc_1': 'Balanced, rich-toned, crisply sweet. Baker’s chocolate, plum, hazelnut, maple syrup, wisteria in aroma and cup. Deeply sweet structure with lively acidity; viscous, lightly syrupy mouthfeel. The richly drying finish is cocoa-laden, with supporting notes of stone fruit and nuts.', 'desc_2': 'This coffee tied for the fourth-highest rating in a cupping of coffees from U.S. Mountain States roasters for Coffee Review’s October 2018 tasting report. From an admired growing region in the southernmost Colombia Department of Nariño. Jackrabbit Java selects the finest coffees from around the world and roasts them in Thermopolis, Wyoming’s mountain air. All Jackrabbit Java coffees are specialty-grade and roasted to order. Visit www.jackrabbitjava.com for more information.', 'desc_3': 'A solid Colombia cup with balanced structure and acidity and engaging, understated fruit and floral tones.', 'roast': 'Medium-Light', 'rating': 92.0, 'loc_country': 'United States'}, {'name': 'Colombia Antioquia La Papaya Bourbon Chiroso', 'origin_1': 'Antioquia Department', 'origin_2': 'Northwest Colombia', 'desc_1': 'Crisp, high-toned, chocolaty. Brightly sweet dark chocolate, wisteria, Bing cherry, hazelnut, maple syrup in aroma and cup. Deeply sweet structure with citrusy acidity; full, viscous mouthfeel. Chocolaty and floral-toned in the long, pleasing finish.', 'desc_2': 'Comprised entirely of the Bourbon variety of Arabica and processed by the wet, or washed, method (fruit skin and pulp are removed before drying). Wholesale pricing available for all coffees. 94 Fresh Coffee is a specialty coffee roaster based in Kaohsiung City that specializes in espresso, including training and machine sales. Visit https://www.facebook.com/94freshcoffee/ for more information.', 'desc_3': 'A washed Colombia cup redolent of high-quality chocolate, supported by delicate, sweet wisteria-like flowers.', 'roast': 'Medium-Light', 'rating': 94.0, 'loc_country': 'Taiwan'}, {'name': 'Colombia', 'origin_1': 'Salgar Municipality', 'origin_2': 'Antioquia Department', 'desc_1': 'Roundly pungent, buttery and chocolaty. Dark chocolate, orange zest, cedar, plum, a hint of peppercorn in aroma and cup. Crisply sweet, balanced in structure. Very light in mouthfeel, silky. Flavor consolidates in a drying though resonant finish. ', 'desc_2': 'Produced by Finca La Colombiana and processed by the wet or “washed” method, in which skin and fruit flesh are removed from the beans or seeds before they are dried. Caffeic is a family-owned, Montana-based roaster with a focus on sourcing and sharing the highest-quality coffees available. Visit www.caffeic.coffee for more information.', 'desc_3': 'A quietly seductive Colombia, organized around a pleasingly sweet chocolate note.', 'roast': 'Medium', 'rating': 90.0, 'loc_country': 'United States'}, {'name': 'Colombia Nariño', 'origin_1': 'Nariño Department', 'origin_2': 'Southern Colombia', 'desc_1': 'Deeply and richly sweet, quite chocolaty. Dark chocolate, red grape, magnolia, maple syrup, oak in aroma and cup. Sweet-toned structure with bright, lively acidity; smooth, velvety mouthfeel. The pleasing finish consolidates to notes of dark chocolate and magnolia.', 'desc_2': 'From an admired growing region in the southernmost Colombia Department of Nariño and comprised of the Castillo, Caturra and Colombia varieties of Arabica; processed by the wet, or washed method. Revel Coffee is a micro-roaster located in Billings, Montana. Its motto: “Quality is paramount – a difference you can revel in.” Visit www.revelcoffee.com or call 406-534-9621 for more information.', 'desc_3': 'A balanced, chocolaty Colombia cup with especially engaging, high-toned acidity.', 'roast': 'Medium-Light', 'rating': 93.0, 'loc_country': 'United States'}]","**Bootstrap Coffee Roasters Decaf Colombia Select** matches **Document 1**.

- **Coffee Name:** Decaf Colombia Select  
- **Origin:** Colombia  
- **Roast Level:** Medium-Light  
- **Quality Rating:** 87.0  
- **Location/Country:** United States  
- **Notable Notes:** Sweet, delicate, floral, wood-toned; orange zest, demerara sugar, faint rose-like flowers  
- **Processing/Varieties:** Caturra and Castillo; decaffeinated at origin using ethyl acetate derived from sugar cane  

If you want, I can also help you compare it against the other Colombia coffees in the set."
"2. Decaf coffee with delicate floral aroma, citrus peel brightness, sweet woodsy notes, and a light syrupy texture","[{'name': 'Moonbow Decaf Espresso', 'origin_1': 'South America', 'origin_2': 'Caldas Department', 'desc_1': 'Evaluated as espresso. Bright, sweetly tart. Cocoa powder, hazelnut, orange zest, pomegranate, fir in aroma and small cup. Crisp, lightly syrupy mouthfeel; sweet cocoa-toned finish. In three parts milk, cocoa notes are amplified, punctuated by orange zest and fir.', 'desc_2': 'A blend of various coffees from South America, decaffeinated at origin using ethyl acetate, a natural solvent derived from sugar cane. Paradise Roasters specializes in micro-lot Arabica and Robusta coffees from Asia and other emerging origins. The company prides itself on quality and freshness, craft-roasting coffees in small batches only after orders are placed. Visit www.paradiseroasters.com for more information.', 'desc_3': 'A fine decaf espresso blend animated by tart fruit and bittersweet citrus zest notes, with a cocoa throughline.', 'roast': 'Medium-Dark', 'rating': 91.0, 'loc_country': 'United States'}, {'name': 'Espresso Blend Classic No. 1', 'origin_1': 'Indonesia', 'origin_2': 'El Salvador', 'desc_1': 'Evaluated as espresso. Richly sweet, chocolaty and floral. Narcissus, dark chocolate, cedar, black cherry, almond paste in aroma and small cup. Full, syrupy mouthfeel; resonant, chocolaty finish. In three parts milk, chocolate and narcissus notes bloom, and almond paste with hints of cedar balance the lyrical sweetness at the top.', 'desc_2': 'A blend of wet-hulled coffee from Indonesia and conventionally wet-processed coffee from El Salvador, roasted for espresso. Evie’s Café, based in Chia-Yi Taiwan, specializes in fine roasted coffees as well as pour-overs and cold-brews. Visit https://m.facebook.com/eviescafe88/ for more information.', 'desc_3': 'A fine Indonesia/El Salvador espresso blend that is both chocolate-driven and exceptionally floral.', 'roast': 'Medium', 'rating': 93.0, 'loc_country': 'Taiwan'}, {'name': 'Rhapsody of Dreams', 'origin_1': 'Kenya', 'origin_2': 'Colombia', 'desc_1': 'Chocolaty and floral-toned. Dark chocolate, freesia-like flowers, pluot, pink peppercorn, oak in aroma and cup. Sweet-tart structure with bright, sparkling acidity; very full, syrupy-smooth mouthfeel. Spice-toned, floral finish.', 'desc_2': 'A blend of coffees from Kenya and Colombia, both washed-process, designed for pour-over brewing. Evie’s Café, based in Chia-Yi Taiwan, specializes in fine roasted coffees as well as pour-overs and cold-brews. Visit https://m.facebook.com/eviescafe88/ for more information.', 'desc_3': 'A creative blend of two exceptional green coffees that nets a multi-layered and engaging cup: spice-toned, deeply chocolaty, richly floral.', 'roast': 'Medium-Light', 'rating': 94.0, 'loc_country': 'Taiwan'}, {'name': 'Flora Blend Espresso', 'origin_1': 'Africa', 'origin_2': 'Asia Pacific', 'desc_1': 'Evaluated as espresso. Sweetly tart, floral-toned. Honeysuckle, oak, dried apricot, dark chocolate, thyme in aroma and small cup. Delicately syrupy body; gently drying, floral-driven finish in the short and sweetly herb-toned in the long. In three parts milk, chocolate, florals and fruit all take center stage, and thyme-like herb notes gently follow.', 'desc_2': 'An espresso blend comprised of coffees from Africa and the Asia-Pacific. A.R.C., whose motto is “more than specialty,” rigorously controls three vital elements: sourcing of green coffee, roasting, and, in cafe environments, water quality for brewed coffee. For more information, visit http://www.arc.coffee/en/index.html.', 'desc_3': 'A floral-driven straight shot, amplified with notes of stone fruit and chocolate in cappuccino-scaled milk.', 'roast': 'Medium-Light', 'rating': 94.0, 'loc_country': 'Hong Kong'}, {'name': '“Sweety” Espresso Blend', 'origin_1': 'Panama', 'origin_2': 'Ethiopia', 'desc_1': 'Evaluated as espresso. Sweet-toned, deeply rich, chocolaty. Vanilla paste, dark chocolate, narcissus, pink grapefruit zest, black cherry in aroma and cup. Plush, syrupy mouthfeel; resonant, flavor-saturated finish. In three parts milk, rich chocolate tones intensify, along with intimations of vanilla paste and black cherry in the short finish and floral-toned citrus zest in the long. ', 'desc_2': 'An espresso blend comprised of coffees from Panama and Ethiopia. A.R.C., whose motto is “more than specialty,” rigorously controls three vital elements: sourcing of green coffee, roasting, and, in cafe environments, water quality for brewed coffee. For more information, visit http://www.arc.coffee/en/index.html.', 'desc_3': 'A radiant espresso blend that shines equally in the straight shot and in milk, alive with notes of rich dark chocolate and black cherry.', 'roast': 'Medium-Light', 'rating': 95.0, 'loc_country': 'Hong Kong'}]","The best match is:

**Moonbow Decaf Espresso**

Why it fits:
- **Decaf coffee** — explicitly decaffeinated at origin
- **Delicate floral aroma** — the closest floral-adjacent note in the context is a bright, aromatic profile with **fir** and **orange zest**, though it’s less floral than some others
- **Citrus peel brightness** — **orange zest** and **bittersweet citrus zest**
- **Sweet woodsy notes** — **fir** gives a soft woodsy character
- **Light syrupy texture** — described as **crisp, lightly syrupy mouthfeel**

If you want, I can also rank the other options by how close they are to this flavor description."
"3. Gentle decaf with sweet, lightly tangy cup character, subtle flower-like fragrance, and a smooth rounded finish","[{'name': 'Moonbow Decaf', 'origin_1': 'South America', 'origin_2': 'Lintong Growing Region', 'desc_1': 'Richly and sweetly tart, chocolaty. Dark chocolate, hazelnut butter, lightly scorched cinnamon, date, fir in aroma and cup. Sweet in structure with gentle, rounded acidity; velvety mouthfeel. The chocolaty finish is complicated by date and hazelnut.', 'desc_2': 'This exceptional coffee was selected as the No. 27 coffee on Coffee Review’s list of the Top 30 Coffees of 2019.\xa0 A blend of various coffees from South America, decaffeinated at origin using ethyl acetate, a solvent derived from sugar cane. Paradise Roasters specializes in micro-lot Arabica and Robusta coffees from Asia and other emerging origins. The company prides itself on quality and freshness, craft-roasting coffees in small batches only after orders are placed. Visit www.paradiseroasters.com for more information.', 'desc_3': 'A very impressive decaf, tested here for drip or other non-espresso applications: Sweet, balanced, cocoa-driven.', 'roast': 'Medium-Dark', 'rating': 92.0, 'loc_country': 'United States'}, {'name': 'Decaf Colombia Select', 'origin_1': 'Colombia', 'origin_2': 'Ethiopia', 'desc_1': 'Sweet, delicate, floral and wood-toned. Fresh-cut fir, demerara sugar, orange zest, faint rose-like flowers in aroma and cup. Gently bittersweet structure; very lightly syrupy mouthfeel. Flavor consolidates but persists in a round, sweet-toned finish.', 'desc_2': 'Produced from trees of the Caturra and Castillo varieties of Arabica and decaffeinated at origin using ethyl acetate, a natural solvent derived from sugar cane. Bootstrap is the definition of a quality dedicated nano-roaster, with every bag carefully prepared by the roaster himself. Visit www.bootstrapcoffeeroasters.com for more information.', 'desc_3': 'Those who value a gently zesty sweetness should enjoy this delicate decaf cup. Easy on the palate, easy on the nervous system.', 'roast': 'Medium-Light', 'rating': 87.0, 'loc_country': 'United States'}, {'name': 'Moonbow Decaf Espresso', 'origin_1': 'South America', 'origin_2': 'Caldas Department', 'desc_1': 'Evaluated as espresso. Bright, sweetly tart. Cocoa powder, hazelnut, orange zest, pomegranate, fir in aroma and small cup. Crisp, lightly syrupy mouthfeel; sweet cocoa-toned finish. In three parts milk, cocoa notes are amplified, punctuated by orange zest and fir.', 'desc_2': 'A blend of various coffees from South America, decaffeinated at origin using ethyl acetate, a natural solvent derived from sugar cane. Paradise Roasters specializes in micro-lot Arabica and Robusta coffees from Asia and other emerging origins. The company prides itself on quality and freshness, craft-roasting coffees in small batches only after orders are placed. Visit www.paradiseroasters.com for more information.', 'desc_3': 'A fine decaf espresso blend animated by tart fruit and bittersweet citrus zest notes, with a cocoa throughline.', 'roast': 'Medium-Dark', 'rating': 91.0, 'loc_country': 'United States'}, {'name': 'Rhapsody of Dreams', 'origin_1': 'Kenya', 'origin_2': 'Colombia', 'desc_1': 'Chocolaty and floral-toned. Dark chocolate, freesia-like flowers, pluot, pink peppercorn, oak in aroma and cup. Sweet-tart structure with bright, sparkling acidity; very full, syrupy-smooth mouthfeel. Spice-toned, floral finish.', 'desc_2': 'A blend of coffees from Kenya and Colombia, both washed-process, designed for pour-over brewing. Evie’s Café, based in Chia-Yi Taiwan, specializes in fine roasted coffees as well as pour-overs and cold-brews. Visit https://m.facebook.com/eviescafe88/ for more information.', 'desc_3': 'A creative blend of two exceptional green coffees that nets a multi-layered and engaging cup: spice-toned, deeply chocolaty, richly floral.', 'roast': 'Medium-Light', 'rating': 94.0, 'loc_country': 'Taiwan'}, {'name': 'Decaf Classic Espresso', 'origin_1': 'Antioquia', 'origin_2': 'Colombia', 'desc_1': 'Evaluated as espresso. Richly sweet, cocoa-toned. Cocoa powder, date, magnolia, molasses, oak in aroma and small cup. Satiny-smooth mouthfeel; resonant, chocolaty finish with notes of magnolia and oak. In three parts milk, floral tones are amplified, and cocoa notes are integrated with roasty-sweet aromatic wood.', 'desc_2': 'Decaffeinated at origin using ethyl acetate, a natural solvent derived from sugar cane. Espresso Republic, founded in 2010, specializes in sourcing quality coffees and roasting them in small batches for both retail and wholesale customers. Visit www.espressorepublic.com for more information.', 'desc_3': 'A solid, straightfoward decaf espresso from Colombia, especially chocolaty in cappuccino-scaled milk.', 'roast': 'Medium', 'rating': 90.0, 'loc_country': 'United States'}]","The best match is **Document 2: Decaf Colombia Select**.

**Why it fits:**
- **Gentle decaf** — yes
- **Sweet, lightly tangy cup character** — “sweet, delicate” with “orange zest” and “gently bittersweet”
- **Subtle flower-like fragrance** — “faint rose-like flowers”
- **Smooth rounded finish** — “round, sweet-toned finish”

If you want, I can also rank the other decafs from **closest to least close** for that flavor profile."
"4. Looking for a high-quality decaf that's easy to drink, bright but soft, with sweet and floral notes","[{'name': 'Moonbow Decaf', 'origin_1': 'South America', 'origin_2': 'Lintong Growing Region', 'desc_1': 'Richly and sweetly tart, chocolaty. Dark chocolate, hazelnut butter, lightly scorched cinnamon, date, fir in aroma and cup. Sweet in structure with gentle, rounded acidity; velvety mouthfeel. The chocolaty finish is complicated by date and hazelnut.', 'desc_2': 'This exceptional coffee was selected as the No. 27 coffee on Coffee Review’s list of the Top 30 Coffees of 2019.\xa0 A blend of various coffees from South America, decaffeinated at origin using ethyl acetate, a solvent derived from sugar cane. Paradise Roasters specializes in micro-lot Arabica and Robusta coffees from Asia and other emerging origins. The company prides itself on quality and freshness, craft-roasting coffees in small batches only after orders are placed. Visit www.paradiseroasters.com for more information.', 'desc_3': 'A very impressive decaf, tested here for drip or other non-espresso applications: Sweet, balanced, cocoa-driven.', 'roast': 'Medium-Dark', 'rating': 92.0, 'loc_country': 'United States'}, {'name': 'Moonbow Decaf Espresso', 'origin_1': 'South America', 'origin_2': 'Caldas Department', 'desc_1': 'Evaluated as espresso. Bright, sweetly tart. Cocoa powder, hazelnut, orange zest, pomegranate, fir in aroma and small cup. Crisp, lightly syrupy mouthfeel; sweet cocoa-toned finish. In three parts milk, cocoa notes are amplified, punctuated by orange zest and fir.', 'desc_2': 'A blend of various coffees from South America, decaffeinated at origin using ethyl acetate, a natural solvent derived from sugar cane. Paradise Roasters specializes in micro-lot Arabica and Robusta coffees from Asia and other emerging origins. The company prides itself on quality and freshness, craft-roasting coffees in small batches only after orders are placed. Visit www.paradiseroasters.com for more information.', 'desc_3': 'A fine decaf espresso blend animated by tart fruit and bittersweet citrus zest notes, with a cocoa throughline.', 'roast': 'Medium-Dark', 'rating': 91.0, 'loc_country': 'United States'}, {'name': 'Decaf Colombia Select', 'origin_1': 'Colombia', 'origin_2': 'Ethiopia', 'desc_1': 'Sweet, delicate, floral and wood-toned. Fresh-cut fir, demerara sugar, orange zest, faint rose-like flowers in aroma and cup. Gently bittersweet structure; very lightly syrupy mouthfeel. Flavor consolidates but persists in a round, sweet-toned finish.', 'desc_2': 'Produced from trees of the Caturra and Castillo varieties of Arabica and decaffeinated at origin using ethyl acetate, a natural solvent derived from sugar cane. Bootstrap is the definition of a quality dedicated nano-roaster, with every bag carefully prepared by the roaster himself. Visit www.bootstrapcoffeeroasters.com for more information.', 'desc_3': 'Those who value a gently zesty sweetness should enjoy this delicate decaf cup. Easy on the palate, easy on the nervous system.', 'roast': 'Medium-Light', 'rating': 87.0, 'loc_country': 'United States'}, {'name': 'Decaf Espresso', 'origin_1': 'Peru', 'origin_2': 'Tarrazu Growing Region', 'desc_1': 'Evaluated as espresso. Crisp, richly sweet. Dark chocolate, lily, caramelized walnut, grapefruit zest, fresh-cut fir in aroma and small cup. Lightly syrupy body; richly drying, citrus-toned finish. Chocolaty and floral-toned in three parts milk.', 'desc_2': 'This coffee was sourced by the importer Royal Coffee, decaffeinated at the Descamex plant in Mexico by a water-only process that does not involve use of solvents, and sold to roasters under the name “Royal Select Water Decaf.” Certified organically grown and Fair Trade, meaning it was purchased at a formula-determined “fair” or economically sustainable price. Jackrabbit Java selects the finest coffees from around the world and roasts them in Thermopolis, Wyoming’s mountain air. All Jackrabbit Java coffees are specialty-grade and roasted to order.Visit www.jackrabbitjava.com for more information.', 'desc_3': 'An inviting decaffeinated espresso laden with notes of dark chocolate and sweet florals. Particularly appealing in cappuccino-scaled milk.', 'roast': 'Medium-Light', 'rating': 89.0, 'loc_country': 'United States'}, {'name': 'Decaf Classic Espresso', 'origin_1': 'Antioquia', 'origin_2': 'Colombia', 'desc_1': 'Evaluated as espresso. Richly sweet, cocoa-toned. Cocoa powder, date, magnolia, molasses, oak in aroma and small cup. Satiny-smooth mouthfeel; resonant, chocolaty finish with notes of magnolia and oak. In three parts milk, floral tones are amplified, and cocoa notes are integrated with roasty-sweet aromatic wood.', 'desc_2': 'Decaffeinated at origin using ethyl acetate, a natural solvent derived from sugar cane. Espresso Republic, founded in 2010, specializes in sourcing quality coffees and roasting them in small batches for both retail and wholesale customers. Visit www.espressorepublic.com for more information.', 'desc_3': 'A solid, straightfoward decaf espresso from Colombia, especially chocolaty in cappuccino-scaled milk.', 'roast': 'Medium', 'rating': 90.0, 'loc_country': 'United States'}]","For **high-quality decaf that’s easy to drink, bright but soft, with sweet and floral notes**, my top pick from your context is:

## **Best Match: Decaf Colombia Select**
- **Why it fits:**  
  - **Sweet, delicate, floral** profile  
  - **Bright but gentle** acidity with **orange zest** and **rose-like flowers**  
  - **Easy on the palate** and very approachable  
  - **Medium-light roast** helps keep the cup soft and lively

### Flavor highlights
- De merara sugar
- Orange zest
- Faint rose-like florals
- Fresh-cut fir
- Round, sweet finish

### If you want a slightly richer option:
## **Moonbow Decaf**
- Still **sweet and balanced**, but more **chocolaty** than floral
- Gentle, rounded acidity and velvety mouthfeel
- Best if you want “easy drinking” with more cocoa depth than brightness

### Quick ranking for your taste
1. **Decaf Colombia Select** — best for **bright, soft, sweet, floral**
2. **Moonbow Decaf** — best for **soft, sweet, more chocolaty**
3. **Decaf Espresso (Peru)** — sweet and floral, but more espresso-focused

If you want, I can also narrow these down by **brew method** like pour-over, drip, or espresso."
"5. Lightly roasted decaf coffee with a smooth body, sweet finish, and a clean, nuanced flavor","[{'name': 'Decaf Colombia Select', 'origin_1': 'Colombia', 'origin_2': 'Ethiopia', 'desc_1': 'Sweet, delicate, floral and wood-toned. Fresh-cut fir, demerara sugar, orange zest, faint rose-like flowers in aroma and cup. Gently bittersweet structure; very lightly syrupy mouthfeel. Flavor consolidates but persists in a round, sweet-toned finish.', 'desc_2': 'Produced from trees of the Caturra and Castillo varieties of Arabica and decaffeinated at origin using ethyl acetate, a natural solvent derived from sugar cane. Bootstrap is the definition of a quality dedicated nano-roaster, with every bag carefully prepared by the roaster himself. Visit www.bootstrapcoffeeroasters.com for more information.', 'desc_3': 'Those who value a gently zesty sweetness should enjoy this delicate decaf cup. Easy on the palate, easy on the nervous system.', 'roast': 'Medium-Light', 'rating': 87.0, 'loc_country': 'United States'}, {'name': 'Moonbow Decaf', 'origin_1': 'South America', 'origin_2': 'Lintong Growing Region', 'desc_1': 'Richly and sweetly tart, chocolaty. Dark chocolate, hazelnut butter, lightly scorched cinnamon, date, fir in aroma and cup. Sweet in structure with gentle, rounded acidity; velvety mouthfeel. The chocolaty finish is complicated by date and hazelnut.', 'desc_2': 'This exceptional coffee was selected as the No. 27 coffee on Coffee Review’s list of the Top 30 Coffees of 2019.\xa0 A blend of various coffees from South America, decaffeinated at origin using ethyl acetate, a solvent derived from sugar cane. Paradise Roasters specializes in micro-lot Arabica and Robusta coffees from Asia and other emerging origins. The company prides itself on quality and freshness, craft-roasting coffees in small batches only after orders are placed. Visit www.paradiseroasters.com for more information.', 'desc_3': 'A very impressive decaf, tested here for drip or other non-espresso applications: Sweet, balanced, cocoa-driven.', 'roast': 'Medium-Dark', 'rating': 92.0, 'loc_country': 'United States'}, {'name': 'Moonbow Decaf Espresso', 'origin_1': 'South America', 'origin_2': 'Caldas Department', 'desc_1': 'Evaluated as espresso. Bright, sweetly tart. Cocoa powder, hazelnut, orange zest, pomegranate, fir in aroma and small cup. Crisp, lightly syrupy mouthfeel; sweet cocoa-toned finish. In three parts milk, cocoa notes are amplified, punctuated by orange zest and fir.', 'desc_2': 'A blend of various coffees from South America, decaffeinated at origin using ethyl acetate, a natural solvent derived from sugar cane. Paradise Roasters specializes in micro-lot Arabica and Robusta coffees from Asia and other emerging origins. The company prides itself on quality and freshness, craft-roasting coffees in small batches only after orders are placed. Visit www.paradiseroasters.com for more information.', 'desc_3': 'A fine decaf espresso blend animated by tart fruit and bittersweet citrus zest notes, with a cocoa throughline.', 'roast': 'Medium-Dark', 'rating': 91.0, 'loc_country': 'United States'}, {'name': 'Decaf Espresso', 'origin_1': 'Peru', 'origin_2': 'Tarrazu Growing Region', 'desc_1': 'Evaluated as espresso. Crisp, richly sweet. Dark chocolate, lily, caramelized walnut, grapefruit zest, fresh-cut fir in aroma and small cup. Lightly syrupy body; richly drying, citrus-toned finish. Chocolaty and floral-toned in three parts milk.', 'desc_2': 'This coffee was sourced by the importer Royal Coffee, decaffeinated at the Descamex plant in Mexico by a water-only process that does not involve use of solvents, and sold to roasters under the name “Royal Select Water Decaf.” Certified organically grown and Fair Trade, meaning it was purchased at a formula-determined “fair” or economically sustainable price. Jackrabbit Java selects the finest coffees from around the world and roasts them in Thermopolis, Wyoming’s mountain air. All Jackrabbit Java coffees are specialty-grade and roasted to order.Visit www.jackrabbitjava.com for more information.', 'desc_3': 'An inviting decaffeinated espresso laden with notes of dark chocolate and sweet florals. Particularly appealing in cappuccino-scaled milk.', 'roast': 'Medium-Light', 'rating': 89.0, 'loc_country': 'United States'}, {'name': 'Quadratic Wizard Blend', 'origin_1': 'Brazil', 'origin_2': 'Colombia', 'desc_1': 'Deep-toned, cocoa- and fruit-driven. Nectarine, cocoa powder, cashew butter, lily, agave syrup in aroma and cup. Sweet in structure with gentle, round acidity; full, syrupy mouthfeel. Sweetly cocoa-toned, nutty finish.', 'desc_2': 'A blend comprised of a natural-processed coffee from Brazil and two washed-process coffees, a Colombia and an Ethiopia. Founded in 2015 by roaster James Parrish, Rhetoric Coffee is roasted at CoRo, Bay Area Co-Roasters (www.corocoffee.com), a collaborative community roasting space in Berkeley, California. Visit www.rhetoriccoffee.com for more information.', 'desc_3': 'A deft blend of coffees, both washed and natural-processed, that nets a sweet, rich, chocolate- and fruit-toned cup. ', 'roast': 'Medium', 'rating': 93.0, 'loc_country': 'United States'}]","**Best match: Decaf Colombia Select**

- **Why it fits:** It’s **medium-light roasted decaf** with a **very lightly syrupy mouthfeel**, **sweet finish**, and **clean, nuanced flavor**.
- **Flavor cues:** **Sweet, delicate, floral, wood-toned** with **orange zest, demerara sugar, and faint rose-like flowers**.
- **Closest match to your description:** Light roast feel, smooth body, sweet ending, and refined complexity.

If you want, I can also rank the other decafs by how close they are to **smooth body + sweet finish + clean nuanced flavor**."
Paradise Roasters Ethiopia Awassa Yirgacheffe Ethiopia medium-light roast rating 93,"[{'name': 'Ethiopia Yirgacheffe Worka Sakaro', 'origin_1': 'Gedeb District', 'origin_2': 'Gedeo Zone', 'desc_1': 'Bright, juicy, citrusy. Star Jasmine, tangerine zest, cocoa nib, almond, hint of spearmint in aroma and cup. Sweet-tart structure with nimble acidity; very smooth, satiny mouthfeel. Floral-toned finish supported by notes of tangerine zest and almond.', 'desc_2': 'Southern Ethiopia coffees like this one are largely produced from traditional Ethiopian landrace varieties of Arabica long grown in the region. Processed by the washed method. Paradise Roasters specializes in micro-lot Arabica and Robusta coffees from Asia and other emerging origins. Paradise prides itself on quality and freshness, craft-roasting coffees in small batches only after orders are placed. Visit www.paradiseroasters.com or call 763-433-0626 for more information.', 'desc_3': 'A bright, citrus-driven cup with ballast from notes of cocoa nib and sweet mint and nut impulses.', 'roast': 'Medium-Light', 'rating': 95.0, 'loc_country': 'United States'}, {'name': 'Ethiopia Awassa', 'origin_1': 'Yirgacheffe', 'origin_2': 'Ethiopia', 'desc_1': 'Crisply sweet, multi-faceted. Candied violet, dark chocolate, pungent juniper wood, grapefruit zest, mango in aroma and cup. Sweetly tart structure with juicy acidity; satiny mouthfeel. The resonant finish centers around mango and violet in the short and dark chocolate in the long, with a hint of aromatic wood.', 'desc_2': 'Southern Ethiopia coffees like this one are produced from distinctive traditional Ethiopian varieties of Arabica long grown in the region. Like virtually all southern Ethiopia coffees, this coffee is produced by villagers on small garden plots interplanted with food and other subsistence crops. Processed by the wet or washed method (fruit skin and pulp are removed before drying). Paradise Roasters specializes in micro-lot Arabica and Robusta coffees from Asia and other emerging origins. The company prides itself on quality and freshness, craft-roasting coffees in small batches only after orders are placed. Visit www.paradiseroasters.com or call 763-433-0626 for more information.', 'desc_3': 'An engaging, confident Ethiopia cup with layered intrigue: flowers, fruit, aromatic wood.', 'roast': 'Medium-Light', 'rating': 93.0, 'loc_country': 'United States'}, {'name': 'Ethiopia Guji Laayoo Natural', 'origin_1': 'Uraga District', 'origin_2': 'Guji Zone', 'desc_1': 'Vibrant, high-toned, delicately fruity. Strawberry guava, pink grapefruit zest, lemon balm, spearmint, cocoa nib in aroma and cup. Balanced, sweetly tart with gently juicy acidity; silky, elegant mouthfeel. Cocoa-driven finish with undertones of citrus and sweet herbs.', 'desc_2': 'Produced by smallholding farmers near the Raro Nansebo Washing Station, from the 4110, 74112 and other local Ethiopia varieties of Arabica, and processed by the natural method (dried in the whole fruit). Paradise Roasters specializes in micro-lot Arabica and Robusta coffees from Asia and other emerging origins. Paradise prides itself on quality and freshness, craft-roasting coffees in small batches only after orders are placed. Visit www.paradiseroasters.com or call 763-433-0626 for more information.', 'desc_3': 'A heady, complex, nuanced natural Ethiopia cup with levity and balance; pairs beautifully with lemony baked goods.', 'roast': 'Light', 'rating': 95.0, 'loc_country': 'United States'}, {'name': 'Alaka Ethiopia', 'origin_1': 'Hambela Wamena', 'origin_2': 'Guji Zone', 'desc_1': 'Crisply sweet-tart, balanced. Pear, almond butter, magnolia, baking chocolate, molasses in aroma and cup. Brightly sweet-tart structure with lively acidity; crisp, satiny mouthfeel. Finish consolidates to notes of almond, pear and baking chocolate.', 'desc_2': 'Certified USDA organic. Produced at the Hambela Coffee Estate, owned and operated by METAD farm and mill. Southern Ethiopia produces distinctive coffees from traditional varieties of Arabica long grown in the region. JBC Coffee Roasters’ vision is simple: “let the coffee lead the way” through sourcing and roasting the best and most unique coffees available and rewarding the farmers who grow those coffees with substantial premiums. Visit www.jbccoffeeroasters.com or call 608-256-5282 for more information.', 'desc_3': 'A relaxing, laid-back Ethiopia cup with pretty almond and pear notes supported by crisp chocolate.', 'roast': 'Medium-Light', 'rating': 94.0, 'loc_country': 'United States'}, {'name': 'Ethiopia Suke Quto', 'origin_1': 'Guji Zone', 'origin_2': 'Oromia Region', 'desc_1': 'Delicate, sweetly spice-toned. Pink peppercorn, date, myrrh, lavender, roasted cacao nib in aroma and cup. Crisp, spice-toned structure with citrus-like acidity; satiny, very smooth mouthfeel. The crisply sweet finish centers around spice and pungent floral notes.', 'desc_2': 'This coffee tied for the third-highest rating in a tasting of 71 organic-certified coffees from Africa for Coffee Review’s November 2017 tasting report. Southern Ethiopia coffees like this one are produced from traditional Ethiopian varieties of Arabica long grown in the region. When processed by the wet or washed method (fruit skin and pulp are removed before drying) they typically express great aromatic complexity and intensity with a particular emphasis on floral notes. Like virtually all southern Ethiopia coffees, this one is produced by villagers on small, garden plots interplanted with food and other subsistence crops. Roast House is a small-batch, quality-focused roaster specializing in farm-direct organic-certified and Fair Trade Certified coffees. Visit roasthousecoffee.com or call 509-995-6500 for more information.', 'desc_3': 'Lavender-like flowers and hints of zesty pink peppercorn animate this crisply sweet wet-processed Ethiopia cup.', 'roast': 'Medium-Light', 'rating': 92.0, 'loc_country': 'United States'}]","**Paradise Roasters Ethiopia Awassa — Medium-Light Roast — Rating 93**

**Quick take:**  
A **bright, layered Ethiopia** with a **floral-fruity** profile and a polished, satiny cup.

**Flavor highlights:**
- **Candied violet**
- **Dark chocolate**
- **Juniper wood**
- **Grapefruit zest**
- **Mango**

**Cup style:**
- **Sweet-tart structure**
- **Juicy acidity**
- **Satiny mouthfeel**
- Finish leans **mango + violet**, with **dark chocolate** and a touch of **aromatic wood**

**Roast level:** Medium-Light  
**Quality rating:** 93.0

**Best for:**  
If you like **Ethiopian coffees with florals, citrus, and fruit complexity**, this looks like a very engaging choice.

If you want, I can also compare it directly to the other Paradise Ethiopia coffees in your context, like **Yirgacheffe Worka Sakaro** or **Guji Laayoo Natural**."
"Ethiopian coffee with floral and fruit notes, dark chocolate sweetness, and a silky body","[{'name': 'Ethiopia Yirgacheffe Botabaa Washed G1 21/01', 'origin_1': 'Ochere Woreda', 'origin_2': 'Gedeo Zone', 'desc_1': 'Sweetly tart, decidedly tropical. Ginger blossom, passionfruit, kukui nut, lemon verbena, sugarcane in aroma and cup. Sweet-tart structure with juicy, high-toned acidity; plush, syrupy mouthfeel. The finish is resonant, long, and flavor-saturated.', 'desc_2': 'Southern Ethiopia produces distinctive coffees from largely indigenous, traditional varieties of Arabica long grown in the region. Coffees like this one processed by the wet or washed method (fruit skin and pulp is removed before drying) typically express great aromatic complexity and intensity with a particular emphasis on citrus and floral notes. Kakalove Café is a nano-roaster located in the small city of Chia-Yi in Taiwan that strives to procure and roast the finest quality coffee. Visit www.kakalovecafe.com.tw or email [email\xa0protected] for more information.', 'desc_3': 'A high-toned, juicy-tart, downright heady washed Ethiopia cup with distinct tropical leanings.', 'roast': 'Medium-Light', 'rating': 94.0, 'loc_country': 'Taiwan'}, {'name': 'Ethiopia Botabaa', 'origin_1': 'Kochere District', 'origin_2': 'Gedeo Zone', 'desc_1': 'Round, deep, yet delicately lively, sweetly nut-toned. Roasted pistachio, caramel, date, lime, freesia in aroma and cup. Complexly layered structure with light-footed, engaging acidity; lightly satiny mouthfeel. Long, layered finish: lime and caramel.', 'desc_2': 'Southern Ethiopia produces distinctive coffees from largely indigenous, traditional selections of Arabica long grown in the region. Coffees like this one, processed by the traditional wet or washed method (fruit skin and pulp is removed before drying), typically express great aromatic complexity and intensity. Evie’s Café, based in Chia-Yi Taiwan, specializes in fine roasted coffees as well as pour-overs and cold brews. Visit https://m.facebook.com/eviescafe88/ for more information.', 'desc_3': 'A paradoxically strong-charactered yet light-footed washed Ethiopia, original in its layered date- and pistachio-toned aromatics.', 'roast': 'Medium-Light', 'rating': 93.0, 'loc_country': 'Taiwan'}, {'name': 'Ardent Ethiopia Natural', 'origin_1': 'Sidamo (Also Sidama) Growing Region', 'origin_2': 'South-Central Ethiopia', 'desc_1': 'Delicately sweet-tart, richly and intricately aromatic, deep-toned. Dried hibiscus flowers, bergamot, frankincense, lychee, boysenberry in aroma and cup. Confidently sweet-tart structure with sparkling acidity; silky, buoyant mouthfeel. The long, lingering flavor-saturated finish intoxicatingly blurs fruit and floral notes.', 'desc_2': 'This exceptional coffee was selected as the No. 5 coffee on Coffee Review’s list of the Top 30 Coffees of 2020.\xa0 A green coffee from Ardent Coffees, a newer specialized exporter of Ethiopia coffees. Southern Ethiopia coffees like this one are largely produced from distinctive indigenous Ethiopian landrace varieties of Arabica long grown in their respective regions. This is a dry-processed or “natural” version (coffee is dried inside the entire fruit). JBC Coffee Roasters’ vision is simple: “let the coffee lead the way” through sourcing and roasting the best and most unique coffees available and rewarding the farmers who grow those coffees with substantial premiums. Visit www.jbccoffeeroasters.com or call 608-256-5282 for more information.', 'desc_3': 'A natural-processed Ethiopia cup unique and thrilling in its dried fruit and floral aromatics carried by a flawless structure: high-toned, elegant, complex, complete.', 'roast': 'Medium-Light', 'rating': 97.0, 'loc_country': 'United States'}, {'name': 'Ethiopia Sidama Bona Sweet Natural G1', 'origin_1': 'Idamo (Also Sidama) Growing Region', 'origin_2': 'South-Central Ethiopia', 'desc_1': 'Chocolaty and fruit-centered. Dark chocolate, blueberry, jasmine, lemongrass, a hint of brandy in aroma and cup. Sweet-toned structure with gentle, round acidity; syrupy-smooth mouthfeel. Chocolate and flowers, in particular, carry into a resonant finish.', 'desc_2': 'Southern Ethiopia coffees like this one are largely produced from distinctive indigenous Ethiopian landrace varieties of Arabica long grown in their respective regions. This is a dry-processed or “natural” version, meaning the beans were dried inside the fruit rather than after the fruit has been removed, as is the case with wet-processed or “washed” coffees. Singsun Coffee is an artisanal coffee shop in Hsinchu, Taiwan operated by roastmaster Peng Shuai. Visit https://reurl.cc/k0aGYn for more information.', 'desc_3': 'A lush, deeply fruit-toned, sweetly fermenty natural Ethiopia cup.', 'roast': 'Medium-Light', 'rating': 93.0, 'loc_country': 'Taiwan'}, {'name': 'Banco Gotete Ethiopia', 'origin_1': 'Yirgacheffe Growing Region', 'origin_2': 'Southern Ethiopia', 'desc_1': 'Delicate, richly floral, sweetly spice-toned. Almond nougat, white peach, pink peppercorn, wisteria-like flowers, fragrant sandalwood in aroma and cup. Richly bittersweet structure with vibrant, juicy acidity; plush, syrupy mouthfeel. Resonant, flavor-saturated finish centers around peach, wisteria and sandalwood.', 'desc_2': 'Southern Ethiopia coffees like this one are produced largely from traditional indigenous Ethiopian varieties of Arabica long grown in the region. This lot was processed by the wet or washed method (fruit skin and pulp are removed before drying). Ethiopia coffees processed with this method typically express great aromatic complexity and intensity, with a particular emphasis on floral notes. JBC Coffee Roasters’ vision is simple: “let the coffee lead the way” through sourcing and roasting the best and most unique coffees available and rewarding the farmers who grow those coffees with substantial premiums. Visit www.jbccoffeeroasters.com or call 608-256-5282 for more information. ', 'desc_3': 'A nuanced, multi-layered washed Ethiopia cup with a deep floral profile and energetic lift from an elegant spice throughline.', 'roast': 'Medium-Light', 'rating': 94.0, 'loc_country': 'United States'}]","A great match from your context is:

**Ethiopia Sidama Bona Sweet Natural G1**

- **Why it fits:** It has **dark chocolate**, **blueberry**, and **jasmine** notes, plus a **syrupy-smooth mouthfeel** and **gentle, round acidity**.
- **Overall vibe:** **Chocolaty and fruit-centered** with floral lift and a silky body.

If you want something a bit more **floral-forward** with fruit complexity, this is another strong option:

**Ardent Ethiopia Natural**
- **Notes:** hibiscus, bergamot, lychee, boysenberry
- **Body:** **silky, buoyant mouthfeel**
- More **bright floral-fruit** than chocolate-driven.

**Best match for your description:** **Ethiopia Sidama Bona Sweet Natural G1**"
"Coffee with tart citrus brightness, tropical fruit, and a long chocolate finish","[{'name': 'Colombia Granja La Esperanza Tres Dragones', 'origin_1': 'Valle Del Cauca Growing Region', 'origin_2': 'Colombia', 'desc_1': 'Deeply fruity, sweetly fermenty, headily floral. Strawberry coulis, brandy, almond butter, toffee, honeysuckle in aroma and cup. Richly sweet-tart structure with juicy, bright acidity; viscous, syrupy mouthfeel. Sustained flavor-saturated finish.', 'desc_2': 'Produced by Rigoberto Herrera at Granja La Esperanza in Colombia, a producer that specializes in innovation, in this case applying a complex version of the natural process to successfully intensify sweetness and fruit to coffee from trees of the normally rather plain-tasting Colombia variety. Roasted at PT’s Coffee, where the motto is “without the love, it’s just coffee.” Visit www.ptscoffee.com or call 888-678-JAVA for more information.', 'desc_3': 'A bombshell of a coffee with enough personality to stand up to a lemon tart — for breakfast, of course.', 'roast': 'Medium-Light', 'rating': 94.0, 'loc_country': 'United States'}, {'name': 'Sumatra Tano Batak', 'origin_1': 'Lintong Growing Region', 'origin_2': 'North Sumatra Province', 'desc_1': 'Sweetly and deeply pungent: earth and chocolate. Rich dark chocolate, fresh-turned humus, black currant, magnolia, cedar in aroma and cup. Pungent, sweet-tart in structure, with a profound savory bottom. The mouthfeel is not particularly full, but smooth, satiny. Nothing is lost in a flavor-saturated finish.', 'desc_2': 'This coffee tied for the second-highest rating in a cupping of coffees from Sumatra for Coffee Review’s April 2019 tasting report. Coffees like this one from the northern part of the Indonesian island of Sumatra are valued for their complex earth and fruit notes that appear to result largely from unorthodox fruit removal and drying practices called “wet-hulling.” Gracenote Coffee is an espresso bar and roastery in Boston, Massachusetts. For more information, visit www.gracenotecoffee.com. ', 'desc_3': 'Classic Sumatra genius: chocolate and earth, sweet-savory berry, balanced and complete.', 'roast': 'Medium-Light', 'rating': 94.0, 'loc_country': 'United States'}, {'name': 'Signature Floral Orange', 'origin_1': 'Ethiopia', 'origin_2': 'Sumatra', 'desc_1': 'Evaluated as espresso. Rich, fruit-toned, balanced. Baker’s chocolate, pomegranate, gardenia, grapefruit zest, fresh-cut fir in aroma and small cup. Lean, smooth mouthfeel; gently drying, cocoa-toned finish, with hints of grapefruit zest. In cappuccino-scaled milk, baker’s chocolate is center stage, supported by notes of sweet-tart fruit.', 'desc_2': 'This is not an artificially flavored coffee. The blend name, Signature Floral Orange, refers to natural aroma and flavor notes that the blend aims to evoke. Creation Food Co. is a food service company with a specialty coffee division. It operates one of the few large-scale coffee production facilities in Taiwan. Visit www.creation.com.tw or call 0800-020-368 for more information.', 'desc_3': 'A subtly fruit-forward espresso blend, balanced by inviting chocolate suggestions and invigorating notes of citrus zest.', 'roast': 'Medium-Light', 'rating': 92.0, 'loc_country': 'Taiwan'}, {'name': 'Rhapsody of Dreams', 'origin_1': 'Kenya', 'origin_2': 'Colombia', 'desc_1': 'Chocolaty and floral-toned. Dark chocolate, freesia-like flowers, pluot, pink peppercorn, oak in aroma and cup. Sweet-tart structure with bright, sparkling acidity; very full, syrupy-smooth mouthfeel. Spice-toned, floral finish.', 'desc_2': 'A blend of coffees from Kenya and Colombia, both washed-process, designed for pour-over brewing. Evie’s Café, based in Chia-Yi Taiwan, specializes in fine roasted coffees as well as pour-overs and cold-brews. Visit https://m.facebook.com/eviescafe88/ for more information.', 'desc_3': 'A creative blend of two exceptional green coffees that nets a multi-layered and engaging cup: spice-toned, deeply chocolaty, richly floral.', 'roast': 'Medium-Light', 'rating': 94.0, 'loc_country': 'Taiwan'}, {'name': 'Karibu Espresso Blend', 'origin_1': 'Ethiopia', 'origin_2': 'Panama', 'desc_1': 'Evaluated as espresso. Crisply sweet-tart, spice-toned. Baker’s chocolate, cardamom, tart cherry, fir, almond butter in aroma and small cup. Creamy body; bittersweet, wood-framed finish. Cardamom-toned chocolate blooms in three parts milk, along with sweet nut and tart fruit notes.', 'desc_2': 'This coffee earned the second-highest rating in a tasting of “classic” espresso blends from Taiwanese roasters for Coffee Review’s June 2019 report. Comprised of three natural-processed Ethiopia coffees (Yirgacheffe, Gotiti and Shakisso) and a washed Panama Santa Clara Hartmann. De Clieu Coffee is a Taiwan-based roaster whose mission it is to explore extraordinary coffees. For more information, visit https://m.facebook.com/declieucoffeetaipei.', 'desc_3': 'An unusual espresso blend, sweet and tart, with intriguing spice notes suggesting cardamom.', 'roast': 'Light', 'rating': 92.0, 'loc_country': 'Taiwan'}]","Based on the context, the **best match** for **tart citrus brightness, tropical fruit, and a long chocolate finish** is:

**Rhapsody of Dreams**  
- **Bright acidity:** sweet-tart, sparkling  
- **Fruit character:** pluot, floral-fruity complexity  
- **Chocolate finish:** dark chocolate with a rich, sustained finish  
- **Extra notes:** floral, spice-toned complexity

If you want, I can also help narrow this to the **closest single-note match** for:
- **more citrus-forward**
- **more tropical-fruit forward**
- **more chocolate-heavy**"
High-scoring light-medium washed coffee with juicy acidity and layered aromatic complexity,"[{'name': 'COE Brazil Naturals 2017 Sitio Esperanza 7th place', 'origin_1': 'Mantiqueira De Minas Growing Region', 'origin_2': 'Southern Minas Gerais State', 'desc_1': 'High-toned, richly sweet-tart. Baker’s chocolate, hibiscus tea, floral vanilla, tangerine zest, brown sugar in aroma and cup. Sweetly bright in structure, with gentle acidity; plush, syrupy mouthfeel. The sweetly tart finish is gently drying, consolidating around notes of hibiscus tea and baker’s chocolate.', 'desc_2': ' This coffee tied for the second-highest rating in a cupping of coffees from Brazil for Coffee Review’s May 2018 tasting report. As a green coffee, it also took seventh place in the 2017 Cup of Excellence juried competition for natural or dry-processed Brazil coffees, meaning coffees that were dried in the entire fruit rather than after the fruit has been removed, as is the case with wet- or “washed”-processed coffees. Naturals form the backbone of the Brazil coffee industry, but this prize-winning lot reflects a particularly refined approach to the method. Dragonfly Coffee is a Boulder, Colorado-based micro-roaster that produces high-quality coffees and supports worthy causes. Visit www.dragonflycoffeeroasters.com or call 303-579-2154 for more information.', 'desc_3': 'A crisp, chocolate-toned Brazil natural cup, with inviting notes of dried hibiscus and vanilla-like florals.', 'roast': 'Medium-Light', 'rating': 92.0, 'loc_country': 'United States'}, {'name': 'Maui Kupa’a Orange Bourbon', 'origin_1': 'Kula', 'origin_2': 'Island Of Maui', 'desc_1': 'Bright, crisply sweet-tart. Peach, honeysuckle, cinnamon, cedar, cacao nib in aroma and cup. Richly sweet, high-toned structure with citrusy acidity; crisp, silky mouthfeel. Peach and honeysuckle carry the short finish, while cocoa-toned cedar resurfaces in the long. ', 'desc_2': 'This exceptional coffee was selected as the No. 16 coffee on Coffee Review’s list of the Top 30 Coffees of 2019. This coffee also tied for the second-highest rating in a cupping of Hawai’i-grown coffees for Coffee Review’s May 2019 tasting report. Produced by Gerry Ross and Janet Simpson at Kupa’a Farms entirely of the Orange Bourbon variety of Arabica, and processed by the wet or “washed” method, in which skin and fruit flesh are removed from the beans or seeds before they are dried. Founded by roaster Heather Brisson-Lutz in 2018, Origin Coffee Roasters highlights the origin of each carefully selected coffee with a roast profile that highlights the specific characteristics of the green. Visit www.origincoffeemaui.com for more information.', 'desc_3': 'A window into the great potential of higher-grown, cool-climate Maui coffee: bright but balanced, sweet-toned, and subtly nuanced. Grown in Kula, an agricultural zone on the western-facing slopes of Mount Haleakala and source of most of the island’s locally grown fruits and vegetables.', 'roast': 'Medium-Light', 'rating': 93.0, 'loc_country': ""Hawai'i""}, {'name': 'Costa Rica La Rejolla Washed Geisha', 'origin_1': 'Lourdes De Naranjo', 'origin_2': 'West Valley', 'desc_1': 'Richly aromatic, floral-toned. Orange blossom, baking chocolate, vanilla bean, apricot, the scent of oak forest in aroma and cup. Crisply sweet structure with floral acidity; very smooth, full mouthfeel. The chocolaty finish is supported by notes of orange blossom and vanilla bean.', 'desc_2': 'Produced by Francisco A. Mena at Sumava de Lourdes Farm entirely of the Geisha (also spelled Gesha) variety of Arabica, and processed by the washed method (fruit skin and flesh are removed from the beans before they are dried). Willoughby’s Coffee & Tea is a pioneer specialty coffee roaster established in the early 1980s that has gracefully and successfully moved with the\xa0 times and now offers a menu of extremely refined small-lot, single-origin coffees. Visit www.willoughbyscoffee.com or call 800-388-8400 for more information.', 'desc_3': 'A deeply aromatic washed Costa Rica Geisha with the lavish florals this variety is known for, supported by bright fruit and sweet chocolate.', 'roast': 'Medium-Light', 'rating': 94.0, 'loc_country': 'United States'}, {'name': 'Ka’u Champagne Natural', 'origin_1': ""Ka'U Growing Region"", 'origin_2': ""Big Island Of Hawai'I"", 'desc_1': 'Vibrant, juicy, brightly fruit-toned and spicily floral. Wild strawberry, honey, dried gardenia, pistachio butter, pink peppercorn in aroma and cup. Sweet-tart structure with crisp, fresh acidity; viscous, lively mouthfeel. The finish amplifies rich floral and fruit with support from deep spice and earthy honey suggestions.', 'desc_2': 'This coffee tied for the highest rating in a cupping of Hawai’i-grown coffees for Coffee Review’s May 2019 tasting report. This Ka’u coffee, comprised mostly of the Typica and Caturra varieties of Arabica, was processed using an unusual sequence of procedures. It was first fermented in the whole fruit with wine yeasts added to the tank, then dried in the whole fruit, making it, in effect, a fermented natural. Paradise Roasters specializes in micro-lot Arabica and Robusta coffees from Asia and other emerging origins. The company prides itself on quality and freshness, craft-roasting coffees in small batches only after orders are placed. Visit www.paradiseroasters.com or call 763-433-0626 for more information. ', 'desc_3': 'Adventures in wine yeast: Two of Hawai’i’s (and the world’s) most common coffee varieties are elevated by an experimental fermentation method that results in a beverage that evokes Champagne — fruity but dry, not effervescent, but exceptionally vibrant.', 'roast': 'Light', 'rating': 94.0, 'loc_country': 'United States'}, {'name': 'Ka‘ū Lactic Natural', 'origin_1': 'Ka‘Ū', 'origin_2': 'Big Island Of Hawai‘I', 'desc_1': 'Voluptuous, juicy, unique. Starfruit, cocoa nib, star jasmine, amber, wild strawberry in aroma and cup. High-toned, vibrantly sweet structure with bright, balanced acidity; viscous, syrupy mouthfeel. Resonantly, long, lingering finish, fruity and deep.', 'desc_2': '\xa0Produced by Miranda Farms, entirely of the Red Catuai variety of Arabica and processed by an experimental natural method involving the inoculation of the cherries with lactic acid-producing organisms in a low oxygen environment for several days, then drying them on screens in a dehumidified room. Paradise prides itself on quality and freshness, craft-roasting coffees in small batches only after orders are placed. Visit www.paradiseroasters.com or call 763-433-0626 for more information.', 'desc_3': 'A uniquely composed, experimentally processed Ka‘ū cup, produced in very small quantities and worth seeking out.', 'roast': 'Medium-Light', 'rating': 95.0, 'loc_country': 'United States'}]","Based on your description, the **best match in the provided context** is:

### **Costa Rica La Rejolla Washed Geisha**
- **Roast Level:** **Medium-Light**
- **Why it fits:**  
  - **Juicy, layered acidity:** “floral acidity” with bright fruit
  - **Aromatic complexity:** orange blossom, apricot, vanilla bean, oak forest, baking chocolate
  - **High-scoring:** **94.0**
  - **Washed process:** yes, which often gives a cleaner, brighter profile

### Also worth noting:
#### **Maui Kupa’a Orange Bourbon**
- **Roast Level:** **Medium-Light**
- **Quality Rating:** **93.0**
- **Profile:** bright, sweet-tart, citrusy acidity with peach, honeysuckle, cinnamon, cedar, cacao nib  
- A great option if you want **juicy but a little more citrus-driven**

### If you want the most “juicy + aromatic” pick:
1. **Costa Rica La Rejolla Washed Geisha**
2. **Maui Kupa’a Orange Bourbon**
3. **Ka’u Champagne Natural** if you want even more fruit intensity, though it’s a **light** roast and a natural-style process rather than washed

If you'd like, I can also rank these by **acidity, florality, or sweetness**."
"Sweet, complex Ethiopia coffee for pour over with fruit, floral, and cocoa notes","[{'name': 'Organic Ethiopia Chelbessa Danche', 'origin_1': 'Worka Chelbessa', 'origin_2': 'Gedeb', 'desc_1': 'Crisply sweet, cocoa-toned. Cocoa nib, apricot, fresh-cut fir, agave syrup, hazelnut butter in aroma and cup. Sweet in structure with pert acidity; velvety mouthfeel. Cocoa-toned finish with supporting notes of hazelnut and fresh-cut fir.', 'desc_2': 'Certified USDA organic. Southern Ethiopia coffees like this one are produced from traditional Ethiopian varieties of Arabica long grown in the region. Processed by the wet or washed method (fruit skin and pulp are removed before drying). Ethiopia coffees processed with this method typically express great aromatic complexity and intensity, with a particular emphasis on floral notes. Wonderstate Coffee, formerly Kickapoo Coffee, is an award-winning roaster based in rural Wisconsin known for its commitment to guaranteeing higher pay for farmers and being the country’s first 100% solar-powered roastery. Visit https://wonderstate.com/ for more information.', 'desc_3': 'A friendly, accessible Ethiopia cup with pleasing cocoa notes throughout, complicated by stone fruit and aromatic wood.', 'roast': 'Medium-Light', 'rating': 91.0, 'loc_country': 'United States'}, {'name': 'Benti Nenqa #209 Ethiopia', 'origin_1': 'Guji Zone', 'origin_2': 'Oromia Region', 'desc_1': 'Delicately intricate, deeply sweet. Passion fruit, jasmine, sandalwood, cocoa nib, tangerine zest in aroma and cup. Juicy, effervescent acidity; silky, confident mouthfeel. The finish is crisply tart with sweet floral and cocoa tones in the short.', 'desc_2': 'Southern Ethiopia coffees like this one are largely produced from distinctive indigenous Ethiopian varieties of Arabica long grown in the region. Processed by the natural method (dried in the whole fruit). JBC Coffee Roasters’ vision is simple: “let the coffee lead the way” through sourcing and roasting the best and most unique coffees available and rewarding the farmers who grow those coffees with substantial premiums. Visit www.jbccoffeeroasters.com or call 608-256-5282 for more information.\xa0', 'desc_3': 'A complex and multilayered natural-processed Ethiopia cup: fruit-forward with floral, aromatic wood, citrus and cocoa intrigue.', 'roast': 'Medium-Light', 'rating': 94.0, 'loc_country': 'United States'}, {'name': 'Ethiopia Guji Uraga', 'origin_1': 'Guji Zone', 'origin_2': 'Southern Ethiopia', 'desc_1': 'Crisp, delicate, richly sweet. Red plum, cocoa nib, jasmine, sandalwood, brown sugar in aroma and cup. Sweet-toned structure with vivacious acidity; plush, syrupy mouthfeel. Cocoa-toned plum and a hint of jasmine animate the quiet finish.', 'desc_2': 'This coffee tied for the second-highest rating in a cupping of coffees submitted by North American roasters in business for two or fewer years for Coffee Review’s October 2019 tasting report. Southern Ethiopia coffees like this one are largely produced from distinctive indigenous Ethiopian varieties of Arabica long grown in the region. Processed by the wet or washed method (fruit skin and pulp are removed before drying). Based on the notion that fantastic coffee isn’t only for hipsters, Tim Taylor founded Pedestrian Coffee in 2018. Visit www.drinkpedestrian.com for more information.', 'desc_3': 'A washed-process Ethiopia cup with leading notes of stone fruit and spicy florals and an especially inviting texture.', 'roast': 'Medium-Light', 'rating': 93.0, 'loc_country': 'United States'}, {'name': 'Ethiopia Yirgacheffe Botabaa Washed G1 21/01', 'origin_1': 'Ochere Woreda', 'origin_2': 'Gedeo Zone', 'desc_1': 'Sweetly tart, decidedly tropical. Ginger blossom, passionfruit, kukui nut, lemon verbena, sugarcane in aroma and cup. Sweet-tart structure with juicy, high-toned acidity; plush, syrupy mouthfeel. The finish is resonant, long, and flavor-saturated.', 'desc_2': 'Southern Ethiopia produces distinctive coffees from largely indigenous, traditional varieties of Arabica long grown in the region. Coffees like this one processed by the wet or washed method (fruit skin and pulp is removed before drying) typically express great aromatic complexity and intensity with a particular emphasis on citrus and floral notes. Kakalove Café is a nano-roaster located in the small city of Chia-Yi in Taiwan that strives to procure and roast the finest quality coffee. Visit www.kakalovecafe.com.tw or email [email\xa0protected] for more information.', 'desc_3': 'A high-toned, juicy-tart, downright heady washed Ethiopia cup with distinct tropical leanings.', 'roast': 'Medium-Light', 'rating': 94.0, 'loc_country': 'Taiwan'}, {'name': 'Ethiopia Halo Hartume Daniel Mijane', 'origin_1': 'Yirgacheffe Growing Region', 'origin_2': 'Southern Ethiopia', 'desc_1': 'Delicately vibrant, crisply sweet-tart. Peach, cocoa nib, lilac, pink grapefruit zest, pistachio in aroma and cup. Balanced, sweetly tart in structure; richly silky mouthfeel. The satisfying finish consolidates to notes of cocoa-toned stone fruit.', 'desc_2': 'Southern Ethiopia coffees like this one are largely produced from traditional Ethiopian varieties of Arabica long grown in the region. This lot was processed by the wet or washed method (fruit skin and pulp are removed before drying). Southern Ethiopia coffees processed with this method typically express great aromatic complexity and intensity, with a particular emphasis on floral notes. Old World Coffee Lab is a specialty coffee roaster with cafes in Reno and Carson City, Nevada. Visit www.oldworldcoffee.co for more information.\xa0', 'desc_3': 'A high-toned, elegant washed Yirgacheffe cup with a floral and stone fruit throughline.', 'roast': 'Medium-Light', 'rating': 94.0, 'loc_country': 'United States'}]","For a **sweet, complex Ethiopia pour over** with **fruit, floral, and cocoa notes**, my top pick from the context is:

## **Best Match: Ethiopia Halo Hartume Daniel Mijane**
- **Why it fits:**  
  - **Fruit:** peach  
  - **Floral:** lilac  
  - **Cocoa:** cocoa nib  
  - Also has **pink grapefruit zest** and a **silky mouthfeel**, which should make the cup feel layered and elegant.
- **Style:** high-toned, elegant washed Yirgacheffe with a floral and stone fruit throughline
- **Roast:** Medium-Light

## **Strong Runner-Up: Benti Nenqa #209 Ethiopia**
- **Why it fits:**  
  - **Fruit:** passion fruit, tangerine zest  
  - **Floral:** jasmine  
  - **Cocoa:** cocoa nib  
  - More **juicy and effervescent**, with a very complex natural-process profile.
- If you want the cup to lean **brighter and more fruit-forward**, this is a great choice.

## **If you want a softer, cocoa-leaning cup: Organic Ethiopia Chelbessa Danche**
- **Why it fits:**  
  - **Fruit:** apricot  
  - **Floral:** aromatic complexity with emphasis on floral notes  
  - **Cocoa:** cocoa nib, cocoa-toned finish  
- More **balanced and velvety**, with a friendly, accessible profile.

# Pour Over Recipe
**Brew Method:** V60 / Pour Over  
* **Coffee:** 20g  
* **Water:** 320g @ 94°C / 201°F  
* **Grind Size:** Medium-coarse like kosher salt  
* **Total Time:** 2:45–3:30 mins  

**Step-by-Step Instructions:**
1. Rinse your filter and preheat the dripper and server.
2. Add **20g coffee** and start with **40g water** for a 30–45 second bloom.
3. Pour in slow spirals up to **320g total water**.
4. Keep the water level steady with gentle pours to avoid stalling.
5. Let it draw down completely and taste. If it’s too sharp, grind slightly finer; if it’s too heavy, grind a bit coarser.

If you want, I can also rank these specifically for **the sweetest cup**, **the most floral cup**, or **the best for a beginner pour over**."
Hula Daddy Kona Coffee 100% Kona SL-28 Medium-Light Hawai'i Holualoa North Kona Growing District rating 97 November 2017,"[{'name': '100% Kona SL-28', 'origin_1': 'Holualoa', 'origin_2': 'North Kona Growing District', 'desc_1': 'Spectacularly sweet and hugely aromatic. Meyer lemon marmalade, cedar, pistachio, guava, jasmine in aroma and cup. Crisply sweet/tart and massively juicy in structure; plush, buoyant mouthfeel. The juicy structure and complex aromatics persist in a long, lingering finish.   ', 'desc_2': 'This exceptional coffee was selected as the No. 2 coffee on Coffee Review’s list of the Top 30 Coffees of 2017.\xa0 Hula Daddy is a boutique coffee producer with farms at the 1,400 and 2,500 foot levels of the Mount Hualalai volcano near the northern end of the Kona growing district, five minutes above the town of Kailua-Kona. This coffee was produced entirely from trees of the distinguished SL-28 variety of Arabica, the most celebrated of the Bourbon-derived tree varieties responsible for Kenya’s finest coffees. This SL-28 was grown at the higher elevation Hula Daddy farm and processed with the ferment step conducted “dry” (no water added to the tank) using a commercial yeast. It is a limited edition coffee only available for sale through the allocation list on the Hula Daddy website. Visit www.huladaddy.com or call 888-553-2339 for more information.', 'desc_3': 'Coffee simply doesn’t get much better than this. Transcendently classic.', 'roast': 'Medium-Light', 'rating': 97.0, 'loc_country': ""Hawai'i""}, {'name': 'Laura’s Reserve SL-28', 'origin_1': 'Holualoa', 'origin_2': 'North Kona Growing District', 'desc_1': 'Classic, balanced, rich-toned. Honeysuckle, red currant, toffee, dried coconut, mango in aroma and cup. Sweetly tart in structure with bright acidity; velvety-smooth mouthfeel. The finish consolidates to toffee-toned red currant in the short and coconut in the long.', 'desc_2': 'This coffee tied for the second-highest rating in a cupping of Hawai’i-grown coffees for Coffee Review’s May 2019 tasting report. Hula Daddy is a boutique coffee producer with farms at the 1,400 and 2,500 foot levels of the Mount Hualalai volcano near the northern end of the Kona growing district, five minutes above the town of Kailua-Kona. This coffee was produced entirely from trees of the distinguished SL-28 variety of Arabica, the most celebrated of the Bourbon-derived tree varieties responsible for Kenya’s finest coffees. This SL-28 was grown at the higher elevation Hula Daddy farm and processed with the ferment step conducted “dry” (no water added to the tank) using a commercial yeast. It is a limited-edition coffee only available for sale through the allocation list on the Hula Daddy website. Visit www.huladaddy.com or call 888-553-2339 for more information. ', 'desc_3': 'A classic SL-28 cup, juicy-sweet with leading notes of red fruit and spice-toned sweet florals, supported by suggestions of buttery toffee.', 'roast': 'Medium-Light', 'rating': 93.0, 'loc_country': ""Hawai'i""}, {'name': 'Kahiko', 'origin_1': 'Holualoa', 'origin_2': 'North Kona Growing District', 'desc_1': 'Richly chocolaty, harmoniously juicy and bright. Dark chocolate fudge, pomelo, star jasmine, cedar, marjoram in aroma and cup. Sweet-savory structure with complex, bittersweet acidity; full, creamy mouthfeel. Resonant, long, flavor-laden finish.', 'desc_2': 'Produced entirely from trees of the Kona Typica variety of Arabica and grown on Hula Daddy’s lower-elevation farm; processed by the washed method (fruit skin and flesh are removed from the beans before they are dried). Hula Daddy is a boutique coffee producer with farms at the 1,400 and 2,500-foot levels of the Mount Hualalai volcano near the northern end of the Kona growing district, five minutes above the town of Kailua-Kona. Visit www.huladaddy.com or call 808-327-9744 for more information.', 'desc_3': 'An exceptional Kona Typica cup deftly roasted to bring out rich dark chocolate and high-toned citrus notes in satisfying balance, with a throughline of tropical floral notes.', 'roast': 'Medium-Light', 'rating': 96.0, 'loc_country': ""Hawai'i""}, {'name': 'Kona Natural Espresso', 'origin_1': 'Holualoa', 'origin_2': 'North Kona Growing District', 'desc_1': 'Evaluated as espresso. Richly chocolaty, sweetly nutty, subtly fruity. Nutella, dried red currant, magnolia, pink grapefruit zest, rosewood in aroma and small cup. Crisp, syrupy mouthfeel; the dessert-like finish centers around notes of Nutella and magnolia. In three parts milk, plush, flavor-saturated and lingering.', 'desc_2': 'Produced by Karen and Lee Patterson, of Hula Daddy Farm, entirely of the Kona Typica variety of Arabica, and processed by the natural anaerobic method (whole fruit is fermented in hermetically sealed vessels before drying) with the addition of wine yeasts during fermentation. Hula Daddy is a boutique coffee producer with farms at the 1,400- and 2,500-foot levels of the Mount Hualalai volcano near the northern end of the Kona growing district, five minutes above the town of Kailua-Kona. Visit www.huladaddy.com or call 888-553-2339 for more information. This new coffee is available by email: [email\xa0protected].\xa0', 'desc_3': 'A Kona on steroids: Hula Daddy is just beginning to roast for espresso applications, and this natural Kona, grown on the company’s higher-altitude farm, impressively captures the classic potential of Kona Typica in espresso format.', 'roast': 'Medium-Light', 'rating': 95.0, 'loc_country': ""Hawai'i""}, {'name': '‘Ōpio Kona', 'origin_1': 'Holualoa', 'origin_2': 'North Kona Growing District', 'desc_1': 'Chocolaty, crisply sweet. Baking chocolate, date, hazelnut, magnolia, a hint of marjoram in aroma and cup. Sweet structure with gentle, round acidity; plush, syrupy mouthfeel. Crisp, chocolaty finish.', 'desc_2': 'Produced by the Stille family entirely of the Gesha (also spelled Geisha) variety of Arabica, and processed by the washed method (fruit skin and flesh are removed from the beans before they are dried). This is an early harvest of the Monarch Estate Hawaiian Gesha and roasted a bit darker than the farm’s main harvest of that variety. Monarch Coffee is an award-winning coffee farm and specialty roaster of 100% estate-grown Kona coffee on the Big Island of Hawai’i. Visit www.monarchcoffee.com\xa0for more information.', 'desc_3': 'An easy-drinking medium-roasted Hawaiian Gesha cup, deep and chocolaty.', 'roast': 'Medium-Light', 'rating': 91.0, 'loc_country': ""Hawai'i""}]","**Coffee:** Hula Daddy Kona Coffee 100% Kona SL-28  
**Origin:** Holualoa, North Kona Growing District, Hawai'i  
**Roast Level:** Medium-Light  
**Quality Rating:** 97/100  
**Tasting Notes:** Meyer lemon marmalade, cedar, pistachio, guava, jasmine  
**Cup Character:** Crisply sweet-tart, massively juicy, plush mouthfeel, long lingering finish  

**Quick Summary:**  
- This is a **top-tier Kona SL-28** from Hula Daddy’s higher-elevation farm.  
- It was **selected as No. 2 on Coffee Review’s Top 30 Coffees of 2017**.  
- The profile is **very aromatic, bright, and intensely juicy**, with a classic SL-28 character.  
- Processing included a **dry ferment step with commercial yeast**.  

If you want, I can also turn this into a **brew recommendation** for pour-over or espresso."
"Which coffee has sweet citrus and floral aromatics, a heavy juicy body, and a long lingering finish?","[{'name': 'Sumatra Lintong', 'origin_1': 'Lintong Growing Region', 'origin_2': 'North Sumatra Province', 'desc_1': 'Simultaneously citrusy and floral, yet deeply resonant and tobacco-toned. Cocoa, pink grapefruit zest, perique (fermented) tobacco, sandalwood, aromatic orchid in aroma and cup. Sweetly and exhilaratingly tart in structure; light, juicy mouthfeel. Grapefruit, sandalwood and flowers carry gracefully into a long, layered finish.', 'desc_2': 'This exceptional coffee was selected as the No. 23 coffee on Coffee Review’s list of the Top 30 Coffees of 2019. This coffee also achieved the highest rating in a cupping of coffees from Sumatra for Coffee Review’s April 2019 tasting report. Coffees from the northern part of the Indonesian island of Sumatra are valued for their complex earth and fruit notes that appear to result largely from unorthodox fruit removal and drying practices called “wet-hulling.” This is a particularly refined example of the type, branded Tano Batak by the exporters, Olam specialty Coffee and produced in the admired Lintong region south of Lake Toba. Peach Coffee Roasters is an Atlanta, Georgia-based specialty roaster. Visit www.peachcoffeeroasters.com for more information.', 'desc_3': 'Bright and vivacious, yet resonantly deep: a Sumatra for all seasons.', 'roast': 'Medium', 'rating': 95.0, 'loc_country': 'United States'}, {'name': 'Signature Floral Orange', 'origin_1': 'Ethiopia', 'origin_2': 'Sumatra', 'desc_1': 'Evaluated as espresso. Rich, fruit-toned, balanced. Baker’s chocolate, pomegranate, gardenia, grapefruit zest, fresh-cut fir in aroma and small cup. Lean, smooth mouthfeel; gently drying, cocoa-toned finish, with hints of grapefruit zest. In cappuccino-scaled milk, baker’s chocolate is center stage, supported by notes of sweet-tart fruit.', 'desc_2': 'This is not an artificially flavored coffee. The blend name, Signature Floral Orange, refers to natural aroma and flavor notes that the blend aims to evoke. Creation Food Co. is a food service company with a specialty coffee division. It operates one of the few large-scale coffee production facilities in Taiwan. Visit www.creation.com.tw or call 0800-020-368 for more information.', 'desc_3': 'A subtly fruit-forward espresso blend, balanced by inviting chocolate suggestions and invigorating notes of citrus zest.', 'roast': 'Medium-Light', 'rating': 92.0, 'loc_country': 'Taiwan'}, {'name': 'Floral Samurai', 'origin_1': 'Colombia', 'origin_2': 'Guatemala', 'desc_1': 'Evaluated as espresso. Richly chocolaty, sweetly nut-toned. Dark chocolate, almond butter, narcissus, gently scorched cedar, date in aroma and small cup. Full, syrupy-smooth mouthfeel; crisply sweet, chocolate- and nut-toned finish. In three parts milk, chocolate notes predominate, with undertones of gently scorched cedar and narcissus.', 'desc_2': 'A blend of coffees from Colombia, Guatemala, Brazil and Ethiopia roasted for espresso. Flower Coffee Workshop is a nano-roastery and coffee shop in Taichung, Taiwan. Visit https://www.facebook.com/flowercoffee20180526/ for more information.', 'desc_3': 'An espresso blend particularly appealing in three parts milk, with sweet floral, rich chocolate, and deep nut tones. ', 'roast': 'Medium', 'rating': 93.0, 'loc_country': 'Taiwan'}, {'name': 'Rhapsody of Dreams', 'origin_1': 'Kenya', 'origin_2': 'Colombia', 'desc_1': 'Chocolaty and floral-toned. Dark chocolate, freesia-like flowers, pluot, pink peppercorn, oak in aroma and cup. Sweet-tart structure with bright, sparkling acidity; very full, syrupy-smooth mouthfeel. Spice-toned, floral finish.', 'desc_2': 'A blend of coffees from Kenya and Colombia, both washed-process, designed for pour-over brewing. Evie’s Café, based in Chia-Yi Taiwan, specializes in fine roasted coffees as well as pour-overs and cold-brews. Visit https://m.facebook.com/eviescafe88/ for more information.', 'desc_3': 'A creative blend of two exceptional green coffees that nets a multi-layered and engaging cup: spice-toned, deeply chocolaty, richly floral.', 'roast': 'Medium-Light', 'rating': 94.0, 'loc_country': 'Taiwan'}, {'name': 'Sumatra Gayo G1 Triple-Picked Lot 005', 'origin_1': 'Aceh Province', 'origin_2': 'Sumatra', 'desc_1': 'Sweetly earth-toned, deeply floral. Petrichor, honeysuckle, Dark chocolate, petrichor, honeysuckle, nectarine, fine pipe tobacco in aroma and cup. Sweet-savory structure with vibrant, juicy acidity; full, syrupy mouthfeel. Deep, resonant finish consolidates to notes of petrichor and honeysuckle with dark chocolate undertones.', 'desc_2': 'Coffees from the northern part of the Indonesian island of Sumatra are valued for their complex earth and fruit notes that appear to result largely from unorthodox fruit removal and drying practices called “wet-hulling.” This is a particularly refined example of the type. Kakalove Café is a nano-roaster located in the small city of Chia-Yi in Taiwan that strives to procure and roast the finest quality coffee. Visit www.kakalovecafe.com.tw or email [email\xa0protected] for more information.', 'desc_3': 'A classic Sumatra cup: vibrantly earthy, richly sweet and balanced — harmonizing high-toned stone fruit and floral notes with deep chocolate and sweet earth.', 'roast': 'Medium-Light', 'rating': 94.0, 'loc_country': 'Taiwan'}]","The best match is **Sumatra Lintong**.

**Why it fits:**
- **Sweet citrus and floral aromatics**: pink grapefruit zest, orchid, flowers
- **Heavy/juicy body**: light, juicy mouthfeel with a rich structure
- **Long lingering finish**: grapefruit, sandalwood, and flowers carry into a long, layered finish

If you want, I can also compare it with **Sumatra Gayo G1** since that one is similarly floral and juicy."
"Looking for a lightly to medium-light roasted Hawaiian coffee with lemony sweetness, tropical fruit, jasmine-like notes, and a plush mouthfeel","[{'name': 'Estate Medium Roast', 'origin_1': ""Ka'U Growing Region"", 'origin_2': 'Big Island Of Hawaii', 'desc_1': 'Deeply sweet, delicately zesty, complexly fruit- and floral-toned. Peach, grapefruit zest, alyssum-like flowers, dark chocolate, cinnamon in aroma and cup. Sweetly tart in structure, with a deepening savory-bitter edge. Light, satiny mouthfeel; flavor saturates a deep, richly floral and chocolate-toned finish.', 'desc_2': 'Ka’u is an emerging Hawaii coffee-growing district centered approximately 30 miles southeast of the famous Kona region. This Ka’u is produced by the Palehua Ohana Cooperative of small-holding Ka’u farmers, an organization dedicated to impeccable socio-economic and environmental practices. It was processed using the wet or “washed” method, in which skin and fruit flesh are removed from the beans or seeds before they are dried. Visit www.kauspecialtycoffee.com for more information.', 'desc_3': 'A coffee both classic in its crisp clarity and subtly original in its high-toned fruit and floral aromatics.', 'roast': 'Medium-Light', 'rating': 93.0, 'loc_country': ""Hawai'i""}, {'name': 'Hawai’i Ka’u Champagne Natural', 'origin_1': 'Ka’U Growing Region', 'origin_2': 'Big Island Of Hawai’I', 'desc_1': 'Deeply sweet, tropical. Pineapple, lychee, baking chocolate, jasmine, lemon verbena in aroma and cup. Sweetly tart with very lively, phosphoric acidity; silky-smooth mouthfeel. The finish is fruit-driven with jasmine undertones.', 'desc_2': 'Produced by smallholding farmers from trees of the Typica, Caturra and Catuai varieties of Arabica and fermented in the whole fruit with wine yeasts, then dried, still in the whole fruit. Paradise Roasters specializes in micro-lot Arabica and Robusta coffees from Asia and other emerging origins. The company prides itself on quality and freshness, craft-roasting coffees in small batches only after orders are placed. Visit www.paradiseroasters.com or call 763-433-0626 for more information.', 'desc_3': 'An experimentally processed coffee from the Big Island’s Ka’u region, tropical in its suggestions, dessert-like in its sweetness.', 'roast': 'Medium-Light', 'rating': 93.0, 'loc_country': 'United States'}, {'name': 'Kauai Estate Reserve Sun-Dried Typica', 'origin_1': 'Kalaheo', 'origin_2': 'Kauai', 'desc_1': 'Balanced, crisply sweet. Cocoa, peach, oak, almond, grapefruit zest in aroma and cup. Sweet-toned, brisk structure with a savory edge; soft, plush mouthfeel. Peach, nut and oak carry into a sweet-toned though roundly drying finish. ', 'desc_2': 'Kauai Coffee, Hawaii’s largest coffee producer, operates a popular visitor center and tasting room on its farm on the south coast of the Hawaiian island of Kauai.\xa0 This coffee is a special, small-lot offering consisting entirely of the classic Hawaiian Typica variety, which is hand-picked, processed by the traditional ferment-and-wash method, and sun-dried. Visit www.kauaicoffee.com for more information.', 'desc_3': 'Quiet, round, crisply balanced, with sweet stone fruit and cocoa supported by savory-leaning nut and oak.', 'roast': 'Medium-Light', 'rating': 90.0, 'loc_country': ""Hawai'i""}, {'name': 'Ka’u Pink Honey', 'origin_1': ""Ka'U District"", 'origin_2': 'Big Island Of Hawai’I', 'desc_1': 'Tropically sweet, floral-driven. Star jasmine, mango, date, macadamia nut, amber in aroma and cup. Sweet-tart structure with gently bright acidity; delicately confident acidity. Resonantly fruit- and floral-toned finish.', 'desc_2': 'Produced at Miranda Farms entirely of the Red Catuaí variety of Arabica and processed by the pink honey method, in which coffee is fermented in the whole fruit before skins are removed and the beans are dried with the pinkish-toned fruit flesh or mucilage still adhering to them. Paradise Roasters specializes in micro-lot Arabica and Robusta coffees from Asia and other emerging origins. The company prides itself on quality and freshness, craft-roasting coffees in small batches only after orders are placed. Visit www.paradiseroasters.com or call 763-433-0626 for more information.', 'desc_3': 'An exciting Ka’u cup that is equal parts lushly fruit-forward and elegantly floral.', 'roast': 'Light', 'rating': 94.0, 'loc_country': 'United States'}, {'name': 'Rum Barrel Aged Kauai Coffee', 'origin_1': 'Kalaheo', 'origin_2': 'Kauai', 'desc_1': 'Deep-toned, sweetly fermenty. Oak barrel, chocolate fudge, raspberry, freesia-like flowers, a hint of rum in aroma and cup. Sweet structure with gentle, round acidity; satiny-smooth mouthfeel. Chocolaty, oak-toned finish with rum undertones.', 'desc_2': 'Kauai Coffee, Hawaii’s largest coffee producer, operates a popular visitor center and tasting room on its farm on the south coast of the Hawaiian island of Kauai. This entirely estate-grown coffee was aged in charred rum barrels after processing by the washed method. Visit www.kauaicoffee.com for more information.', 'desc_3': 'A nicely balanced barrel-aged coffee from Kauai driven by chocolate, fruit and floral suggestions.', 'roast': 'Medium', 'rating': 92.0, 'loc_country': ""Hawai'i""}]","Based on your flavor target, the **closest match is:**

## **1) Hawai’i Ka’u Champagne Natural**
- **Roast:** Medium-Light  
- **Why it fits:**  
  - **Lemony brightness:** lemon verbena
  - **Tropical fruit:** pineapple, lychee
  - **Jasmine-like florals:** jasmine
  - **Plush mouthfeel:** silky-smooth
  - **Sweetness:** deeply sweet, dessert-like

## **Also worth trying: Ka’u Pink Honey**
- **Roast:** Light
- **Why it fits:**  
  - **Floral lift:** star jasmine
  - **Tropical fruit:** mango
  - **Sweet, lush character:** pink honey processing tends to give a fuller, juicier cup
  - **Mouthfeel:** likely to feel more lush than crisp

## **Third option: Estate Medium Roast**
- **Roast:** Medium-Light
- **Why it fits:**  
  - **Lemony/zesty edge:** grapefruit zest
  - **Floral character:** alyssum-like flowers
  - **Plushness:** light, satiny mouthfeel
  - **Sweetness:** deeply sweet with fruit and chocolate depth

### Best pick for your description:
**Hawai’i Ka’u Champagne Natural** — it most directly matches **lemony sweetness, tropical fruit, jasmine-like notes, and a silky/plush mouthfeel**.

If you want, I can also rank these by **most floral**, **most tropical**, or **most plush-bodied**."
"High-scoring limited-edition coffee with bright fruit, floral complexity, and a juicy finish","[{'name': 'Floral Samurai', 'origin_1': 'Colombia', 'origin_2': 'Guatemala', 'desc_1': 'Evaluated as espresso. Richly chocolaty, sweetly nut-toned. Dark chocolate, almond butter, narcissus, gently scorched cedar, date in aroma and small cup. Full, syrupy-smooth mouthfeel; crisply sweet, chocolate- and nut-toned finish. In three parts milk, chocolate notes predominate, with undertones of gently scorched cedar and narcissus.', 'desc_2': 'A blend of coffees from Colombia, Guatemala, Brazil and Ethiopia roasted for espresso. Flower Coffee Workshop is a nano-roastery and coffee shop in Taichung, Taiwan. Visit https://www.facebook.com/flowercoffee20180526/ for more information.', 'desc_3': 'An espresso blend particularly appealing in three parts milk, with sweet floral, rich chocolate, and deep nut tones. ', 'roast': 'Medium', 'rating': 93.0, 'loc_country': 'Taiwan'}, {'name': 'Bright Minds', 'origin_1': 'San José', 'origin_2': 'Caldas', 'desc_1': 'Richly spice-toned, gently floral. Star anise, baking chocolate, lavender, vanilla, cedar in aroma and cup. Sweetly tart with pert acidity; very smooth, silky mouthfeel. The quietly flavor-laden finish centers around chocolate, lavender and star anise.', 'desc_2': 'Produced at Café Granja La Esperanza from trees of the Colombia and Castillo varieties of Arabica and processed by the washed method (fruit skin and flesh are removed before drying). Founded in 2015, the Greater Goods mission is to enrich the lives of coffee-drinkers through passion, creativity, innovation and commitment to the consistency of the specialty coffee the company roasts, and through the local causes supported with its proceeds. Visit greatergoodsroasting.com or call 512-858-2680 for more information.', 'desc_3': 'A vibrantly spice-driven cup with a throughline of bright floral and deep chocolate suggestions.', 'roast': 'Medium-Light', 'rating': 93.0, 'loc_country': 'United States'}, {'name': 'Rhapsody of Dreams', 'origin_1': 'Kenya', 'origin_2': 'Colombia', 'desc_1': 'Chocolaty and floral-toned. Dark chocolate, freesia-like flowers, pluot, pink peppercorn, oak in aroma and cup. Sweet-tart structure with bright, sparkling acidity; very full, syrupy-smooth mouthfeel. Spice-toned, floral finish.', 'desc_2': 'A blend of coffees from Kenya and Colombia, both washed-process, designed for pour-over brewing. Evie’s Café, based in Chia-Yi Taiwan, specializes in fine roasted coffees as well as pour-overs and cold-brews. Visit https://m.facebook.com/eviescafe88/ for more information.', 'desc_3': 'A creative blend of two exceptional green coffees that nets a multi-layered and engaging cup: spice-toned, deeply chocolaty, richly floral.', 'roast': 'Medium-Light', 'rating': 94.0, 'loc_country': 'Taiwan'}, {'name': 'Signature Floral Orange', 'origin_1': 'Ethiopia', 'origin_2': 'Sumatra', 'desc_1': 'Evaluated as espresso. Rich, fruit-toned, balanced. Baker’s chocolate, pomegranate, gardenia, grapefruit zest, fresh-cut fir in aroma and small cup. Lean, smooth mouthfeel; gently drying, cocoa-toned finish, with hints of grapefruit zest. In cappuccino-scaled milk, baker’s chocolate is center stage, supported by notes of sweet-tart fruit.', 'desc_2': 'This is not an artificially flavored coffee. The blend name, Signature Floral Orange, refers to natural aroma and flavor notes that the blend aims to evoke. Creation Food Co. is a food service company with a specialty coffee division. It operates one of the few large-scale coffee production facilities in Taiwan. Visit www.creation.com.tw or call 0800-020-368 for more information.', 'desc_3': 'A subtly fruit-forward espresso blend, balanced by inviting chocolate suggestions and invigorating notes of citrus zest.', 'roast': 'Medium-Light', 'rating': 92.0, 'loc_country': 'Taiwan'}, {'name': 'Finca Kilimanjaro Natural', 'origin_1': 'Santa Ana Department', 'origin_2': 'Northwestern El Salvador', 'desc_1': 'Briskly sweet-savory, rounded by a cherry-like juiciness. Black cherry, lavender, baker’s chocolate, pistachio, artichoke blossom in aroma and cup. Bittersweet and savory in structure lifted by a cushiony fruit; full and plump in mouthfeel. The richly drying finish consolidates around chocolate, nut and a hint of flowers. ', 'desc_2': 'This coffee tied for the third-highest rating in a tasting of El Salvador coffees for Coffee Review’s August 2019 tasting report. Produced from trees of the heirloom Bourbon and related varieties and processed by the natural or dried-in-the-whole-fruit method by celebrated producer Aida Batlle at her Finca Kilimanjaro. Willoughby’s Coffee & Tea is a pioneer specialty coffee roaster established in the early 1980s that has gracefully and successfully moved with the\xa0 times and now offers a menu of extremely refined small-lot, single-origin coffees. Visit www.willoughbyscoffee.com or call 800-388-8400 for more information.', 'desc_3': 'A nut-toned bitter-savory inclination is lifted majestically by a deep, cherry-like sweetness. Drink it for the contrast, and the big, syrupy mouthfeel.', 'roast': 'Medium-Light', 'rating': 92.0, 'loc_country': 'United States'}]","The **best match** for **“high-scoring limited-edition coffee with bright fruit, floral complexity, and a juicy finish”** is:

### **Rhapsody of Dreams**
- **Quality Rating:** **94.0**
- **Origin:** **Kenya**
- **Why it fits:**
  - **Bright fruit:** *pluot*
  - **Floral complexity:** *freesia-like flowers*
  - **Juicy finish:** *sweet-tart structure with bright, sparkling acidity* and a *spice-toned, floral finish*
  - It also has a **very full, syrupy-smooth mouthfeel**, which complements the juicy profile nicely.

### Runner-up:
**Finca Kilimanjaro Natural**
- **Quality Rating:** **92.0**
- Strong **cherry-like juiciness** and **lavender/floral notes**
- But it leans a bit more **sweet-savory and chocolate/nut-toned** than the more brightly fruit-floral profile you asked for.

If you want, I can also narrow this down into:
- the **brightest fruit-forward option**
- the **most floral option**
- or the **best espresso vs pour-over match**"
"Boutique coffee with a very aromatic profile, sweet-tart clarity, and a smooth, buoyant body","[{'name': 'Poseidon Blend Espresso', 'origin_1': 'Yirgacheffe', 'origin_2': 'Sidamo', 'desc_1': 'Evaluated as espresso. Richly floral-toned, elegant, balanced. Watermelon, pink grapefruit zest, Nutella, sandalwood, tiger lily in aroma and small cup. Syrupy-smooth mouthfeel; long, flavor-saturated finish. Sweet cocoa and hazelnut tones are elevated in three parts milk, with continuing floral resonance.', 'desc_2': 'A blend of three coffees: two Ethiopias, one from the Yirgacheffe growing region and one from the Sidamo, and a Guatemala from the Huehuetenango region. GK provides quality specialty coffee to consumers and retailers. For more information, email [email\xa0protected] or call +886-919-314-513.', 'desc_3': 'A deftly blended espresso as good as a straight shot as in milk: rich, high-toned, exuberant with fruit and flowers.', 'roast': 'Medium-Light', 'rating': 95.0, 'loc_country': 'Taiwan'}, {'name': 'Colombia Granja La Esperanza Tres Dragones', 'origin_1': 'Valle Del Cauca Growing Region', 'origin_2': 'Colombia', 'desc_1': 'Deeply fruity, sweetly fermenty, headily floral. Strawberry coulis, brandy, almond butter, toffee, honeysuckle in aroma and cup. Richly sweet-tart structure with juicy, bright acidity; viscous, syrupy mouthfeel. Sustained flavor-saturated finish.', 'desc_2': 'Produced by Rigoberto Herrera at Granja La Esperanza in Colombia, a producer that specializes in innovation, in this case applying a complex version of the natural process to successfully intensify sweetness and fruit to coffee from trees of the normally rather plain-tasting Colombia variety. Roasted at PT’s Coffee, where the motto is “without the love, it’s just coffee.” Visit www.ptscoffee.com or call 888-678-JAVA for more information.', 'desc_3': 'A bombshell of a coffee with enough personality to stand up to a lemon tart — for breakfast, of course.', 'roast': 'Medium-Light', 'rating': 94.0, 'loc_country': 'United States'}, {'name': 'Kenya Murang’a Githiga AA', 'origin_1': 'Muranga District', 'origin_2': 'Central Province', 'desc_1': 'Very sweetly tart, floral-prominent and rich-toned. Lemon custard, red currant jam, tea rose, maple syrup and dried coconut in aroma and cup. Delightfully crisp and tart, though cohesively resonant in structure; very lightly though buoyantly syrupy in mouthfeel. The finish is pert and satisfying, with a lingering sweet crispness and a long aromatic trajectory.', 'desc_2': 'Despite grower discontent and urban encroachment on prime coffee lands, Kenya continues to produce some of the world’s most elegant and distinctive coffees. Evie’s Café, based in Chia-Yi Taiwan, specializes in fine roasted coffees as well as pour-overs and cold-brews. Visit https://m.facebook.com/eviescafe88/ for more information.', 'desc_3': 'Though delicate and perhaps a bit bright for some palates, the integrated breadth of “tart” is reminiscent of fine desserts by the same name. An elegant example of the Kenya type.', 'roast': 'Medium-Light', 'rating': 94.0, 'loc_country': 'Taiwan'}, {'name': 'Rhapsody of Dreams', 'origin_1': 'Kenya', 'origin_2': 'Colombia', 'desc_1': 'Chocolaty and floral-toned. Dark chocolate, freesia-like flowers, pluot, pink peppercorn, oak in aroma and cup. Sweet-tart structure with bright, sparkling acidity; very full, syrupy-smooth mouthfeel. Spice-toned, floral finish.', 'desc_2': 'A blend of coffees from Kenya and Colombia, both washed-process, designed for pour-over brewing. Evie’s Café, based in Chia-Yi Taiwan, specializes in fine roasted coffees as well as pour-overs and cold-brews. Visit https://m.facebook.com/eviescafe88/ for more information.', 'desc_3': 'A creative blend of two exceptional green coffees that nets a multi-layered and engaging cup: spice-toned, deeply chocolaty, richly floral.', 'roast': 'Medium-Light', 'rating': 94.0, 'loc_country': 'Taiwan'}, {'name': 'Espresso Nuevo', 'origin_1': 'Colombia', 'origin_2': 'Brazil', 'desc_1': 'Evaluated as espresso. Richly bittersweet, gently herb-toned. Dried persimmon, macadamia nut, lime zest, scorched maple, rosemary blossom in aroma and small cup. Crisp, satiny mouthfeel; sweetly nutty, herb-toned finish. In three parts milk, both richly sweet (creamy macadamia nut and dried persimmon) and subtly earth-toned (rosemary blossom, scorched maple).', 'desc_2': 'An espresso blend composed of a washed-process Colombia, a natural Brazil, and a wet-hulled Sumatra. Paradise Roasters specializes in micro-lot Arabica and Robusta coffees from Asia and other emerging origins. Paradise prides itself on quality and freshness, craft-roasting coffees in small batches only after orders are placed. Visit www.paradiseroasters.com or call 763-433-0626 for more information.', 'desc_3': 'Paradise owner Miguel Meza calls this blend his “new-wave retro espresso.” Could be, with its embrace of the savory and nutty in lieu of big chocolate. Especially distinctive in milk, where the savory and sweet merge best.', 'roast': 'Medium', 'rating': 93.0, 'loc_country': 'United States'}]","The best match in the context is **Kenya Murang’a Githiga AA**.

Why it fits:
- **Very aromatic profile**: tea rose, lemon custard, red currant jam
- **Sweet-tart clarity**: “very sweetly tart,” crisp acidity
- **Smooth, buoyant body**: “very lightly though buoyantly syrupy” mouthfeel

If you want, I can also rank the other options by how closely they match that flavor description."
Kakalove Cafe Kenya Kirinyaga Mukangu AB Taiwan Medium-Light 95 rating November 2017,"[{'name': 'Kenya Kirinyaga Mukangu AB', 'origin_1': 'Kirinyaga District', 'origin_2': 'South-Central Kenya', 'desc_1': 'Crisply sweet-savory. Lavender, roasted cacao nib, strawberry guava, hazelnut, toasted barley in aroma and cup. Sweetly floral structure with savory undertones; crisp, velvety mouthfeel. The cocoa-toned finish leads with spicy florals and tropical fruit in the short, grounded by pleasing notes of toasted barley in the long.', 'desc_2': 'Produced from trees of the admired SL-28 and SL-34. Despite grower discontent and urban encroachment on prime coffee lands, Kenya continues to produce some of the world’s most elegant and distinctive coffees. Kakalove Café is a nano-roaster located in the small city of Chia-Yi in Taiwan that strives to procure and roast the finest quality coffee. Visit www.kakalovecafe.com.tw or email [email\xa0protected] for more information.', 'desc_3': 'A Kenya that covers all the bases: sweet-tart fruit, savory depth, spicy florals and cocoa.', 'roast': 'Medium-Light', 'rating': 95.0, 'loc_country': 'Taiwan'}, {'name': 'Kenya Kiambu Uklili AA', 'origin_1': 'Kiambu Growing Region', 'origin_2': 'South-Central Kenya', 'desc_1': 'High-toned, richly savory-sweet. Red currant, hop flowers, dark chocolate, oak, maple syrup in aroma and cup. Rich, savory-sweet structure with vibrant, juicy acidity; plush, syrupy mouthfeel. Resoundingly long, flavor-saturated finish.', 'desc_2': 'Despite challenges ranging from unclear government coffee policy and urban encroachment on prime coffee lands to chronically unstable weather, the famed Kenya coffee auction system and its participating cooperatives continue to produce some of the world’s most elegant and distinctive coffees.\xa0 Kakalove Café is a nano-roaster located in the small city of Chia-Yi in Taiwan that strives to procure and roast the finest quality coffee. Visit www.kakalovecafe.com.tw or email [email\xa0protected] for more information.', 'desc_3': 'A harmonious, lyrical, balanced Kenya coffee, classic in its expression of both sweet and savory impulses.', 'roast': 'Medium', 'rating': 95.0, 'loc_country': 'Taiwan'}, {'name': 'Kenya Kiambu AB Uklili 1903 Lot', 'origin_1': 'Kiambu Growing Region', 'origin_2': 'South-Central Kenya', 'desc_1': 'Rich-toned, chocolaty. Dark chocolate, narcissus-like flowers, date, cedar, blood orange zest in aroma and cup. Sweet-toned structure with balanced acidity; plush, creamy mouthfeel. The rich, long finish centers on dark chocolate bordering on fudge and exceptionally sweet florals.', 'desc_2': 'Despite grower discontent and urban encroachment on prime coffee lands, Kenya continues to produce some of the world’s most elegant and distinctive coffees. Imported for the Taiwan market by Pebble Coffee. Kakalove Café is a nano-roaster located in the small city of Chia-Yi in Taiwan that strives to procure and roast the finest quality coffee. Visit www.kakalovecafe.com.tw or email [email\xa0protected] for more information.', 'desc_3': 'A chocolaty and floral-toned Kenya cup with ballast from zesty citrus and rich aromatic wood.', 'roast': 'Medium-Light', 'rating': 94.0, 'loc_country': 'Taiwan'}, {'name': 'Kenya Kiambu AB Uklili 1905 Lot', 'origin_1': 'Iambu Growing Region', 'origin_2': 'South-Central Kenya', 'desc_1': 'Deeply sweet-savory, richly aromatic. Red currant jam, honeysuckle, sandalwood, brown sugar, marjoram in aroma and cup. Sweet structure with savory underpinnings; vivacious, juicy acidity. The finish centers on notes of red currant and sandalwood.', 'desc_2': 'Despite grower discontent and urban encroachment on prime coffee lands, Kenya continues to produce some of the world’s most elegant and distinctive coffees. Kakalove Café is a nano-roaster located in the small city of Chia-Yi in Taiwan that strives to procure and roast the finest quality coffee. Visit www.kakalovecafe.com.tw or email [email\xa0protected] for more information.', 'desc_3': 'A classic Kenya cup: bright and juicy with leading notes of dark berry and sweet florals; especially high-toned, lively acidity.', 'roast': 'Medium-Light', 'rating': 94.0, 'loc_country': 'Taiwan'}, {'name': 'Kenya Washed Kabingara AA', 'origin_1': 'Kirinyaga County', 'origin_2': 'South-Central Kenya', 'desc_1': 'Nuanced, multi-layered, complex. Red currant, honeysuckle, pomegranate, cocoa nib, cedar in aroma and cup. Sweet-tart structure with bright, vibrant acidity; plush, syrupy-smooth mouthfeel. The flavor-saturated finish consolidates to notes of red currant and cocoa nib, with undertones of cedar.', 'desc_2': 'Despite challenges ranging from contested government coffee policy and urban encroachment on prime coffee lands to chronically unstable weather, Kenya continues to produce some of the world’s most elegant and distinctive coffees using long established traditional methods. Kakalove Cafe is a nano-roaster located in the small city of Chia-Yi in Taiwan that strives to procure and roast the finest quality coffee. Visit www.kakalovecafe.com.tw or email [email\xa0protected] for more information.', 'desc_3': 'Red fruit and crisp cocoa notes characterize this deeply aromatic, richly complex, classic Kenya cup.', 'roast': 'Medium-Light', 'rating': 94.0, 'loc_country': 'Taiwan'}]","**Kakalove Cafe Kenya Kirinyaga Mukangu AB** is a **Kenya coffee from Kirinyaga District**, roasted **Medium-Light**, with a **95.0 quality rating**.

**Taste profile:**
- **Lavender**
- **Roasted cacao nib**
- **Strawberry guava**
- **Hazelnut**
- **Toasted barley**

**Cup character:**
- Sweet-savory and floral
- Crisp, velvety mouthfeel
- Cocoa-toned finish
- Spicy florals and tropical fruit in the finish

**Extra context:**
- Produced from **SL-28 and SL-34** trees
- A classic Kenya that “covers all the bases” with **sweet-tart fruit, savory depth, spicy florals, and cocoa**

If you want, I can also turn this into a **tasting note summary**, **brew recommendation**, or **comparison with other Kenya coffees**."
"Kenya coffee with floral sweetness, savory depth, velvety texture, and cocoa finish","[{'name': 'Rhapsody of Dreams', 'origin_1': 'Kenya', 'origin_2': 'Colombia', 'desc_1': 'Chocolaty and floral-toned. Dark chocolate, freesia-like flowers, pluot, pink peppercorn, oak in aroma and cup. Sweet-tart structure with bright, sparkling acidity; very full, syrupy-smooth mouthfeel. Spice-toned, floral finish.', 'desc_2': 'A blend of coffees from Kenya and Colombia, both washed-process, designed for pour-over brewing. Evie’s Café, based in Chia-Yi Taiwan, specializes in fine roasted coffees as well as pour-overs and cold-brews. Visit https://m.facebook.com/eviescafe88/ for more information.', 'desc_3': 'A creative blend of two exceptional green coffees that nets a multi-layered and engaging cup: spice-toned, deeply chocolaty, richly floral.', 'roast': 'Medium-Light', 'rating': 94.0, 'loc_country': 'Taiwan'}, {'name': 'Kenya', 'origin_1': 'Nyeri Growing Region', 'origin_2': 'South-Central Kenya', 'desc_1': 'Sweetly savory, chocolate-toned. Baker’s chocolate, singed cedar, gardenia, plum, molasses in aroma and cup. Crisply sweet-savory structure; delicate, satiny mouthfeel. The richly drying finish centers around baker’s chocolate and pleasantly smoky aromatic wood notes.', 'desc_2': 'Despite grower discontent and urban encroachment on prime coffee lands, Kenya continues to produce some of the world’s most elegant and distinctive coffees. Evie’s Café, based in Chia-Yi Taiwan, specializes in fine roasted coffees as well as pour-overs and cold-brews. Visit https://m.facebook.com/eviescafe88/ for more information.', 'desc_3': 'A friendly Kenya cup that leads with crisp chocolate and deep floral notes, with a medium-dark roast profile that encourages a pleasing suggestion of smoky aromatic wood.', 'roast': 'Medium', 'rating': 92.0, 'loc_country': 'Taiwan'}, {'name': 'Kenya Murang’a Githiga AA', 'origin_1': 'Muranga District', 'origin_2': 'Central Province', 'desc_1': 'Very sweetly tart, floral-prominent and rich-toned. Lemon custard, red currant jam, tea rose, maple syrup and dried coconut in aroma and cup. Delightfully crisp and tart, though cohesively resonant in structure; very lightly though buoyantly syrupy in mouthfeel. The finish is pert and satisfying, with a lingering sweet crispness and a long aromatic trajectory.', 'desc_2': 'Despite grower discontent and urban encroachment on prime coffee lands, Kenya continues to produce some of the world’s most elegant and distinctive coffees. Evie’s Café, based in Chia-Yi Taiwan, specializes in fine roasted coffees as well as pour-overs and cold-brews. Visit https://m.facebook.com/eviescafe88/ for more information.', 'desc_3': 'Though delicate and perhaps a bit bright for some palates, the integrated breadth of “tart” is reminiscent of fine desserts by the same name. An elegant example of the Kenya type.', 'roast': 'Medium-Light', 'rating': 94.0, 'loc_country': 'Taiwan'}, {'name': 'Kenya ARES', 'origin_1': 'Nyeri Growing Region', 'origin_2': 'South-Central Kenya', 'desc_1': 'Berry-driven, sweetly herb-toned. Black currant, cocoa nib, thyme, lavender, oak in aroma and cup. Sweet-toned structure with bright acidity; satiny, buoyant mouthfeel. Rich, long-lasting, berry-toned finish.', 'desc_2': 'This coffee tied for the highest rating in a cupping of coffees from Kenya for Coffee Review’s October 2020 report. Produced from trees of the admired SL-28 and SL-34 varieties of Arabica. Coffee Please is an artisanal roastery and cafe in Taipei’s Beitou District, famous for the nearby Yangming Mountain hot springs. Visit www.facebook.com/CoffeepleaseTW for more information.', 'desc_3': 'Classic Kenya cup profile with concentrated notes of black currant and cocoa throughout, complicated by sweet-toned herb and floral notes.', 'roast': 'Medium-Light', 'rating': 95.0, 'loc_country': 'Taiwan'}, {'name': 'Kenya Kainamui', 'origin_1': 'South-Central Kenya', 'origin_2': 'South-Central Kenya', 'desc_1': 'Vibrant, high-toned, deeply sweet. Candied violet, pomegranate, sandalwood, honey, almond in aroma and cup. Richly sweet structure with bright, citrusy acidity; satiny mouthfeel. Sweetly tart in the short finish and redolent of honey and pomegranate in the long.', 'desc_2': 'This coffee tied for the third-highest rating in a cupping of coffees from U.S. Mountain States roasters for Coffee Review’s October 2018 tasting report. Despite challenges ranging from contested government coffee policy and urban encroachment on prime coffee lands to chronically unstable weather, Kenya continues to produce some of the world’s most elegant and distinctive coffees. Founded by Andy Sprenger in 2013, Sweet Bloom develops long-term relationships with coffee producers that emphasize transparency and consistency. Visit www.sweetbloomcoffee.com for more information.', 'desc_3': 'A deep, nuanced Kenya cup with notes of tart fruit, sweet florals, and rich aromatic wood.', 'roast': 'Medium-Light', 'rating': 93.0, 'loc_country': 'United States'}]","A **Kenya coffee** that best matches **floral sweetness, savory depth, velvety texture, and a cocoa finish** is:

### **Kenya — Nyeri Growing Region**
- **Floral sweetness:** gardenia
- **Savory depth:** singed cedar, smoky aromatic wood
- **Velvety texture:** delicate, satiny mouthfeel
- **Cocoa finish:** baker’s chocolate
- **Other notes:** plum, molasses
- **Roast level:** Medium
- **Quality rating:** 92

If you want, I can also point to the **closest higher-scoring match** or suggest a **brew method** that would highlight those notes best."
"Lightly roasted coffee with berry-like tartness, nutty notes, and a smooth creamy body","[{'name': 'Rock the House Blend', 'origin_1': 'Africa', 'origin_2': 'South America', 'desc_1': 'Chocolaty, crisply sweet. Bing cherry, baking chocolate, hazelnut, fresh-cut cedar, brown sugar in aroma and cup. Sweetly tart structure with brisk acidity; viscous, satiny mouthfeel. Chocolaty, nut-driven finish.', 'desc_2': 'Certified Fair Trade and USDA Organic. A blend of coffees from Africa, South America and Central America. JBC Coffee Roasters’ vision is simple: “let the coffee lead the way” through sourcing and roasting the best and most unique coffees available and rewarding the farmers who grow those coffees with substantial premiums. Visit www.jbccoffeeroasters.com or call 608-256-5282 for more information.', 'desc_3': ' A solid house blend from Madison’s JBC Coffee Roasters — balanced, affordable, pleasingly familiar.', 'roast': 'Medium-Light', 'rating': 93.0, 'loc_country': 'United States'}, {'name': 'Rock the House Blend', 'origin_1': 'Africa', 'origin_2': 'South America', 'desc_1': 'Cocoa-toned, richly sweet. Baking chocolate, date, hazelnut, thyme, a hint of gardenia in aroma and cup. Sweet in structure with gentle, round acidity; lightly syrupy mouthfeel. Chocolaty, sweetly nut-toned finish.', 'desc_2': 'JBC Coffee Roasters’ vision is simple: “let the coffee lead the way” through sourcing and roasting the best and most unique coffees available and rewarding the farmers who grow those coffees with substantial premiums. Visit www.jbccoffeeroasters.com or call 608-256-5282 for more information.', 'desc_3': 'Over the years this JBC house blend has been consistently solid-scoring, always accessible and friendly, balanced and affordable.', 'roast': 'Medium-Light', 'rating': 93.0, 'loc_country': 'United States'}, {'name': 'Fazenda Recreio Bourbon Pulped Natural', 'origin_1': 'Carmo De Minas Growing Region', 'origin_2': 'Northeastern Minas Gerais State', 'desc_1': ' Round, balanced, with a quiet but deeply layered complexity. Blackberry, cocoa, pear, lavender, roasted macadamia in aroma and cup. Sweetly and roundly bright in structure; plush and lightly syrupy in mouthfeel. A richly resonant finish consolidates around cocoa, lavender and pear.', 'desc_2': 'This coffee tied for the highest rating in a cupping of coffees from Brazil for Coffee Review’s May 2018 tasting report. Processed by the pulped natural method (called the “honey” method in Central America), in which the skin is removed from the coffee fruit immediately after picking, but the seeds or beans are dried with all or part of the sweet pulp, or fruit flesh, still adhering to them. AUTO Cafe is a small coffee roastery based in New Taipei City, Taiwan. Visit www.holdcafe.com for more information.', 'desc_3': 'Gently but resonantly expressive and complex. For those who prefer subtle intricacy and depth to bold assertion.', 'roast': 'Medium-Light', 'rating': 93.0, 'loc_country': 'Taiwan'}, {'name': 'Colombia Granja La Esperanza Java Anaerobic', 'origin_1': 'Valle Del Cauca Growing Region', 'origin_2': 'Colombia', 'desc_1': 'Crisp, tangy, richly sweet-tart-savory. Vanilla yogurt, guava, dark chocolate, sassafras, sandalwood in aroma and cup. Sweetly tart with savory undertones and tangy acidity; very full, syrupy-smooth mouthfeel. The resonant flavor-saturated finish carries forward all of the notes from the cup.', 'desc_2': 'This exceptional coffee was selected as the No. 19 coffee on Coffee Review’s list of the Top 30 Coffees of 2020.\xa0 Produced by Rigoberto Herrera at Granja La Esperanza in Colombia, a producer that specializes in innovation, in this case applying an anaerobic (limited oxygen ferment) processing method to the rare Java variety of Arabica. Bird Rock Coffee Roasters is a retailer and wholesaler focused on organic and socially responsible coffees; it was awarded the “2012 Micro-Roaster of the Year” title by Roast Magazine. Visit www.birdrockcoffee.com or call 858-551-1707 for more information.', 'desc_3': 'A startlingly unusual yet inviting anaerobically processed Colombia Java, ideal for the coffee adventurer with its original aromatics conveyed in layers of sweetness, savory depth, and lactic tang.', 'roast': 'Medium-Light', 'rating': 95.0, 'loc_country': 'United States'}, {'name': 'Tarime Tanzania', 'origin_1': 'Tarime District', 'origin_2': 'Mara Region', 'desc_1': 'Crisp, bright, richly sweet-savory. Wild honey, black cherry, lemon verbena, hazelnut, rhododendron-like flowers in aroma and cup. Balanced, vivid structure with sweetly tart, juicy acidity; buoyant, silky mouthfeel. Resonant and rich in the finish, where cocoa also surfaces, alongside notes of wild honey and black cherry in the short and vanilla-like florals in the long.', 'desc_2': 'This coffee earned the highest rating in a cupping of coffees from the Great Lakes region of Africa for Coffee Review’s June 2018 tasting report. Produced from the admired Bourbon and Kent varieties of Arabica by smallholding farmers. This is a wet-processed or “washed” coffee, meaning the fruit skin and pulp were removed from the beans immediately after harvesting and before drying. JBC Coffee Roasters’ vision is simple: “let the coffee lead the way” through sourcing and roasting the best and most unique coffees available and rewarding the farmers who grow those coffees with substantial premiums. Visit www.jbccoffeeroasters.com or call 608-256-5282 for more information.', 'desc_3': 'An exquisitely balanced, multi-layered cup, rich with sweet fruit, herb and flower notes, deep and resonant throughout.', 'roast': 'Medium-Light', 'rating': 95.0, 'loc_country': 'United States'}]","The best match from the context is **Tarime Tanzania**.

**Why it fits:**
- **Lightly roasted / medium-light**
- **Berry-like tartness:** black cherry, sweetly tart, juicy acidity
- **Nutty notes:** hazelnut
- **Smooth creamy body:** buoyant, silky mouthfeel

**Quick note:**  
If you want the *creamiest and more balanced* option, **Rock the House Blend** also fits well with its **sweet-tart structure**, **hazelnut**, and **viscous/satiny mouthfeel**.

If you'd like, I can also rank all 5 coffees by how well they match your flavor description."
"High-scoring coffee that tastes sweet, floral, and fruity with some cocoa and grain notes","[{'name': 'Floral Samurai', 'origin_1': 'Colombia', 'origin_2': 'Guatemala', 'desc_1': 'Evaluated as espresso. Richly chocolaty, sweetly nut-toned. Dark chocolate, almond butter, narcissus, gently scorched cedar, date in aroma and small cup. Full, syrupy-smooth mouthfeel; crisply sweet, chocolate- and nut-toned finish. In three parts milk, chocolate notes predominate, with undertones of gently scorched cedar and narcissus.', 'desc_2': 'A blend of coffees from Colombia, Guatemala, Brazil and Ethiopia roasted for espresso. Flower Coffee Workshop is a nano-roastery and coffee shop in Taichung, Taiwan. Visit https://www.facebook.com/flowercoffee20180526/ for more information.', 'desc_3': 'An espresso blend particularly appealing in three parts milk, with sweet floral, rich chocolate, and deep nut tones. ', 'roast': 'Medium', 'rating': 93.0, 'loc_country': 'Taiwan'}, {'name': 'Sweet Collection Blend', 'origin_1': 'Colombia', 'origin_2': 'Guatemala', 'desc_1': 'Evaluated as espresso. Rich-toned, gently fruit-forward. Pomegranate, baking chocolate, narcissus, cedar, almond butter in aroma and small cup. Crisp, velvety mouthfeel; chocolaty, subtly fruit-toned finish. In three parts milk, tart fruit notes soften and baking chocolate and narcissus come forward.', 'desc_2': 'A blend of washed- and honey-processed coffees from Colombia and a washed Guatemala, roasted for espresso. CofFeeling Coffee is based in Kaohsiung City in southern Taiwan. Visit www.coffeelingcafe.com or call +886-7-285-5300 for more information.', 'desc_3': 'A balanced blend of both washed- and natural-processed coffees with delicate fruit and deep chocolate and nut tones throughout. Particularly pretty in milk.', 'roast': 'Medium-Light', 'rating': 93.0, 'loc_country': 'Taiwan'}, {'name': 'Classic Blend', 'origin_1': 'Colombia', 'origin_2': 'Guatemala', 'desc_1': 'Evaluated as espresso. Deeply sweet, crisply chocolaty. Bing cherry, dark chocolate, magnolia, oak, cashew in aroma and small cup. Satiny mouthfeel; oak and cashew lead in the gently drying finish. Chocolate and bing cherry notes intensify in three parts milk.', 'desc_2': 'A blend of coffees from Colombia, Guatemala, Brazil and Ethiopia roasted for espresso. Flower Coffee Workshop is a nano-roastery and coffee shop in Taichung, Taiwan. Visit https://www.facebook.com/flowercoffee20180526/ for more information.', 'desc_3': 'This solid blend offers a richly sweet-tart straight shot and a crisply chocolaty cappuccino.', 'roast': 'Medium', 'rating': 92.0, 'loc_country': 'Taiwan'}, {'name': 'Rhapsody of Dreams', 'origin_1': 'Kenya', 'origin_2': 'Colombia', 'desc_1': 'Chocolaty and floral-toned. Dark chocolate, freesia-like flowers, pluot, pink peppercorn, oak in aroma and cup. Sweet-tart structure with bright, sparkling acidity; very full, syrupy-smooth mouthfeel. Spice-toned, floral finish.', 'desc_2': 'A blend of coffees from Kenya and Colombia, both washed-process, designed for pour-over brewing. Evie’s Café, based in Chia-Yi Taiwan, specializes in fine roasted coffees as well as pour-overs and cold-brews. Visit https://m.facebook.com/eviescafe88/ for more information.', 'desc_3': 'A creative blend of two exceptional green coffees that nets a multi-layered and engaging cup: spice-toned, deeply chocolaty, richly floral.', 'roast': 'Medium-Light', 'rating': 94.0, 'loc_country': 'Taiwan'}, {'name': 'Memory Lane', 'origin_1': 'Brazil', 'origin_2': 'Guatemala', 'desc_1': 'Balanced, integrated, richly sweet. Fig Newton, baking spices, cocoa nib, roasted cashew, freesia-like flowers in aroma and cup. Fruit-forward structure with gentle acidity; viscous, syrupy mouthfeel. Nut- and cocoa-driven finish.', 'desc_2': 'A harmonious blend of three coffees and three different processing methods: a natural Brazil, a washed Guatemala, and a wet-hulled Indonesia. Nostalgia Coffee Roasters was founded by Taylor Fields in 2018 as a mobile café; it has since added specialty roasting and online sales of select fine coffees. Visit www.nostalgiacoffeeroasters.com for more information.', 'desc_3': 'Designed to work equally well as pourover or espresso, this blend has deep sweetness, balanced fruit and florals, and undercurrents of baking spices throughout.', 'roast': 'Medium-Light', 'rating': 93.0, 'loc_country': 'United States'}]","A great match from your context is **Memory Lane**.

**Why it fits:**
- **Sweet**: described as “balanced, integrated, richly sweet”
- **Floral**: has **freesia-like flowers**
- **Fruity**: **fig Newton** and **fruit-forward structure**
- **Cocoa / grain-like notes**: **cocoa nib** plus **roasted cashew** and baking spices

**Also strong option:**
- **Sweet Collection Blend** — if you want something more **floral, fruity, and chocolatey**, with **pomegranate, baking chocolate, narcissus, and almond butter**

If you want, I can also rank the **top 3 coffees from this list** for **sweet + floral + fruity + cocoa** specifically."
Jackrabbit Java Kenya Nyeri Othaya Gatugi Red Cherry Project AA medium-dark roast Kenya 92 rating,"[{'name': 'Kenya Nyeri Othaya Gatugi Red Cherry Project AA', 'origin_1': 'Nyeri Growing Region', 'origin_2': 'South-Central Kenya', 'desc_1': 'Sweetly pungent, gently roasty. Scorched cedar, dark chocolate, plum, lavender, lime zest in aroma and cup. Complex in structure: sweetly tart with a roasty, savory depth. Light, satiny mouthfeel. Lemon zest, dark chocolate, plum carry into a rich though drying finish.', 'desc_2': 'Despite grower discontent and urban encroachment on prime coffee lands, Kenya continues to produce some of the world’s most elegant and distinctive coffees. This coffee is the result of a partnership between the Othaya and Aguthi Cooperatives and Royal Coffee, intended to create a methodology for isolating and enhancing the highest quality coffees coming from these cooperatives. Produced from trees of the SL28, SL34, Ruiru 11 and Batian varieties of Arabica. AA is the highest grade of Kenya coffee based on bean size and freedom from physical imperfections. Jackrabbit Java selects the finest coffees from around the world and roasts them in Thermopolis, Wyoming’s mountain air. All Jackrabbit Java coffees are specialty-grade and roasted to order.\xa0Visit www.jackrabbitjava.com for more information.', 'desc_3': 'A darker roast develops a savory-toned chocolate to complement a zesty citrus in this pleasingly contradictory Kenya.', 'roast': 'Medium-Dark', 'rating': 92.0, 'loc_country': 'United States'}, {'name': 'Kenya Nyeri AA Ichuga', 'origin_1': 'Nyeri Growing Region', 'origin_2': 'South-Central Kenya', 'desc_1': 'Rich-toned, chocolaty. Dark chocolate, red currant, freesia, clove, molasses in aroma and cup. Sweet structure with gentle, round acidity; full, satiny mouthfeel. A quiet finish leads with chocolate and magnolia notes in the short, clove and molasses in a gently drying long.', 'desc_2': 'Despite grower discontent and urban encroachment on prime coffee lands, Kenya continues to produce some of the world’s most elegant and distinctive coffees. Jackrabbit Java selects the finest coffees from around the world and roasts them in Thermopolis, Wyoming’s mountain air. All Jackrabbit Java coffees are specialty-grade and roasted to order. Visit www.jackrabbitjava.com for more information.', 'desc_3': 'A solid Kenya cup: chocolaty, spice-toned, deeply sweet.', 'roast': 'Medium', 'rating': 92.0, 'loc_country': 'United States'}, {'name': 'Gachami Kenya', 'origin_1': 'Kirinyaga District', 'origin_2': 'South-Central Kenya', 'desc_1': 'Rich-toned, crisply sweet. Passionfruit, agave syrup, narcissus, dark chocolate, sandalwood in aroma and cup. Sweetly tart structure with bright, juicy acidity; plush, syrupy mouthfeel. The long, flavor-saturated finish centers around notes of passionfruit, dark chocolate and sandalwood.', 'desc_2': 'Produced from trees of the admired SL-28 and SL-34 varieties of Arabica. Despite grower discontent, contested government coffee policy and urban encroachment on prime coffee lands, the famed Kenya coffee auction system and its participating cooperatives continue to produce some of the world’s most elegant and distinctive coffees. JBC Coffee Roasters’ vision is simple: “let the coffee lead the way” through sourcing and roasting the best and most unique coffees available and rewarding the farmers who grow those coffees with substantial premiums. Visit www.jbccoffeeroasters.com or call 608-256-5282 for more information.', 'desc_3': 'A classic Kenya cup with bright, juicy fruit and lively sweet-tart acidity.', 'roast': 'Medium-Light', 'rating': 94.0, 'loc_country': 'United States'}, {'name': 'Kenya Gachatha Nyeri AA', 'origin_1': 'Nyeri Growing Region', 'origin_2': 'South-Central Kenya', 'desc_1': 'Elegantly bright, richly juicy, elaborately complete. Toffee, pomelo, plum marmalade, star jasmine, sandalwood in aroma and cup. Sweetly tart structure with lyrically balanced acidity; syrupy, viscous mouthfeel. Resonant, long, satisfying finish.', 'desc_2': ""This exceptional coffee was selected as the No. 10 coffee on Coffee Review’s\xa0list of the Top 30 Coffees of 2021.Despite grower discontent, unclear government coffee policy and urban encroachment on prime coffee lands, the famed Kenya coffee auction system and its participating cooperatives continue to produce some of the world's most elegant and distinctive coffees. Established in 2010, Red Rooster is an organic-certified micro-roaster focusing on socially conscious, high-quality coffee. Visit redroostercoffee.com or call 540-745-7338 for more information."", 'desc_3': 'An exciting yet serene Kenya coffee whose aroma, flavor and structure lift and intensify the classic Kenya cup profile — and a bargain for a coffee this distinguished. ', 'roast': 'Medium-Light', 'rating': 96.0, 'loc_country': 'United States'}, {'name': 'Kenya AA Kirinyaga', 'origin_1': 'South-Central Kenya', 'origin_2': 'Sidama (Also Sidamo) Growing Region', 'desc_1': 'Richly sweet-savory. Black currant, baker’s chocolate, fine musk, oak, magnolia in aroma and cup. Sweet-tart-savory in structure with juicy, buoyant acidity; satiny-smooth mouthfeel. The finish consolidates to notes of baker’s chocolate and black currant with a hint of fine musk.', 'desc_2': 'Despite challenges ranging from unclear government coffee policy and urban encroachment on prime coffee lands to chronically unstable weather, the famed Kenya coffee auction system and its participating cooperatives continue to produce some of the world’s most elegant and distinctive coffees. AA is the highest grade of Kenya coffee based on bean size and freedom from physical imperfections. Big Creek Coffee Roasters is a small, quality-oriented batch roaster located in Montana’s Bitterroot Valley. Visit www.bigcreekcoffeeroasters.com or call 406-375-7508 for more information.', 'desc_3': 'A classic Kenya cup: balanced, muscularly fruit-toned, elegantly floral.', 'roast': 'Medium-Light', 'rating': 93.0, 'loc_country': 'United States'}]","**Kenya Nyeri Othaya Gatugi Red Cherry Project AA** is a **medium-dark roast** Kenya from the **Nyeri growing region**, with a **92 rating**.

**What it tastes like:**
- **Aroma/Cup:** scorched cedar, dark chocolate, plum, lavender, lime zest
- **Structure:** sweetly tart with a roasty, savory depth
- **Mouthfeel:** light, satiny
- **Finish:** lemon zest, dark chocolate, plum, with a rich but slightly drying finish

**Processing / coffee details:**
- From the **Othaya and Aguthi Cooperatives** in Kenya
- Grown from **SL28, SL34, Ruiru 11, and Batian** Arabica varieties
- **AA grade** = Kenya’s highest bean-size grade and fewest physical imperfections

**Roast/extraction note:**
- The **darker roast** brings out a **savory chocolate** character that pairs with the coffee’s **zesty citrus** side

If you want, I can also help you with:
- a **brew recipe** for this coffee
- **flavor comparison** to a lighter Kenya
- or **how to dial it in** for pour-over or espresso"
"Kenya coffee with dark chocolate, plum, lavender, lime zest, and a satiny mouthfeel","[{'name': 'Rhapsody of Dreams', 'origin_1': 'Kenya', 'origin_2': 'Colombia', 'desc_1': 'Chocolaty and floral-toned. Dark chocolate, freesia-like flowers, pluot, pink peppercorn, oak in aroma and cup. Sweet-tart structure with bright, sparkling acidity; very full, syrupy-smooth mouthfeel. Spice-toned, floral finish.', 'desc_2': 'A blend of coffees from Kenya and Colombia, both washed-process, designed for pour-over brewing. Evie’s Café, based in Chia-Yi Taiwan, specializes in fine roasted coffees as well as pour-overs and cold-brews. Visit https://m.facebook.com/eviescafe88/ for more information.', 'desc_3': 'A creative blend of two exceptional green coffees that nets a multi-layered and engaging cup: spice-toned, deeply chocolaty, richly floral.', 'roast': 'Medium-Light', 'rating': 94.0, 'loc_country': 'Taiwan'}, {'name': 'Karimikui Espresso', 'origin_1': 'Kirinyaga District', 'origin_2': 'South-Central Kenya', 'desc_1': 'Evaluated as espresso. Crisply sweet, richly floral-toned. Lavender, dark chocolate, red currant, almond butter, pink grapefruit zest in aroma and small cup. Delicate, viscous mouthfeel; richly drying finish centers around notes of tart fruit, dark chocolate and bittersweet, lavender-like flowers. Chocolaty and floral in three parts milk, with ongoing tart-fruit notes as well.', 'desc_2': 'Produced by members of the Rungeto Farmer’s Cooperative Society from trees of the heirloom SL28 and SL34, and recent hybrid Ruiru 11 and Batian varieties of Arabica. Despite grower discontent and urban encroachment on prime coffee lands, Kenya continues to produce some of the world’s most elegant and distinctive coffees. JBC Coffee Roasters’ vision is simple: “let the coffee lead the way” through sourcing and roasting the best and most unique coffees available and rewarding the farmers who grow those coffees with substantial premiums. Visit www.jbccoffeeroasters.com or call 608-256-5282 for more information.', 'desc_3': 'An intense Kenya espresso, confident and punchy, with deep floral, fruit and chocolate notes in both straight shot and milk.', 'roast': 'Medium-Light', 'rating': 94.0, 'loc_country': 'United States'}, {'name': 'Kenya AB', 'origin_1': 'South-Central Kenya', 'origin_2': 'Santa Maria', 'desc_1': 'Roast-touched, floral-toned, richly chocolaty. Narcissus, chocolate fudge, black cherry, almond, lightly scorched mesquite in aroma and cup. Sweet-toned structure with crisp, malic acidity, suggesting green apple; full, creamy mouthfeel. The finish consolidates to chocolate fudge and black cherry with undertones of smoky mesquite.', 'desc_2': 'This coffee earned the second-highest rating in a cupping of coffees from New England roasters for Coffee Review’s February 2019 tasting report. Despite challenges ranging from contested government coffee policy and urban encroachment on prime coffee lands to chronically unstable weather, Kenya continues to produce some of the world’s most elegant and distinctive coffees. Vermont Artisan Coffee & Tea provides craft-roasted coffees and quality teas to retail establishments, food service markets, and retail customers throughout New England, and beyond. For more information, visit \xa0www.vtartisan.com.', 'desc_3': 'A deeply sweet Kenya cup with a developed roast profile that equally prioritizes flowers and chocolate.', 'roast': 'Medium', 'rating': 94.0, 'loc_country': 'United States'}, {'name': 'Kenya Kainamui', 'origin_1': 'South-Central Kenya', 'origin_2': 'South-Central Kenya', 'desc_1': 'Vibrant, high-toned, deeply sweet. Candied violet, pomegranate, sandalwood, honey, almond in aroma and cup. Richly sweet structure with bright, citrusy acidity; satiny mouthfeel. Sweetly tart in the short finish and redolent of honey and pomegranate in the long.', 'desc_2': 'This coffee tied for the third-highest rating in a cupping of coffees from U.S. Mountain States roasters for Coffee Review’s October 2018 tasting report. Despite challenges ranging from contested government coffee policy and urban encroachment on prime coffee lands to chronically unstable weather, Kenya continues to produce some of the world’s most elegant and distinctive coffees. Founded by Andy Sprenger in 2013, Sweet Bloom develops long-term relationships with coffee producers that emphasize transparency and consistency. Visit www.sweetbloomcoffee.com for more information.', 'desc_3': 'A deep, nuanced Kenya cup with notes of tart fruit, sweet florals, and rich aromatic wood.', 'roast': 'Medium-Light', 'rating': 93.0, 'loc_country': 'United States'}, {'name': 'Kenya', 'origin_1': 'Nyeri Growing Region', 'origin_2': 'South-Central Kenya', 'desc_1': 'Sweetly savory, chocolate-toned. Baker’s chocolate, singed cedar, gardenia, plum, molasses in aroma and cup. Crisply sweet-savory structure; delicate, satiny mouthfeel. The richly drying finish centers around baker’s chocolate and pleasantly smoky aromatic wood notes.', 'desc_2': 'Despite grower discontent and urban encroachment on prime coffee lands, Kenya continues to produce some of the world’s most elegant and distinctive coffees. Evie’s Café, based in Chia-Yi Taiwan, specializes in fine roasted coffees as well as pour-overs and cold-brews. Visit https://m.facebook.com/eviescafe88/ for more information.', 'desc_3': 'A friendly Kenya cup that leads with crisp chocolate and deep floral notes, with a medium-dark roast profile that encourages a pleasing suggestion of smoky aromatic wood.', 'roast': 'Medium', 'rating': 92.0, 'loc_country': 'Taiwan'}]","The best match is **Document 2: Karimikui Espresso**.

**Why it fits:**
- **Kenya origin**: Kirinyaga District, Kenya
- **Dark chocolate**: clearly present
- **Lavender**: explicitly listed
- **Satiny mouthfeel**: described as **delicate, viscous mouthfeel**
- **Plum-like fruit**: the **red currant** and tart-fruit notes are close, but not an exact plum note
- **Lime zest**: not exact, but **pink grapefruit zest** gives a similar bright citrus-zest character

If you want, I can also rank the other documents by closeness to those flavor notes."
"Savory and roasty coffee with citrus brightness, chocolate depth, and a drying finish","[{'name': 'Sumatra Tano Batak', 'origin_1': 'Lintong Growing Region', 'origin_2': 'North Sumatra Province', 'desc_1': 'Sweetly and deeply pungent: earth and chocolate. Rich dark chocolate, fresh-turned humus, black currant, magnolia, cedar in aroma and cup. Pungent, sweet-tart in structure, with a profound savory bottom. The mouthfeel is not particularly full, but smooth, satiny. Nothing is lost in a flavor-saturated finish.', 'desc_2': 'This coffee tied for the second-highest rating in a cupping of coffees from Sumatra for Coffee Review’s April 2019 tasting report. Coffees like this one from the northern part of the Indonesian island of Sumatra are valued for their complex earth and fruit notes that appear to result largely from unorthodox fruit removal and drying practices called “wet-hulling.” Gracenote Coffee is an espresso bar and roastery in Boston, Massachusetts. For more information, visit www.gracenotecoffee.com. ', 'desc_3': 'Classic Sumatra genius: chocolate and earth, sweet-savory berry, balanced and complete.', 'roast': 'Medium-Light', 'rating': 94.0, 'loc_country': 'United States'}, {'name': 'Sumatra Dark', 'origin_1': 'Sumatra', 'origin_2': 'Indonesia', 'desc_1': 'Earthy, bittersweet. Fresh-cut oak, cocoa powder, fresh leather, sweet pea, lily in aroma and cup. Bittersweet structure with barely perceptible acidity; very full, creamy mouthfeel. Wood-framed finish with hints of dark chocolate and fresh leather.', 'desc_2': 'Purchased at a Safeway supermarket as a nationally branded benchmark comparison for the darker-roasted coffees from smaller roasters reviewed this month. Visit www.starbucks.com for more information.', 'desc_3': 'An earth-toned Sumatra cup with subdued acidity, gently dry cocoa notes, and rich aromatic wood suggestions.', 'roast': 'Dark', 'rating': 90.0, 'loc_country': 'United States'}, {'name': 'Sumatra Gayo G1 Triple-Picked Lot 005', 'origin_1': 'Aceh Province', 'origin_2': 'Sumatra', 'desc_1': 'Sweetly earth-toned, deeply floral. Petrichor, honeysuckle, Dark chocolate, petrichor, honeysuckle, nectarine, fine pipe tobacco in aroma and cup. Sweet-savory structure with vibrant, juicy acidity; full, syrupy mouthfeel. Deep, resonant finish consolidates to notes of petrichor and honeysuckle with dark chocolate undertones.', 'desc_2': 'Coffees from the northern part of the Indonesian island of Sumatra are valued for their complex earth and fruit notes that appear to result largely from unorthodox fruit removal and drying practices called “wet-hulling.” This is a particularly refined example of the type. Kakalove Café is a nano-roaster located in the small city of Chia-Yi in Taiwan that strives to procure and roast the finest quality coffee. Visit www.kakalovecafe.com.tw or email [email\xa0protected] for more information.', 'desc_3': 'A classic Sumatra cup: vibrantly earthy, richly sweet and balanced — harmonizing high-toned stone fruit and floral notes with deep chocolate and sweet earth.', 'roast': 'Medium-Light', 'rating': 94.0, 'loc_country': 'Taiwan'}, {'name': 'Colombia Finca El Paraiso', 'origin_1': 'Cauca', 'origin_2': 'Colombia', 'desc_1': 'Chocolaty, deeply sweet-savory. Dark chocolate, fresh ginger, plum blossom, lemon verbena, Italian parsley in aroma and cup. Savory-leaning structure with sweet undertones and crisp, citrusy acidity; lively, tannic mouthfeel. Gently drying, chocolaty and spice-toned finish.', 'desc_2': 'Produced by Diego Samuel Bermudez Tapia of the Castillo, Caturra and Colombia varieties of Arabica and processed by the double anaerobic method (subject to oxygen-restricted fermentation first in the whole fruit, then, after skins are removed, in the fruit flesh). Dory Coffee Roasters is a Taipei-based nano-roaster of specialty coffee. For more information, visit https://www.facebook.com/dorycoffee99/.', 'desc_3': 'Processed by an experimental anaerobic fermentation method that nets a savory, sweetly spicy and gingery, intriguingly unconventional cup. ', 'roast': 'Medium-Light', 'rating': 93.0, 'loc_country': 'Taiwan'}, {'name': 'Black Swan Blend', 'origin_1': 'Colombia', 'origin_2': 'Guatemala', 'desc_1': 'Evaluated as espresso. Richly sweet-savory, harmoniously integrated. Violet, tangerine zest, dried apricot, cashew butter, a hint of dill in aroma and small cup. Full, syrupy mouthfeel; sweetly tart finish with savory undertones. Deep and umami-rich in three parts milk, with sweet dill juxtaposed with apricot and cashew.', 'desc_2': 'A blend of coffees from Colombia, Guatemala and Ethiopia roasted for espresso. Kakalove Café is a nano-roaster located in the small city of Chia-Yi in Taiwan that strives to procure and roast the finest quality coffee. Visit www.kakalovecafe.com.tw or email [email\xa0protected] for more information.', 'desc_3': 'An unusual and intriguing savory-leaning espresso blend with notes of dried fruit, citrus zest, delicate florals and underlying sweet herb tones.', 'roast': 'Medium-Light', 'rating': 94.0, 'loc_country': 'Taiwan'}]","The best match from the context is **Colombia Finca El Paraiso**.

**Why it fits:**
- **Savory and roasty:** dark chocolate, Italian parsley, ginger
- **Citrus brightness:** lemon verbena
- **Chocolate depth:** dark chocolate
- **Drying finish:** gently drying, tannic finish

If you want, I can also rank the other coffees by how closely they match your flavor description."
High-scoring medium-dark African coffee with chocolate and citrus notes for filter brewing,"[{'name': 'Kenya Zuri', 'origin_1': 'Kenya', 'origin_2': 'Colombia', 'desc_1': 'Deep, sweet, chocolaty. Chocolate fudge, black cherry, fresh-cut fir, hibiscus blossom, brown sugar in aroma and small cup. Sweet-tart structure with crisp, apple-like acidity; velvety-smooth mouthfeel. Gently drying finish with a chocolate throughline and fir undertones.', 'desc_2': 'This coffee tied for the fourth-highest rating in a cupping of single-origin coffees available in U.S. supermarkets for Coffee Review’s February 2020 report. Purchased at a Whole Foods Market in Berkeley, California. Processed by the washed method (fruit skin and pulp are removed before drying). Allegro Coffee, a subsidiary of Whole Foods Market, offers one of the country’s largest selections of single-origin coffees. Visit www.allegrocoffee.com or call 800-227-1107 for more information.', 'desc_3': 'A straightforward, accessible Kenya cup with big chocolate notes as a throughline.', 'roast': 'Medium', 'rating': 90.0, 'loc_country': 'United States'}, {'name': 'Kenya AB', 'origin_1': 'South-Central Kenya', 'origin_2': 'Santa Maria', 'desc_1': 'Roast-touched, floral-toned, richly chocolaty. Narcissus, chocolate fudge, black cherry, almond, lightly scorched mesquite in aroma and cup. Sweet-toned structure with crisp, malic acidity, suggesting green apple; full, creamy mouthfeel. The finish consolidates to chocolate fudge and black cherry with undertones of smoky mesquite.', 'desc_2': 'This coffee earned the second-highest rating in a cupping of coffees from New England roasters for Coffee Review’s February 2019 tasting report. Despite challenges ranging from contested government coffee policy and urban encroachment on prime coffee lands to chronically unstable weather, Kenya continues to produce some of the world’s most elegant and distinctive coffees. Vermont Artisan Coffee & Tea provides craft-roasted coffees and quality teas to retail establishments, food service markets, and retail customers throughout New England, and beyond. For more information, visit \xa0www.vtartisan.com.', 'desc_3': 'A deeply sweet Kenya cup with a developed roast profile that equally prioritizes flowers and chocolate.', 'roast': 'Medium', 'rating': 94.0, 'loc_country': 'United States'}, {'name': 'Kenya Mwiria', 'origin_1': 'South-Central Kenya', 'origin_2': 'Sidama (Also Sidamo) Growing Region', 'desc_1': 'Rich sweet, floral and chocolaty. Magnolia, dark chocolate, date, cedar, pink grapefruit zest in aroma and cup. Crisp, sweet structure with balanced acidity; smooth, satiny mouthfeel. The quiet finish consolidates to magnolia and date in the short, cedar and dark chocolate in the long.', 'desc_2': 'This coffee tied for the fourth-highest rating in a cupping of coffees from U.S. Mountain States roasters for Coffee Review’s October 2018 tasting report. Despite challenges ranging from contested government coffee policy and urban encroachment on prime coffee lands to chronically unstable weather, Kenya continues to produce some of the world’s most elegant and distinctive coffees. Located in southwestern Colorado, Durango Coffee lays claim to a rich coffee history that dates to 1986. Its motto is “Tough Town, Great Coffee.” Visit www.durangocoffee.com or call 800-748-2275 for more information.', 'desc_3': 'A chocolate-toned, floral Kenya cup, with bittersweet notes of citrus zest, pleasingly roasted toward the darker end of medium.', 'roast': 'Medium-Light', 'rating': 92.0, 'loc_country': 'United States'}, {'name': 'Sumatra Dark', 'origin_1': 'Sumatra', 'origin_2': 'Indonesia', 'desc_1': 'Roast-dominant, smoky-sweet. Dark chocolate, burned mesquite, lily, prune, fresh earth in aroma and cup. Bittersweet structure with barely perceptible acidity; heavy, smooth mouthfeel. Persistent dark chocolate notes lift a rather bitter, earthy finish.', 'desc_2': 'This coffee was tested as part of a survey of single-origin coffees available in U.S. supermarkets for Coffee Review’s February 2020 report. Purchased at a Publix supermarket in Winston-Salem, North Carolina. Coffees from the northern part of the Indonesian island of Sumatra are admired for their complex earth, fruit and aromatic wood notes that result largely from unorthodox fruit removal and drying practices. Visit www.starbucks.com for more information.', 'desc_3': 'A good choice for those who like classic dark-roasted Sumatras: earthy-sweet, smoky chocolate.', 'roast': 'Dark', 'rating': 87.0, 'loc_country': 'United States'}, {'name': 'Rhapsody of Dreams', 'origin_1': 'Kenya', 'origin_2': 'Colombia', 'desc_1': 'Chocolaty and floral-toned. Dark chocolate, freesia-like flowers, pluot, pink peppercorn, oak in aroma and cup. Sweet-tart structure with bright, sparkling acidity; very full, syrupy-smooth mouthfeel. Spice-toned, floral finish.', 'desc_2': 'A blend of coffees from Kenya and Colombia, both washed-process, designed for pour-over brewing. Evie’s Café, based in Chia-Yi Taiwan, specializes in fine roasted coffees as well as pour-overs and cold-brews. Visit https://m.facebook.com/eviescafe88/ for more information.', 'desc_3': 'A creative blend of two exceptional green coffees that nets a multi-layered and engaging cup: spice-toned, deeply chocolaty, richly floral.', 'roast': 'Medium-Light', 'rating': 94.0, 'loc_country': 'Taiwan'}]","For a **high-scoring medium-dark African coffee with chocolate and citrus notes for filter brewing**, the best fit in your context is:

## **Kenya Mwiria**
- **Origin:** South-Central Kenya
- **Roast Level:** **Medium-Light** to slightly darker-leaning
- **Quality Rating:** **92.0**
- **Notes:** **Dark chocolate, pink grapefruit zest, magnolia, cedar**
- **Why it fits:** It has the **chocolate + citrus/zest** combo you want, and the tasting note profile is especially nice for filter brewing.

### Why it stands out
- **Chocolate-forward** without getting too roasty
- **Citrus brightness** from pink grapefruit zest
- **Smooth, satiny mouthfeel** that works well in pour-over
- The extraction advice specifically calls it **“chocolate-toned, floral Kenya cup, with bittersweet notes of citrus zest”**

## Suggested filter brew recipe
**Brew Method:** V60 / Pour-over  
* **Coffee:** 20g  
* **Water:** 320g @ 93°C / 199°F  
* **Grind Size:** Medium-fine, like table salt  
* **Total Time:** 3:00–3:30 mins  

**Step-by-Step Instructions:**
1. Rinse the filter and preheat the dripper and server.
2. Add **20g** coffee and pour **40g** water to bloom for **30–45 seconds**.
3. Continue pouring in slow pulses up to **320g** total.
4. Aim for a total brew time of **3:00–3:30**.
5. Taste and adjust: finer grind for more body, coarser for brighter citrus.

## Runner-up
### **Kenya Zuri**
- **Origin:** Kenya
- **Rating:** **90.0**
- **Notes:** **Chocolate fudge, black cherry, fresh-cut fir, hibiscus blossom**
- More **sweet and chocolatey**, but less citrus-driven than Mwiria.

If you want, I can also rank all 5 coffees from **best to least suitable for your exact flavor target**."
Complex Kenya roast with fruit and cocoa flavors that tastes rich but not overly acidic,"[{'name': 'Kenya', 'origin_1': 'Nyeri Growing Region', 'origin_2': 'South-Central Kenya', 'desc_1': 'Sweetly savory, chocolate-toned. Baker’s chocolate, singed cedar, gardenia, plum, molasses in aroma and cup. Crisply sweet-savory structure; delicate, satiny mouthfeel. The richly drying finish centers around baker’s chocolate and pleasantly smoky aromatic wood notes.', 'desc_2': 'Despite grower discontent and urban encroachment on prime coffee lands, Kenya continues to produce some of the world’s most elegant and distinctive coffees. Evie’s Café, based in Chia-Yi Taiwan, specializes in fine roasted coffees as well as pour-overs and cold-brews. Visit https://m.facebook.com/eviescafe88/ for more information.', 'desc_3': 'A friendly Kenya cup that leads with crisp chocolate and deep floral notes, with a medium-dark roast profile that encourages a pleasing suggestion of smoky aromatic wood.', 'roast': 'Medium', 'rating': 92.0, 'loc_country': 'Taiwan'}, {'name': 'Kiamugumo Kenya', 'origin_1': 'Kirinyaga County', 'origin_2': 'South-Central Kenya', 'desc_1': 'Sweet-savory, multi-layered, deep-toned. Tangerine zest, dark chocolate, goji berry, almond nougat, myrrh in aroma and cup. Savory-leaning structure with citrusy acidity; very full, syrupy mouthfeel. Resounding, satisfying finish driven by chocolate and citrus.', 'desc_2': 'Produced by smallholding members of the Ngariama Farmers Cooperative Society from trees of the SL28, SL34, Batian and Ruiru varieties of Arabica and processed by the washed method. JBC Coffee Roasters’ vision is simple: “let the coffee lead the way” through sourcing and roasting the best and most unique coffees available and rewarding the farmers who grow those coffees with substantial premiums. Visit www.jbccoffeeroasters.com or call 608-256-5282 for more information.', 'desc_3': 'A classically compelling Kenya cup: juicy, deep yet bright, balanced, with an especially appealing savory throughline.', 'roast': 'Medium-Light', 'rating': 95.0, 'loc_country': 'United States'}, {'name': 'Kenya Mutungati', 'origin_1': 'Nakuru Province', 'origin_2': 'South-Central Kenya', 'desc_1': 'Bright, richly sweet, complex. Red currant, lilac, dark chocolate, lime zest, redwood in aroma and cup. Sweetly savory in structure, with juicy acidity; plush, syrupy mouthfeel. The balanced finish is resonant with notes of red currant and dark chocolate, with hints of lime zest. ', 'desc_2': 'Produced by farmers of the Mutungati Cooperative from trees of the SL28, SL34, and Ruiru 11 varieties of Arabica. Despite grower discontent and urban encroachment on prime coffee lands, Kenya continues to produce some of the world’s most elegant and distinctive coffees. Propeller is a Toronto-based micro-roaster with a dedication to careful selection and exceptional craft roasting of high-end coffees. Visit www.propellercoffee.com or call 416-479-3771 for more information.', 'desc_3': 'A vibrant fruit- and chocolate-toned Kenya coffee, with an exciting hint of lime zest throughout the profile.', 'roast': 'Medium-Light', 'rating': 94.0, 'loc_country': 'Canada'}, {'name': 'Kenya Murang’a Githiga AA', 'origin_1': 'Muranga District', 'origin_2': 'Central Province', 'desc_1': 'Very sweetly tart, floral-prominent and rich-toned. Lemon custard, red currant jam, tea rose, maple syrup and dried coconut in aroma and cup. Delightfully crisp and tart, though cohesively resonant in structure; very lightly though buoyantly syrupy in mouthfeel. The finish is pert and satisfying, with a lingering sweet crispness and a long aromatic trajectory.', 'desc_2': 'Despite grower discontent and urban encroachment on prime coffee lands, Kenya continues to produce some of the world’s most elegant and distinctive coffees. Evie’s Café, based in Chia-Yi Taiwan, specializes in fine roasted coffees as well as pour-overs and cold-brews. Visit https://m.facebook.com/eviescafe88/ for more information.', 'desc_3': 'Though delicate and perhaps a bit bright for some palates, the integrated breadth of “tart” is reminiscent of fine desserts by the same name. An elegant example of the Kenya type.', 'roast': 'Medium-Light', 'rating': 94.0, 'loc_country': 'Taiwan'}, {'name': 'Kenya AA Kirinyaga', 'origin_1': 'South-Central Kenya', 'origin_2': 'Sidama (Also Sidamo) Growing Region', 'desc_1': 'Richly sweet-savory. Black currant, baker’s chocolate, fine musk, oak, magnolia in aroma and cup. Sweet-tart-savory in structure with juicy, buoyant acidity; satiny-smooth mouthfeel. The finish consolidates to notes of baker’s chocolate and black currant with a hint of fine musk.', 'desc_2': 'Despite challenges ranging from unclear government coffee policy and urban encroachment on prime coffee lands to chronically unstable weather, the famed Kenya coffee auction system and its participating cooperatives continue to produce some of the world’s most elegant and distinctive coffees. AA is the highest grade of Kenya coffee based on bean size and freedom from physical imperfections. Big Creek Coffee Roasters is a small, quality-oriented batch roaster located in Montana’s Bitterroot Valley. Visit www.bigcreekcoffeeroasters.com or call 406-375-7508 for more information.', 'desc_3': 'A classic Kenya cup: balanced, muscularly fruit-toned, elegantly floral.', 'roast': 'Medium-Light', 'rating': 93.0, 'loc_country': 'United States'}]","A great match from the context would be:

**Kenya AA Kirinyaga** or **Kiamugumo Kenya**

Why these fit your request:
- **Fruit + cocoa:** both have **black currant / citrus fruit** alongside **baker’s chocolate / dark chocolate**
- **Rich but not overly acidic:** they’re described as **sweet-savory, balanced, and full-bodied**
- **Complex Kenya character:** layered, elegant, and distinctive without leaning too sharp

Best pick if you want it **richest and most cocoa-forward**:
- **Kenya AA Kirinyaga** — black currant, baker’s chocolate, oak, satiny-smooth mouthfeel

Best pick if you want it **fruitier but still balanced**:
- **Kiamugumo Kenya** — tangerine zest, dark chocolate, goji berry, almond nougat, very full and syrupy

If you want, I can also suggest the **best roast level and brew method** for bringing out the cocoa while keeping acidity in check."
Kakalove Cafe Ethiopia Washed Yirgacheffe Adado Taiwan medium-light roast rating 95,"[{'name': 'Ethiopia COE 2nd place Washed Sidamo Rumudamo', 'origin_1': 'Arbegona', 'origin_2': 'Sidama (Also Sidamo) Growing Region', 'desc_1': 'Crisp, delicately sweet-tart, intricately floral. Narcissus, lime zest, apricot, pipe tobacco, agave syrup in aroma and cup. Sweet-toned with lyrical, juicy acidity; silky, buoyant mouthfeel. Vermouth-like, richly dry finish.', 'desc_2': 'Produced entirely from trees of the admired 74110 selection of Ethiopia Arabica and processed by the washed method (fruit skin and pulp are removed before drying). Kakalove Café is a nano-roaster located in the small city of Chia-Yi in Taiwan that strives to procure and roast the finest quality coffee. Visit www.kakalovecafe.com.tw or email [email\xa0protected] for more information.', 'desc_3': 'An elegant, light-footed, deeply floral washed Ethiopia cup.', 'roast': 'Medium-Light', 'rating': 94.0, 'loc_country': 'Taiwan'}, {'name': 'Ethiopia Washed Sidama Bensa Bombe', 'origin_1': 'Sidama Region', 'origin_2': 'Ethiopia', 'desc_1': 'Delicately sweet-tart, rich-toned. Dried apricot, dark chocolate, cashew butter, plumeria, pink grapefruit zest in aroma and cup. Sweet structure with tart, juicy', 'desc_2': 'Southern Ethiopia coffees like this one are largely produced from distinctive indigenous Ethiopia landrace varieties of Arabica long grown in the region. Processed by the washed method (fruit skin and flesh are removed from the beans before they are dried). Kakalove Cafe is a nano-roaster located in the small city of Chia-Yi in Taiwan that strives to procure and roast the finest quality coffee. Visit\xa0www.kakalovecafe.com.tw\xa0or email\xa0[email\xa0protected]\xa0for more information.', 'desc_3': 'A multi-layered floral-toned Ethiopia cup redolent with stone fruit, dark chocolate and a hint of sweet citrus zest.', 'roast': 'Light', 'rating': 94.0, 'loc_country': 'Taiwan'}, {'name': 'Ethiopia Yirgacheffe Washed Banko Gotiti 3', 'origin_1': 'Kochere', 'origin_2': 'Yirgacheffe Growing Region', 'desc_1': 'Intricately layered, deeply sweet. Wisteria, cocoa nib, nectarine, amber, cashew in aroma and cup. Bright, juicy acidity; plush, syrupy mouthfeel. The resonant, flavor-saturated finish leads with notes of wisteria and nectarine, balanced by suggestions of crisp cocoa.', 'desc_2': 'Southern Ethiopia coffees like this one are largely produced from distinctive traditional Ethiopian landrace varieties of Arabica long grown in the region. Processed by the wet or washed method (fruit skin and pulp are removed before drying). Kakalove Cafe is a nano-roaster located in the small city of Chia-Yi in Taiwan that strives to procure and roast the finest quality coffee. Visit www.kakalovecafe.com.tw or email [email\xa0protected] for more information. ', 'desc_3': 'An elegant, crisply sweet, cocoa-toned washed Yirgacheffe cup with a floral throughline.', 'roast': 'Medium-Light', 'rating': 94.0, 'loc_country': 'Taiwan'}, {'name': 'Ethiopia Yirgacheffe Botabaa Washed G1 21/01', 'origin_1': 'Ochere Woreda', 'origin_2': 'Gedeo Zone', 'desc_1': 'Sweetly tart, decidedly tropical. Ginger blossom, passionfruit, kukui nut, lemon verbena, sugarcane in aroma and cup. Sweet-tart structure with juicy, high-toned acidity; plush, syrupy mouthfeel. The finish is resonant, long, and flavor-saturated.', 'desc_2': 'Southern Ethiopia produces distinctive coffees from largely indigenous, traditional varieties of Arabica long grown in the region. Coffees like this one processed by the wet or washed method (fruit skin and pulp is removed before drying) typically express great aromatic complexity and intensity with a particular emphasis on citrus and floral notes. Kakalove Café is a nano-roaster located in the small city of Chia-Yi in Taiwan that strives to procure and roast the finest quality coffee. Visit www.kakalovecafe.com.tw or email [email\xa0protected] for more information.', 'desc_3': 'A high-toned, juicy-tart, downright heady washed Ethiopia cup with distinct tropical leanings.', 'roast': 'Medium-Light', 'rating': 94.0, 'loc_country': 'Taiwan'}, {'name': 'Ethiopia Washed Yirgacheffe Adado', 'origin_1': 'Yirgacheffe Growing Region', 'origin_2': 'Southern Ethiopia', 'desc_1': 'Elegant, deep, sweetly savory. Jasmine, sandalwood, plum, nutella-like nut and cocoa, tangerine zest in aroma and cup. High-toned, balanced structure with citrusy acidity; syrupy-smooth mouthfeel. The finish is long, resonant and flavor-saturated, carrying through on the promise of the cup.', 'desc_2': 'Southern Ethiopia coffees like this one are produced from distinctive traditional Ethiopian varieties of Arabica long grown in the region. Like virtually all southern Ethiopia coffees, this coffee is produced by villagers on small garden plots interplanted with food and other subsistence crops. Processed by the wet or washed method (fruit skin and pulp are removed before drying). Kakalove Café is a nano-roaster located in the small city of Chia-Yi in Taiwan that strives to procure and roast the finest quality coffee. Visit www.kakalovecafe.com.tw or email [email\xa0protected] for more information.', 'desc_3': 'A bright, lively, juicy washed Yirgacheffe coffee: classic in structure and style.', 'roast': 'Medium-Light', 'rating': 95.0, 'loc_country': 'Taiwan'}]","**Kakalove Cafe Ethiopia Washed Yirgacheffe Adado** is a **medium-light roast** from **Taiwan**, and it’s rated **95.0**.

**Quick profile:**
- **Origin:** Yirgacheffe Growing Region, southern Ethiopia
- **Process:** Washed
- **Roast Level:** Medium-Light
- **Rating:** 95.0

**Flavor notes:**
- Jasmine
- Sandalwood
- Plum
- Nutella-like nut and cocoa
- Tangerine zest

**Cup style:**
- **Bright, lively, juicy**
- **High-toned but balanced**
- **Syrupy-smooth mouthfeel**
- **Long, resonant finish**

If you want, I can also turn this into a **brewing recommendation** for V60, Aeropress, or espresso."
"Kakalove Cafe washed Ethiopia coffee with jasmine-like florals, citrus brightness, and a smooth heavy body","[{'name': 'Ethiopia Washed Yirgacheffe Adado', 'origin_1': 'Yirgacheffe Growing Region', 'origin_2': 'Southern Ethiopia', 'desc_1': 'Elegant, deep, sweetly savory. Jasmine, sandalwood, plum, nutella-like nut and cocoa, tangerine zest in aroma and cup. High-toned, balanced structure with citrusy acidity; syrupy-smooth mouthfeel. The finish is long, resonant and flavor-saturated, carrying through on the promise of the cup.', 'desc_2': 'Southern Ethiopia coffees like this one are produced from distinctive traditional Ethiopian varieties of Arabica long grown in the region. Like virtually all southern Ethiopia coffees, this coffee is produced by villagers on small garden plots interplanted with food and other subsistence crops. Processed by the wet or washed method (fruit skin and pulp are removed before drying). Kakalove Café is a nano-roaster located in the small city of Chia-Yi in Taiwan that strives to procure and roast the finest quality coffee. Visit www.kakalovecafe.com.tw or email [email\xa0protected] for more information.', 'desc_3': 'A bright, lively, juicy washed Yirgacheffe coffee: classic in structure and style.', 'roast': 'Medium-Light', 'rating': 95.0, 'loc_country': 'Taiwan'}, {'name': 'Ethiopia COE 2nd place Washed Sidamo Rumudamo', 'origin_1': 'Arbegona', 'origin_2': 'Sidama (Also Sidamo) Growing Region', 'desc_1': 'Crisp, delicately sweet-tart, intricately floral. Narcissus, lime zest, apricot, pipe tobacco, agave syrup in aroma and cup. Sweet-toned with lyrical, juicy acidity; silky, buoyant mouthfeel. Vermouth-like, richly dry finish.', 'desc_2': 'Produced entirely from trees of the admired 74110 selection of Ethiopia Arabica and processed by the washed method (fruit skin and pulp are removed before drying). Kakalove Café is a nano-roaster located in the small city of Chia-Yi in Taiwan that strives to procure and roast the finest quality coffee. Visit www.kakalovecafe.com.tw or email [email\xa0protected] for more information.', 'desc_3': 'An elegant, light-footed, deeply floral washed Ethiopia cup.', 'roast': 'Medium-Light', 'rating': 94.0, 'loc_country': 'Taiwan'}, {'name': 'Ethiopia Yirgacheffe Botabaa Washed G1 21/01', 'origin_1': 'Ochere Woreda', 'origin_2': 'Gedeo Zone', 'desc_1': 'Sweetly tart, decidedly tropical. Ginger blossom, passionfruit, kukui nut, lemon verbena, sugarcane in aroma and cup. Sweet-tart structure with juicy, high-toned acidity; plush, syrupy mouthfeel. The finish is resonant, long, and flavor-saturated.', 'desc_2': 'Southern Ethiopia produces distinctive coffees from largely indigenous, traditional varieties of Arabica long grown in the region. Coffees like this one processed by the wet or washed method (fruit skin and pulp is removed before drying) typically express great aromatic complexity and intensity with a particular emphasis on citrus and floral notes. Kakalove Café is a nano-roaster located in the small city of Chia-Yi in Taiwan that strives to procure and roast the finest quality coffee. Visit www.kakalovecafe.com.tw or email [email\xa0protected] for more information.', 'desc_3': 'A high-toned, juicy-tart, downright heady washed Ethiopia cup with distinct tropical leanings.', 'roast': 'Medium-Light', 'rating': 94.0, 'loc_country': 'Taiwan'}, {'name': 'Ethiopia Washed Yirgacheffe Nafasha Lot', 'origin_1': 'Yirgacheffe Growing Region', 'origin_2': 'Southern Ethiopia', 'desc_1': 'Crisp, citrusy, deeply sweet. Lemon verbena, cacao nib, agave syrup, cedar, freesia-like flowers in aroma and cup. Sweet-tart structure with high-toned, lively acidity; full, viscous mouthfeel. The finish consolidates to notes of citrus-toned cocoa and freesia.', 'desc_2': 'Southern Ethiopia coffees like this one are largely produced from distinctive indigenous Ethiopian varieties of Arabica long grown in their respective regions. Processed by the wet or washed method, in which skin and fruit flesh are removed from the beans or seeds before they are dried. Kakalove Café is a nano-roaster located in the small city of Chia-Yi in Taiwan that strives to procure and roast the finest quality coffee. Visit www.kakalovecafe.com.tw or email [email\xa0protected] for more information.', 'desc_3': 'An integrated, citrus-inflected washed Ethiopia cup with a cocoa throughline and spicy floral notes, particularly in the aroma.', 'roast': 'Medium-Light', 'rating': 94.0, 'loc_country': 'Taiwan'}, {'name': 'Ethiopia Natural Sidama TAMIRU 74158', 'origin_1': 'Sidama Growing Region', 'origin_2': 'Southern Ethiopia', 'desc_1': 'Provocatively sweet, richly floral, musky. Aromatic orchid, cocoa nib, finger lime, fine musk, toffee in aroma and cup. Elegantly tart in structure with bright, juicy acidity; crisp yet syrupy mouthfeel. Very long, flavor-laden finish.', 'desc_2': 'Produced by Tamiru Tadesse entirely of the 74165 variety of Arabica, and processed by the natural method (dried in the whole fruit). Kakalove Cafe is a nano-roaster located in the small city of Chia-Yi in Taiwan that strives to procure and roast the finest quality coffee. Visit www.kakalovecafe.com.tw or email [email\xa0protected] for more information.', 'desc_3': 'A poetically complex Ethiopia natural cup, uniquely composed with spicy florals, deep fruit, and decadent musk notes.', 'roast': 'Medium-Light', 'rating': 96.0, 'loc_country': 'Taiwan'}]","The **best match** in the context is:

**Ethiopia Washed Yirgacheffe Adado**  
- **Jasmine-like florals:** jasmine, sandalwood  
- **Citrus brightness:** tangerine zest, citrusy acidity  
- **Smooth heavy body:** syrupy-smooth mouthfeel

**Why it fits:**  
It’s described as an **elegant, deep, sweetly savory washed Ethiopia** with **jasmine**, **citrusy acidity**, and a **syrupy-smooth mouthfeel**, which lines up very closely with your description.

If you want, I can also give you:
- a **2nd-best match**
- a **short tasting note**
- or a **brew recipe** to highlight those florals and body."
