question,answer_llm,score,reasoning
"A.R.C. ""Sweety"" Espresso Blend Hong Kong medium-light Panama Ethiopia rating 95 November 2017","**A.R.C. “Sweety” Espresso Blend**

- **Location/Country:** Hong Kong  
- **Roast Level:** Medium-Light  
- **Quality Rating:** **95/100**  
- **Origin Blend:** **Panama + Ethiopia**

**Tasting Profile:**
- Sweet-toned, deeply rich, and chocolaty
- Aromas/flavors of **vanilla paste, dark chocolate, narcissus, pink grapefruit zest, and black cherry**
- **Plush, syrupy mouthfeel**
- Long, flavor-saturated finish
- In milk: chocolate gets richer, with vanilla, black cherry, and floral citrus notes

**Extraction Style:**
- Works well as a **straight espresso shot**
- Also shines in **milk drinks**
- Expect **dark chocolate and black cherry** to stand out clearly

If you want, I can also turn this into a **one-line coffee review summary** or compare it to the other A.R.C. espresso blend in the context.",good,"The generated answer is fully supported by the retrieved context. It correctly identifies the coffee as A.R.C. “Sweety” Espresso Blend, with Hong Kong as the location, Medium-Light roast, rating 95, and origins Panama and Ethiopia. The tasting notes, mouthfeel, finish, and milk-drink behavior all match the provided descriptions. It does not introduce unsupported facts beyond mild paraphrasing and optional conversational offer."
"Espresso blend that tastes plush and syrupy, with chocolate depth and a long fruit-tinged finish","A strong match from your context is **Poseidon Blend Espresso**.

**Why it fits:**
- **Plush / syrupy mouthfeel:** described as **“syrupy-smooth mouthfeel”**
- **Chocolate depth:** **Nutella**, **sweet cocoa**, and **hazelnut** tones
- **Long fruit-tinged finish:** **watermelon** and **pink grapefruit zest**, with a **long, flavor-saturated finish**
- It’s also noted as excellent as a straight shot and in milk

**Other good fits:**
- **“Sweety” Espresso Blend** — **plush, syrupy**, dark chocolate, black cherry, and a **flavor-saturated finish**
- **Fruit of the Goddess Espresso Blend** — **creamy-smooth**, long chocolaty finish, with **black cherry** and layered fruit/floral complexity

If you want the **closest single answer** to “plush and syrupy, with chocolate depth and a long fruit-tinged finish,” I’d pick **Poseidon Blend Espresso**.",bad,"The answer is not fully grounded in the retrieved context. While 'Poseidon Blend Espresso' does have a 'syrupy-smooth mouthfeel' and a 'long, flavor-saturated finish,' the context does not describe it as plush, nor does it explicitly emphasize 'chocolate depth' in the same way as other options. More importantly, the best direct match to 'plush and syrupy, with chocolate depth and a long fruit-tinged finish' is actually '“Sweety” Espresso Blend,' which is explicitly 'plush, syrupy,' 'deeply rich, chocolaty,' and has a 'resonant, flavor-saturated finish' with fruit notes. The response presents Poseidon as the strongest match without adequately aligning with the exact wording in the context. Since the final recommendation is not the most supported match and includes some interpretive overreach, it should be marked bad."
"High-scoring espresso blend that works well both as a straight shot and in milk, with chocolate and berry notes","A great match from your context is **“Sweety” Espresso Blend**.

- **Quality Rating:** 95.0
- **Profile:** **dark chocolate, black cherry, vanilla paste**, with a plush, syrupy body
- **Why it fits:** It’s described as **shining equally in the straight shot and in milk**, with rich chocolate and cherry character that stays expressive in milk

**Other strong options:**
- **Poseidon Blend Espresso** — 95.0, more **fruit-forward and floral**, with cocoa and hazelnut in milk
- **Classic Blend** — 92.0, **chocolate + bing cherry**, very solid for both straight espresso and milk drinks

If you want the **most chocolate-and-berry-forward high-scoring espresso blend**, I’d pick **Sweety Espresso Blend**.",good,"The answer is grounded in the retrieved context. It identifies “Sweety” Espresso Blend, which is rated 95.0 and is explicitly described as shining equally in the straight shot and in milk, with rich dark chocolate and black cherry notes. Black cherry is a berry note, so the chocolate-and-berry framing is supported. The answer also includes other context-supported alternatives (Poseidon Blend Espresso and Classic Blend) with their ratings and flavor descriptions. No unsupported claims or contradictions are present."
"Sweet, rich espresso blend with a heavy body and bright fruit accents for espresso and milk drinks","For **sweet, rich espresso with a heavy body and bright fruit accents**, the best match from your context is:

## **Top Pick: Poseidon Blend Espresso**
- **Why it fits:**  
  - **Rich and elegant** with **fruit and floral** complexity
  - Notes of **watermelon, pink grapefruit zest, Nutella, sandalwood**
  - **Syrupy-smooth mouthfeel** and a **long, flavor-saturated finish**
  - Works **well as a straight shot and in milk**

## **Runner-Up: Fruit of the Goddess Espresso Blend**
- **Why it fits:**  
  - **Juicy, sweet-tart, rich and deep**
  - Notes of **black cherry, dark chocolate, sage, star jasmine**
  - **Creamy-smooth mouthfeel**
  - Especially good in **cappuccino-scaled milk**

## **Also Strong for Milk Drinks: “Sweety” Espresso Blend**
- **Why it fits:**  
  - **Sweet-toned, deeply rich, chocolaty**
  - Bright accent of **pink grapefruit zest** and **black cherry**
  - **Plush, syrupy mouthfeel**
  - Excellent in both **straight espresso and milk**

## **Best overall recommendation**
If you want **heavy body + bright fruit accents + strong espresso/milk versatility**, I’d choose:

**Poseidon Blend Espresso**

If you want, I can also rank these by:
- **most chocolate-forward**
- **most fruity**
- **best for cappuccino / latte**
- **best straight espresso**",bad,"The answer is mostly grounded in the retrieved context. It correctly identifies Poseidon Blend Espresso as a strong match for fruit and floral notes and milk versatility, and its descriptions of Fruit of the Goddess and Sweety are supported by the context. However, the user asked for a blend with a heavy body and bright fruit accents, and the answer claims Poseidon has a 'heavy body' / 'heavy body + bright fruit accents' without direct support: the context says 'syrupy-smooth mouthfeel' and fruity notes, but not 'heavy body.' It also does not explicitly compare body across the options using only supported facts. Because of this unsupported wording, the response is not fully grounded."
"A.R.C. Flora Blend Espresso, Hong Kong, rating 94, medium-light roast, Africa and Asia Pacific blend","**A.R.C. Flora Blend Espresso — Hong Kong**

- **Coffee Name:** Flora Blend Espresso  
- **Roast Level:** Medium-Light  
- **Quality Rating:** 94  
- **Location/Country:** Hong Kong  
- **Blend Style:** Espresso blend of **Africa + Asia-Pacific** coffees

**Flavor Profile:**
- **Straight shot:** sweetly tart, **floral-toned**
- **Aromas / small cup:** **honeysuckle, oak, dried apricot, dark chocolate, thyme**
- **Body:** delicately **syrupy**
- **Finish:** gently drying, **floral-driven** in the short finish; **sweet herb-toned** in the long finish

**In Milk:**
- In cappuccino-style milk drinks, **chocolate, florals, and fruit** take center stage
- **Thyme-like herbal notes** follow gently

**Extraction Advice:**
- Best as a **floral-driven straight espresso shot**
- Also works very well in **cappuccino-scaled milk drinks**, where the stone fruit and chocolate notes get amplified

**Quick takeaway:**  
This looks like a **bright, elegant espresso blend** with a clear **floral-fruit-chocolate** profile and a medium-light roast that should taste lively rather than heavy.",good,"The generated answer is well-grounded in the retrieved context. It correctly states the coffee name, location, roast level, rating, and blend origins (Africa + Asia Pacific). The flavor descriptors in straight shot and milk—sweetly tart, floral-toned, honeysuckle, oak, dried apricot, dark chocolate, thyme, syrupy body, and the floral-driven/sweet herb-toned finish—are all supported by the context. The brief takeaway is a paraphrase of the provided tasting notes and does not introduce unsupported specifics. No clear hallucinations or contradictions are present."
"Floral espresso with stone fruit, chocolate, and a light syrupy body","For a **floral espresso with stone fruit, chocolate, and a light syrupy body**, the **best match from the context is:**

### **Poseidon Blend Espresso**
- **Why it fits:** It’s described as **richly floral-toned** with **watermelon, pink grapefruit zest**, **Nutella**, and **tiger lily**, plus a **syrupy-smooth mouthfeel** and elegant balance.
- It’s not explicitly stone-fruit-forward, but it’s the closest fit for **floral + syrupy + chocolate** with a bright, fruit-driven profile.

### **Also worth considering: Signature Floral Orange**
- **Why:** It has **baker’s chocolate**, **pomegranate**, **gardenia**, and a **lean, smooth mouthfeel**.
- More citrus/fruit than stone fruit, but it leans lighter and more floral than the others.

### **Less suitable options**
- **Floral Samurai** — more **dark chocolate, nut, and full syrupy body**, but less fruit-forward.
- **Espresso Blend Classic No. 1** — very **chocolatey and floral**, with **black cherry**, but also fuller-bodied.
- **Chocolate Lover’s Espresso** — strongest on **chocolate**, but less aligned with the light floral/stone fruit direction.

If you want, I can also **rank all 5 from closest to farthest match** for that flavor target.",good,"The generated answer stays within the retrieved context for the most part. It identifies Poseidon Blend Espresso and Signature Floral Orange as plausible matches based on their floral, fruity, chocolate, and mouthfeel descriptions, and it does not invent unsupported specific tasting notes for those coffees. However, the user’s query is phrased like a search for the coffee matching a flavor description, and the answer hedges rather than giving a direct best match. The key issue is that it states Poseidon is closest despite the context not explicitly mentioning stone fruit; this is an inference rather than a direct fact, but it is reasonably grounded. No clear contradiction or hallucinated product details appear. Overall, the response addresses the query using retrieved facts without obvious fabrication."
Medium-light espresso blend that tastes floral and fruity with chocolate and herbal notes,"A great match from your context is:

**Poseidon Blend Espresso**
- **Roast Level:** **Medium-Light**
- **Why it fits:** It’s described as **richly floral-toned, elegant, balanced** with **watermelon, pink grapefruit zest, sandalwood, and tiger lily** in the cup, plus **sweet cocoa and hazelnut** in milk.
- **Style match:** This one leans most clearly into **floral + fruity** while still keeping **chocolate** in the profile, and the **sandalwood / herbal-adjacent** character gives it a more aromatic, nuanced edge.

If you want a slightly **more chocolate-forward** option with floral and herbal notes, consider:

**Flora Blend Espresso**
- **Roast Level:** **Medium-Light**
- **Notes:** **Honeysuckle, dried apricot, dark chocolate, thyme**
- This is the best fit if you specifically want **floral, fruity, chocolate, and herbal** all in one blend.

If you want, I can also rank all 5 blends from **most floral-fruity** to **most chocolate-heavy**.",bad,"The response is mostly grounded in the retrieved context. It correctly identifies Poseidon Blend Espresso and Flora Blend Espresso as medium-light espresso blends with floral/fruity and chocolate notes, and the note descriptions it quotes are supported by the context. However, it introduces unsupported interpretive language such as calling sandalwood “herbal-adjacent,” which is not stated in the context. The bigger issue is that the user asked for a single match, but the answer gives multiple options; still, this does not invalidate the factual content. Overall, the factual alignment is strong enough, but the unsupported characterization makes it slightly shaky."
"High-scoring espresso blend that works well straight and in milk drinks, with a sweet tart finish","For a **high-scoring espresso blend** that works beautifully **both straight and in milk**, with a **sweet-tart finish**, the best fit from your context is:

## **Fruit of the Goddess Espresso Blend**
- **Quality Rating:** 94
- **Roast Level:** Medium-Light
- **Origin:** Kenya
- **Blend:** Kenya, Costa Rica, Ethiopia
- **Why it fits:** It’s described as **“complex, layered”** with **sweetly tart fruit notes** on top and **dark chocolate underneath**, and it’s explicitly noted as **compelling both in the straight shot and in milk**.
- **Flavor highlights:** black cherry, dark chocolate, sage, star jasmine, sandalwood
- **Finish:** **long, lingering, chocolaty**

### Other strong matches
- **“Sweety” Espresso Blend** — **95 rating**, very good in straight shot and milk, with **black cherry + dark chocolate + pink grapefruit zest**
- **Poseidon Blend Espresso** — **95 rating**, excellent as both espresso and in milk, with **fruit and flowers** and a high-toned profile

### Best overall pick for your exact brief
If you want **sweet-tart, chocolatey, and milk-friendly**, go with **Fruit of the Goddess Espresso Blend**.

If you want, I can also rank these three by **best for straight espresso**, **best for cappuccinos/lattes**, or **most fruit-forward**.",good,"The answer is well-grounded in the retrieved context. It identifies Fruit of the Goddess Espresso Blend as a strong match because the context explicitly describes it as a complex layered espresso blend with sweetly tart fruit notes and as compelling both in the straight shot and in milk. The added details about rating, roast level, origins, flavor notes, and finish are all supported by the context. The mention of Sweety and Poseidon as other strong matches is also consistent with the context, and no unsupported claims are introduced. It answers the user’s query directly and appropriately."
"Elegant espresso blend for cappuccino with fruit, cocoa, and gentle herb-like notes","For the flavor profile you want, the **best match is Flora Blend Espresso**.

**Why it fits:**
- **Fruit:** dried apricot
- **Cocoa/chocolate:** dark chocolate
- **Gentle herb-like note:** thyme
- **Elegant/floral character:** honeysuckle
- It’s described as **especially attractive in cappuccino-scale milk**, where **chocolate, florals, and fruit** all come forward.

**Runner-up options:**
- **Espresso Fino** — best if you want **more cocoa and apricot**, with a bit of cedar and magnolia.
- **Syunmei Espresso Blend** — best if you want **brighter cherry fruit** with dark chocolate and a more accessible cappuccino profile.

If you want, I can also rank these by **best for cappuccino**, **best for straight espresso**, or **best for a more modern fruity espresso**.",good,"The answer is well grounded in the retrieved context. Flora Blend Espresso is directly supported as having dried apricot, dark chocolate, thyme, honeysuckle, and being amplified with chocolate, florals, and fruit in cappuccino-scale milk, which matches the user’s request for an elegant espresso blend for cappuccino with fruit, cocoa, and gentle herb-like notes. The runner-up suggestions are also supported by the context: Espresso Fino has dried apricot, cocoa powder, cedar, and magnolia; Syunmei Espresso Blend has Bing cherry, dark chocolate, fir, almond, gardenia, and is especially attractive in cappuccino format. No unsupported or contradictory facts are introduced."
Revel Coffee Ethiopia Shakiso Mormora Guji Zone Southern Ethiopia rating 92 medium-light roast,"**Revel Coffee Ethiopia Shakiso Mormora, Guji Zone, Southern Ethiopia**
- **Rating:** **92.0**
- **Roast Level:** **Medium-Light**
- **Origin:** **Guji Zone, Southern Ethiopia**
- **Roaster:** **Revel Coffee** (Billings, Montana, USA)

**Flavor profile**
- **Crisply sweet and cocoa-toned**
- Notes of **lemon blossom, roasted cacao nib, date, rice candy, and white peppercorn**
- **Savory-tart structure**
- **Delicate, silky mouthfeel**
- Finish is **richly drying**, with **cocoa, floral sweetness, and a hint of spice**

**Extraction / tasting advice**
- Expect a **gently spice-toned, floral-driven washed Ethiopia cup**
- Cocoa notes should show up clearly in the cup, with **bright floral aromatics** and a **clean, structured finish**

**In short:**  
A **classic southern Ethiopia washed coffee** with **floral lift, cocoa depth, and a lightly spicy finish**—very refined and complex for a **92-point** coffee.

If you want, I can also turn this into a **one-line tasting note**, a **brew recommendation**, or a **comparison with similar Guji coffees**.",good,"The generated answer is well grounded in the retrieved context: it correctly identifies the coffee name, rating 92.0, medium-light roast, origin (Guji Zone, Southern Ethiopia), and roaster Revel Coffee/Billings, Montana. The flavor notes and finish description closely match the provided tasting notes. However, it adds some interpretive framing such as 'Extraction / tasting advice' and 'classic southern Ethiopia washed coffee' that is broadly supported by the context but not explicitly stated for this specific product beyond the wet-processed/described notes. This does not materially contradict the context. Overall it addresses the query with supported facts and no clear hallucinations."
"Medium-light Ethiopian coffee with cocoa, floral aroma, lemony sweetness, and a silky body","The **best match** for **medium-light Ethiopian coffee with cocoa, floral aroma, lemony sweetness, and a silky body** is:

**Document 5 — Ethiopia Halo Hartume Daniel Mijane**

**Why it fits:**
- **Medium-Light roast**
- **Floral aroma:** lilac
- **Cocoa note:** cocoa nib
- **Lemony/citrusy sweetness:** pink grapefruit zest
- **Silky body:** “richly silky mouthfeel”
- Also has a **balanced, sweet-tart** Ethiopian profile that lines up well with your description

**Runner-up:**
- **Document 4 — Gedeb Yirgacheffe Ethiopia**
  - Has **cacao nib** and **hop flowers**, plus a **full, satiny mouthfeel**
  - But it reads a bit more **maple/apricot and savory** than lemony

If you want, I can also rank all 5 from **closest to farthest match** for your flavor description.",bad,"The answer is partially grounded but includes unsupported and slightly incorrect claims. The context supports that Ethiopia Halo Hartume Daniel Mijane is medium-light, has cocoa nib, lilac, pink grapefruit zest, and a richly silky mouthfeel, so it is a plausible match. However, the user asked for a coffee with cocoa, floral aroma, lemony sweetness, and silky body; the response substitutes 'pink grapefruit zest' for lemony sweetness, which is not directly stated in the context. It also labels Gedeb Yirgacheffe Ethiopia as 'Document 4' and compares it as 'cacao nib' and 'hop flowers'—the context uses 'roasted cacao nib' and 'hop flowers,' but that is acceptable. The main issue is that the answer does not clearly acknowledge that no coffee explicitly says 'lemony sweetness'; it infers this from grapefruit zest. Since the task requires strict grounding, that inference makes the response not fully supported."
"Washed Ethiopia coffee with sweet cocoa notes, floral complexity, and a gently spicy finish","A great match from the context is:

**Ethiopia Banko Gotiti**

- **Why it fits:** It’s a **washed Ethiopia** with **richly aromatic floral character**, **cocoa nib**, and a **spice-toned** finish.
- **Flavor highlights:** **Narcissus-like flowers, cocoa nib, peach, lemon verbena**, with a **deep, cocoa-toned finish** and a subtle spicy/herbal edge.
- **Style:** **Medium-Light roast** with vibrant acidity and a syrupy mouthfeel.

If you want, I can also suggest:
- a **brew recipe** that will highlight the cocoa and floral notes, or
- a **second-best match** if you want something even more fruit-forward or more cocoa-heavy.",good,"The generated answer is grounded in the context. It identifies Ethiopia Banko Gotiti, which is indeed a washed Ethiopia coffee, and cites supported notes: narcissus-like flowers, cocoa nib, spice-toned, lemon verbena, and a deep cocoa-toned finish. Medium-Light roast is also supported. The only slight issue is that the user asked for a coffee with sweet cocoa notes, floral complexity, and a gently spicy finish; while the answer reasonably matches this, it does not explicitly compare alternatives or state why it is the best fit beyond the provided notes. However, it still addresses the query accurately without inventing facts."
"Looking for a high-scoring light-to-medium roast with floral notes, cocoa, and a delicate mouthfeel","Based on your taste target — **high-scoring, light-to-medium roast, floral notes, cocoa, and a delicate mouthfeel** — the **best match in this set is:**

## **Santa Elena Colombia Caturra Natural**
- **Roast Level:** Medium-Light  
- **Quality Rating:** **92.0**
- **Why it fits:**
  - **Floral notes:** *freesia-like flowers*
  - **Cocoa:** *cocoa nib* and a cocoa-led finish
  - **Delicate mouthfeel:** *crisp, satiny mouthfeel*
  - **Light-to-medium profile:** sweet-tart, gently bright, and approachable

### Why not the others?
- **Red Sunset by Andres Cardona** — very high-scoring, but it leans more **fruit-forward** with lychee, black cherry, and almond than floral/cocoa.
- **Colombia Finca El Paraiso** — has chocolate and floral elements, but it’s more **savory, spicy, and tannic** than delicate.
- **Twenty Five** — extremely high-scoring and complex, but it reads more **espresso-rich and creamy** with tropical/caramelized character than light floral cocoa.
- **Dark Roast Holiday Blend** — not a fit for light-to-medium or delicate; it’s roast-heavy and smoky.

### Quick pick
If you want the **closest overall match**, go with **Santa Elena Colombia Caturra Natural**.  
If you want the **highest-scoring option overall**, **Twenty Five** is the top score — but it’s less aligned with your flavor preferences.

If you want, I can also rank these **from best to worst for your exact flavor target**.",good,"The answer is grounded in the retrieved context. It correctly identifies Santa Elena Colombia Caturra Natural as a medium-light roast with a 92.0 rating, floral notes ('freesia-like flowers'), cocoa nib, and a crisp, satiny mouthfeel. It also accurately notes that Twenty Five has the highest rating (96.0) but is less aligned with the stated flavor target, and the brief comparisons to the other coffees match their described profiles. No unsupported facts were introduced."
"A sweet, aromatic African coffee with cacao flavors and subtle spice for filter brewing","A great match from the context is:

**Coffee Name:** **Rhapsody of Dreams**
- **Origin:** Kenya
- **Why it fits:** It’s described as **deeply chocolaty, richly floral, and spice-toned** with **dark chocolate** and **pink peppercorn** notes—very close to the sweet, aromatic African cup with cacao and subtle spice you’re after.
- **Best brew style:** **Pour-over / filter**
- **Roast Level:** **Medium-Light**

If you want, I can also give you a **filter brew recipe** for it:
- **Coffee:** 15g
- **Water:** 240g @ **93°C / 199°F**
- **Grind Size:** Medium-fine, like table salt
- **Ratio:** **1:16**
- **Total Time:** about **2:30–3:00 mins**

**Step-by-Step Instructions:**
1. Rinse the filter and preheat your dripper and cup.
2. Add **15g coffee**, then pour **40g** of water to bloom for **30–45 sec**.
3. Pour in slow circles up to **240g total**.
4. Let it draw down and serve.

If you’d like, I can also suggest **the best of the other Kenya options** for a more **fruit-forward** or more **classic chocolatey** profile.",bad,"The answer identifies Rhapsody of Dreams, which is supported by the context as a Kenya coffee with chocolaty, floral, and spice-toned notes and designed for pour-over brewing. However, it adds an unsupported detail by implying a specific brew recipe (coffee dose, water temperature, grind, ratio, timing) that is not present in the retrieved context. Since the instructions require all factual claims to be grounded in context, the inclusion of invented brewing parameters makes the response not fully supported. It also slightly overstates 'cacao flavors' as 'dark chocolate' and 'cacao' is not explicitly stated for this coffee, though that is close enough if framed as an interpretation. The unsupported recipe details are the main issue."
"1. Roast House Ethiopia Suke Quto Medium-Light from United States, origin Guji Zone Oromia Region, rating 92","**Roast House Ethiopia Suke Quto Medium-Light**  
- **Origin:** Guji Zone, Oromia Region, Ethiopia  
- **Roast Level:** Medium-Light  
- **Location/Country:** United States  
- **Quality Rating:** 92.0

**Tasting Profile:**  
- **Aroma/Cup:** Pink peppercorn, date, myrrh, lavender, roasted cacao nib  
- **Acidity:** Crisp, spice-toned with citrus-like acidity  
- **Mouthfeel:** Satiny, very smooth  
- **Finish:** Crisply sweet with spice and pungent floral notes

**Processing & Background:**  
- **Process:** Wet-processed / washed  
- **Typical Ethiopian character:** Floral, aromatic, and complex  
- **Origin context:** Grown by villagers on small garden plots interplanted with food crops

**Extraction Advice:**  
- Expect **lavender-like florals** and **zesty pink peppercorn** notes to shine, especially in a clean brew.

If you want, I can also turn this into a **brew recommendation** for **pour-over, espresso, or French press**.",good,"The generated answer is well grounded in the retrieved context. It correctly states the coffee name, origin (Guji Zone, Oromia Region), roast level (Medium-Light), country (United States), and rating (92.0). The tasting profile details match the provided descriptors, and the wet-processed/washed background, floral complexity, and small garden-plot sourcing are all supported by the context. The only extra content is the offer to provide brew recommendations, which is conversational and not factual. No contradictions or invented factual claims are present."
"2. Lightly roasted Ethiopian coffee with floral aromatics, pink pepper-like spice, citrusy brightness, and a smooth, silky body","The best match is **Document 4: Ethiopia Yirgacheffe Botabaa G1**.

**Why it fits:**
- **Lightly roasted Ethiopian coffee**: Yes, **Medium-Light**
- **Floral aromatics**: **Gardenia-like flowers**
- **Pink pepper-like spice**: **Pink peppercorn**
- **Citrusy brightness**: **Lemon verbena**, vibrant acidity
- **Smooth, silky body**: **Full, satiny mouthfeel**

**Closest alternative:**  
- **Document 2: Ethiopia Suke Quto** — also has **pink peppercorn**, **lavender**, **citrus-like acidity**, and a **satiny, very smooth mouthfeel**, but it’s more spice-toned than floral-citrus overall.

So the answer is **Ethiopia Yirgacheffe Botabaa G1**.",good,"The generated answer is grounded in the retrieved context. It identifies Ethiopia Yirgacheffe Botabaa G1, which is medium-light roasted and has gardenia-like flowers, pink peppercorn, lemon verbena/citrusy acidity, and a full, satiny mouthfeel—matching the query well. It also correctly notes Ethiopia Suke Quto as a plausible alternative with similar pink peppercorn, citrus-like acidity, and smooth mouthfeel. No unsupported factual claims are introduced."
"3. Washed coffee with sweet spice notes, flower-like aroma, lively acidity, and a clean, satiny finish","**Best match: Document 3 — Costa Rica La Rejolla Washed Geisha**

Why it fits:
- **Washed process**: explicitly listed
- **Sweet spice notes**: baking chocolate, vanilla bean, oak forest
- **Flower-like aroma**: orange blossom, floral-toned aroma
- **Lively acidity**: described as **floral acidity** and crisp sweetness
- **Clean, satiny finish**: very smooth mouthfeel with a refined chocolaty finish

If you want, I can also rank the **top 2–3 closest matches** and explain why each one compares.",bad,"The response identifies a plausible match, but it is not fully grounded and contains some weakly supported phrasing. 'Costa Rica La Rejolla Washed Geisha' is indeed washed, floral-toned, and has baking chocolate, orange blossom, and a smooth mouthfeel with a chocolaty finish. However, the justification stretches the context by treating 'baking chocolate, vanilla bean, oak forest' as 'sweet spice notes' and 'floral acidity' as 'lively acidity' without exact support; more importantly, the context does not explicitly say 'clean' or 'satiny' for this coffee, only 'very smooth, full mouthfeel.' The better-supported match could be inferred, but the answer is slightly imprecise and includes unsupported wording rather than sticking closely to the retrieved text."
4. High-scoring organic African coffee with delicate floral complexity and bright acidity from a small-batch roaster,"**Best match: Ethiopia Suke Quto**

Why it fits:
- **High-scoring:** **92.0**
- **Organic-certified African coffee**
- **Delicate floral complexity:** notes of **lavender** and **pungent floral** character
- **Bright acidity:** **citrus-like acidity**
- **Small-batch roaster:** **Roast House** is described as a **small-batch, quality-focused roaster**

Quick note:
- If you want something even more **floral and sparkling**, **Ardent Ethiopia Natural** is the most intense floral/bright option here, but it’s **not identified as organic** in the context.
- If you want a more **cocoa-toned floral organic** option, **Ethiopia Shakiso Mormora** is also a strong fit.

If you'd like, I can rank **all 5 coffees** from best to least fitting for this description.",good,"The answer is grounded in the context and identifies Ethiopia Suke Quto, which is an organic-certified African coffee with floral notes ('lavender', 'pungent floral') and citrus-like acidity, and it is from Roast House, described as a small-batch, quality-focused roaster. The score of 92.0 is supported. The caveat about Ardent Ethiopia Natural not being identified as organic is also consistent with the context. No unsupported factual claims are introduced."
"5. Smooth, aromatic Ethiopian coffee with sweet spice, citrus lift, and a refined finish","The best match is **Document 5: Ethiopia Suke Quto**.

**Why it fits:**
- **Smooth:** “satiny, very smooth mouthfeel”
- **Aromatic:** “delicate, sweetly spice-toned” with **lavender** and floral notes
- **Sweet spice:** **pink peppercorn**, myrrh
- **Citrus lift:** “citrus-like acidity”
- **Refined finish:** “crisply sweet finish” with spice and pungent floral notes

If you want, I can also rank the other 4 options by how closely they fit that description.",good,"The generated answer is grounded in the retrieved context and correctly identifies Ethiopia Suke Quto as the best match for “smooth, aromatic Ethiopian coffee with sweet spice, citrus lift, and a refined finish.” The supporting descriptors all come directly from the context: satiny, very smooth mouthfeel; sweetly spice-toned with pink peppercorn and lavender; citrus-like acidity; and a crisply sweet finish. It also does not invent unsupported details. Note that it labels it as “Document 5,” which is a bit inconsistent with the provided list ordering, but the underlying coffee selection and justification are still factually supported by the context and address the query."
Big Creek Coffee Roasters Ethiopia Gedeb Halo Beriti medium roast United States 94 rating Gedeb District Gedeo Zone,"**Big Creek Coffee Roasters Ethiopia Gedeb Halo Beriti** is a **medium roast** coffee from the **Gedeb District, Gedeo Zone, southern Ethiopia**, and it earned a **94.0 quality rating** in the U.S.

**What it tastes like:**
- **Aromas/flavors:** honey, pear, tangerine zest, dark chocolate, pistachio
- **Cup character:** deeply sweet, juicy, crisp, and plush
- **Finish:** resonant and flavor-saturated, with lingering tangerine and pistachio notes
- **Extra nuance:** a slightly savory, incense-like edge keeps it from tasting too soft or sentimental

**Processing:**
- **Washed / wet-processed**
- The fruit skin and pulp are removed before drying, which often gives Ethiopian coffees a cleaner, brighter structure

**Origin context:**
- Grown by **smallholder villagers** on garden plots in southern Ethiopia
- Uses **traditional Ethiopian Arabica varieties** long grown in the region

If you want, I can also turn this into:
- a **brew recommendation**
- a **flavor comparison** against other Gedeb coffees
- or a **one-line tasting note for a menu or product page**",good,"The answer is well grounded in the retrieved context: it correctly identifies the coffee name, roast level, origin (Gedeb District, Gedeo Zone), rating 94.0, and U.S. location. The flavor notes, cup character, finish, processing method, smallholder production context, and traditional Ethiopian varieties are all directly supported by the context. The only potential issue is that the response mentions “southern Ethiopia” generally, which is also supported. No invented factual claims appear, and it addresses the user’s implied request by summarizing the specific coffee entry."
"Looking for a coffee with sweet pear and citrus zest notes, rich chocolate and nutty aromatics, plus a crisp juicy structure","Based on your note profile, the **closest match is _Wilderness Blend_**.

**Why it fits best:**
- **Sweet pear / juicy fruit character:** It leans into **nectarine, apple blossom, and grapefruit zest**, which gives that crisp, juicy, bright-fruit impression you’re after.
- **Citrus zest:** Explicit **grapefruit zest** is right there.
- **Chocolate + nutty aromatics:** It has **dark chocolate** and a rich aromatic structure, though it’s a little less nutty than some others.
- **Crisp juicy structure:** Described as **sweetly tart** with **bright, lively acidity** and a **crisp, velvety-smooth mouthfeel**.

**Runner-up:** **Poseidon Blend Espresso**
- Better if you want more **Nutella / hazelnut** and chocolate,
- plus **pink grapefruit zest** and a juicy structure,
- but it’s more espresso-focused and floral than pear-like.

**If you want the most chocolate + nutty option:** **Floral Samurai**
- **Dark chocolate, almond butter, date**
- But it’s less citrusy and less juicy than Wilderness Blend.

**Best overall for your description:** **Wilderness Blend**  
**Best if you want chocolate/nut in espresso form:** **Poseidon Blend Espresso**

If you want, I can also rank all 5 from **closest to least close** for your flavor target.",bad,"The response is grounded in the retrieved context for most claims: Wilderness Blend is described with nectarine, apple blossom, grapefruit zest, dark chocolate, sweetly tart structure, bright lively acidity, and crisp velvety-smooth mouthfeel; Poseidon Blend Espresso has pink grapefruit zest, Nutella, hazelnut tones, and juicy/syrupy smooth qualities; Floral Samurai has dark chocolate and almond butter. However, the response introduces an unsupported detail by framing Wilderness Blend as a match for a 'sweet pear' note, which is not present in the context. It also slightly overstates the nutty aspect of Wilderness Blend, though this is more interpretive than directly false. Because the answer makes a specific unsupported flavor association while otherwise addressing the query, it is not fully grounded."
"Medium-roast Ethiopian coffee with lush body, bright fruit sweetness, and a long flavor-saturated finish","The **best match** is **Document 1: Ardent Ethiopia Natural**.

Why it fits:
- **Medium-roast / medium-light**: yes
- **Lush body**: described as **“silky, buoyant mouthfeel”**
- **Bright fruit sweetness**: **lychee, boysenberry, sweet-tart structure**
- **Long flavor-saturated finish**: explicitly says **“long, lingering flavor-saturated finish”**

This one is also **natural-processed**, which often brings out the **deeper fruit sweetness** and more **intense aromatic complexity** you’re describing.

If you want, I can also give you:
- a **top 3 ranking** from the list,
- a **more floral option**,
- or a **more syrupy/full-bodied option**.",bad,"The answer is mostly grounded in the retrieved context: Ardent Ethiopia Natural is medium-light roast, has silky/buoyant mouthfeel, sweet-tart fruit notes, and a long lingering flavor-saturated finish. However, it adds an unsupported inference that it is the 'best match' and claims natural processing 'often brings out' deeper fruit sweetness and intense aromatic complexity, which is general coffee knowledge not directly supported by the provided context. The main issue is the query asked for a medium-roast Ethiopian coffee with lush body, bright fruit sweetness, and a long flavor-saturated finish; the context indeed supports Ardent Ethiopia Natural, but the response labels it as medium-roast when the context says medium-light. That mismatch makes the answer factually inaccurate, even if close."
High-scoring washed African coffee with a heavy mouthfeel and a balance of fruity sweetness and dark chocolate,"A strong match from the context is:

**Ethiopia Tadese Yonka**
- **Washed Ethiopia** from the **Sidamo/Sidama** region
- **Quality rating:** **93**
- **Flavor fit:** **Bing cherry, baker’s chocolate**
- **Mouthfeel:** **satiny, full**
- **Profile:** crisp fruit sweetness with chocolate depth

If you want **more heavy mouthfeel and darker chocolate**, an even closer match is:

**Kenya AB**
- **Quality rating:** **94**
- **Flavors:** **black cherry, chocolate fudge, almond**
- **Mouthfeel:** **full, creamy**
- **But:** it’s **Kenya**, not African washed Ethiopia

If you want, I can also narrow this down to the **single best washed African coffee** for:
- **espresso**
- **pour-over**
- **milk drinks**
- **highest chocolate intensity**",good,"The response is mostly grounded in the retrieved context and identifies relevant coffees with correct ratings, origins, processing, flavors, and mouthfeel. However, it makes a potentially unsupported leap by labeling Ethiopia Tadese Yonka as the best match for 'heavy mouthfeel' when the context describes it as 'satiny, full mouthfeel' rather than heavy. More importantly, the user asked for a single high-scoring washed African coffee with a heavy mouthfeel and balance of fruity sweetness and dark chocolate; the answer offers two candidates but does not clearly select the best-supported single match. Still, there are no clear hallucinated facts, and the information provided is relevant and supported."
"A vibrant, sweet coffee with floral aromatics, fruit brightness, and a plush texture from a small-batch US roaster","The best match is **Ka’u Pink Honey** from **Paradise Roasters**.

**Why it fits:**
- **Vibrant, sweet**: tropically sweet with a sweet-tart structure
- **Floral aromatics**: star jasmine and other floral tones
- **Fruit brightness**: mango and fruit-forward finish
- **Plush texture**: elegant, lush mouthfeel implied by the cupping notes
- **Small-batch US roaster**: Paradise Roasters is a **United States** roaster that crafts coffees in **small batches**

**Key notes:**
- **Origin:** Ka'U District, Hawai’i
- **Roast Level:** Light
- **Process:** Pink honey
- **Variety:** Red Catuaí
- **Profile:** floral, fruity, sweet, and bright

If you want, I can also give you the **top 2 alternates** from the context that come close to this style.",good,"The response is grounded in the retrieved context and correctly identifies Ka’u Pink Honey as the best match. The cited flavor descriptors—tropically sweet, floral-driven, star jasmine, mango, sweet-tart structure, gently bright acidity, and fruit-/floral-toned finish—align well with the user's query. The mention that Paradise Roasters is a U.S. roaster crafting coffees in small batches is directly supported. The only slightly interpretive phrase is 'plush texture'/'elegant, lush mouthfeel implied,' which is a mild paraphrase of the context rather than an invented fact, and no unsupported contradictory details are introduced. Overall, it answers the query accurately and completely using the provided context."
Red Rooster Coffee Roaster Ethiopia Kayon Mountain Light roast United States Guji Zone Odo Shakiso District rating 93 November 2017,"It looks like you’re referring to **Red Rooster Coffee Roaster’s Ethiopia Kayon Mountain** from **Odo Shakiso District, Guji Zone, Ethiopia**.

**Key details from the context:**
- **Coffee:** Ethiopia Kayon Mountain
- **Origin:** Odo Shakiso District
- **Roast Level:** Light
- **Location/Country:** United States
- **Quality Rating:** **94.0**  
- **Relevant edition:** The **November 2017** version in the context is **the washed (wet-processed) coffee**

**Tasting notes for the November 2017-style washed lot:**
- Apricot
- Narcissus
- Lime
- Almond brittle
- Lemon balm
- Sweet-savory structure
- Juicy, bright acidity
- Plush, syrupy mouthfeel

**Process:**
- **Washed / wet processed**
- Fruit skin and pulp removed before drying

If you want, I can also help compare the **washed vs. natural** Kayon Mountain versions side by side.",bad,"The response is grounded in the retrieved context for most details: Ethiopia Kayon Mountain, Odo Shakiso District, Guji Zone, light roast, United States, and the washed/wet-processed tasting notes are all present. However, it introduces an unsupported and misleading claim by labeling the washed lot as the “November 2017” version; the context does not mention November 2017 anywhere, nor does it tie any specific entry to that date. The user’s query includes “rating 93 November 2017,” but the response reports a rating of 94.0 and does not address the 93 rating. Since it fails to match the queried rating/date and invents a date association, it should be marked incorrect."
"Light-roasted Ethiopian natural coffee with sweet-tart berry and floral aromas, lively acidity, and a smooth satiny texture","The best match is **Document 1: Ardent Ethiopia Natural**.

**Why it fits:**
- **Light / medium-light roast**: matches the light-roasted clue
- **Ethiopian natural**: explicitly a **dry-processed “natural”**
- **Sweet-tart berry + floral aromas**: **boysenberry, lychee, dried hibiscus, bergamot**
- **Lively acidity**: described as **sparkling acidity**
- **Smooth satiny texture**: **silky, buoyant mouthfeel**

If you want, I can also rank the other documents by closeness to your description.",good,"The response is grounded in the retrieved context. It correctly identifies Ardent Ethiopia Natural as a close match and supports each attribute with context: medium-light roast for light-roasted clue, natural/dry-processed, sweet-tart and aromatic notes including boysenberry and floral elements like dried hibiscus and bergamot, sparkling acidity, and silky mouthfeel. No unsupported facts or contradictions appear. It answers the query directly and appropriately notes the match as the best fit."
"Fruit-forward natural process Ethiopia with crisp sweetness, berry-like notes, and a silky mouthfeel","A great match from the context is:

**Ethiopia West Arsi Nensebo Natural G1**
- **Origin:** Guji Zone
- **Process:** **Natural**
- **Why it fits:** It’s described as a **juicy fruit-bomb of a natural Ethiopia cup** with **dried strawberry**, **honey**, **star jasmine**, and a **very full, syrupy-smooth mouthfeel**. That lines up well with **fruit-forward**, **berry-like notes**, and a **silky mouthfeel**.
- **Body/texture:** **Very full, syrupy-smooth**
- **Roast level:** **Medium-Light**

If you want, I can also rank the other Ethiopian options in the context by how closely they match **“crisp sweetness, berry-like notes, and silky mouthfeel.”**",good,"The answer is well grounded in the retrieved context. It identifies Ethiopia West Arsi Nensebo Natural G1, which is explicitly described as natural-processed, fruit-bomb, with dried strawberry and a very full, syrupy-smooth mouthfeel. While the user mentioned 'crisp sweetness' and 'berry-like notes,' the context supports berry-like notes and sweet profile, and the answer appropriately frames the match without inventing unsupported details. It also offers to rank other options, which is fine. No contradictions or hallucinated facts are present."
"High-scoring light roast with bright fruit character, floral tones, and a smooth body","A great match from the context is **Ka’u Pink Honey**.

**Why it fits:**
- **Light roast**
- **Bright fruit character:** mango, date, sweet-tart structure
- **Floral tones:** star jasmine, elegant floral finish
- **Smooth body:** described as lush and delicately confident, with a fruit- and floral-toned finish

If you want the **closest overall fit with a slightly more tropical profile**, **Hawai’i Ka’u Champagne Natural** is also excellent:
- Pineapple, lychee, jasmine
- Silky-smooth mouthfeel
- Bright, lively acidity

**Best pick for your description:** **Ka’u Pink Honey**  
**Best pick for more tropical brightness:** **Hawai’i Ka’u Champagne Natural**",good,"The answer is grounded in the retrieved context and directly addresses the query by recommending a high-scoring light roast with bright fruit, floral tones, and a smooth body. Ka’u Pink Honey is explicitly Light roast with a 94.0 rating, star jasmine, mango, sweet-tart structure, and a fruit- and floral-toned finish. The mention of a smooth body is reasonably supported by wording like 'elegantly floral' and 'delicately confident acidity,' though 'smooth body' itself is not stated verbatim. The secondary suggestion, Hawai’i Ka’u Champagne Natural, is also supported by the context with silky-smooth mouthfeel, pineapple, lychee, and jasmine, though it is medium-light rather than light. No clear hallucinations or contradictions appear."
"Organic-certified African coffee with a lively sweet profile, natural processing, and a clean fruity finish","A great match from the context is:

**Ardent Ethiopia Natural**
- **Origin:** Sidamo / Sidama, Ethiopia
- **Processing:** **Natural** / dry-processed
- **Profile:** **Delicately sweet-tart, richly aromatic**, with **lychee, boysenberry, bergamot, hibiscus, and frankincense**
- **Finish:** **Long, fruit-forward, and floral**
- **Why it fits:** It’s an **organic-certified African coffee style** with a **lively sweet profile** and a **clean, fruity finish** thanks to its natural processing and high-toned acidity.

If you want, I can also narrow this down further by:
- **more berry-forward**
- **more citrusy**
- **more floral**
- **less tart / more syrupy**",bad,"The answer is mostly grounded: Ardent Ethiopia Natural is in the context, is from Ethiopia, is natural/dry-processed, and has a sweet-tart fruit/floral profile with a lingering finish. However, it introduces an unsupported claim that it is an “organic-certified African coffee style.” The retrieved context does not state that Ardent Ethiopia Natural is organic-certified, only that it is a natural-processed Ethiopia coffee. Since the user asked specifically for an organic-certified coffee, the response should have either used one explicitly marked organic-certified in the context or clearly noted that the match is based on profile rather than certification. Therefore, the answer contains an invented detail and does not fully satisfy the query."
Willoughby's Coffee & Tea Ethiopia Gelgelu Natural Organic Yirgacheffe Southern Ethiopia 93 rating medium-light roast,"**Willoughby’s Coffee & Tea Ethiopia Gelgelu Natural Organic** is a **high-scoring natural Yirgacheffe** with a **medium-light roast** and a **93 rating**.

**What it tastes like:**
- **Aroma/Cup:** floral, dried apricot, magnolia, almond butter, maple syrup, cherry brandy
- **Structure:** crisp, sweet-tart
- **Mouthfeel:** plush, syrupy
- **Finish:** magnolia and dried apricot up front, with almond butter and fruit brandy lingering

**Processing & style:**
- **Origin:** Yirgacheffe, Southern Ethiopia
- **Process:** **Natural / dry-processed**
- This means the coffee was **dried inside the fruit**, which usually gives it:
  - deeper fruit character
  - more sweetness
  - a less citrusy, more jammy profile than washed Yirgacheffe

**Best way to think about it:**
- A **deeply sweet, fruit-forward Ethiopian cup**
- Expect **stone fruit and brandy-like notes** rather than bright lemony florals

**Quick brew suggestion:**
For the best clarity and sweetness, try:
- **Pour-over**
- **Coffee:** 20g
- **Water:** 320g @ **93°C / 199°F**
- **Ratio:** **1:16**
- **Grind Size:** medium-fine, like table salt
- **Total Time:** about **2:45–3:30**

**Step-by-Step Instructions:**
1. Rinse your filter and preheat the brewer.
2. Add 20g coffee and start with a 40g bloom for 30–45 seconds.
3. Pour in slow circles up to 320g total.
4. Let it draw down fully.
5. If it tastes too sharp, grind slightly finer; if bitter or heavy, grind a bit coarser.

If you want, I can also compare this coffee to the **washed Yirgacheffe style** so you know exactly what to expect in the cup.",bad,"The response is grounded in the retrieved context for the core coffee identification: it correctly states the name, origin, roast level, and rating, and its tasting notes match the listed descriptors (floral, dried apricot, magnolia, almond butter, maple syrup, cherry brandy; crisp, sweet-tart; plush, syrupy; deep fruit-and-brandy character). However, it adds unsupported brew recommendations, step-by-step brewing instructions, and specific claims about what natural processing 'usually' gives without that comparative claim being directly stated in the context. Those additions are not supported by the retrieved context, so the answer includes invented details beyond the evidence provided."
"Medium-light Ethiopia natural with floral aroma, stone fruit sweetness, heavy body, and syrupy texture","The best match is **Document 3: Ethiopia West Arsi Nensebo Natural G1**.

Why it fits:
- **Medium-light roast**: yes
- **Natural process**: yes
- **Floral aroma**: star jasmine
- **Stone fruit sweetness**: not explicit, but it has a juicy fruit-driven profile
- **Heavy / syrupy texture**: **very full, syrupy-smooth mouthfeel**

If you want the **closest washed Ethiopia with more obvious stone fruit + florals**, **Document 2** is also a strong fit, but it won’t be as heavy or syrupy as Document 3.",good,"The generated answer is grounded in the retrieved context and addresses the query by selecting the closest matching coffee. Document 3 (Ethiopia West Arsi Nensebo Natural G1) is indeed medium-light, natural-processed, and has floral notes (star jasmine) plus a very full, syrupy-smooth mouthfeel. The answer is also careful to note that stone fruit sweetness is not explicit, which avoids hallucination. However, the user asked for a coffee with floral aroma, stone fruit sweetness, heavy body, and syrupy texture; Document 3 matches floral and syrupy/heavy body well, but the stone fruit sweetness is weaker, and the answer acknowledges this. The mention that Document 2 is a strong fit is also supported since it has peach and floral notes, though it is washed rather than natural and less syrupy. Overall, no unsupported factual claims are made."
"Lightly roasted Ethiopian coffee with apricot, cherry brandy, and almond butter notes plus a long sweet finish","The **closest match is Document 2: Ethiopia Idido Wegida**.

**Why it fits best:**
- **Lightly roasted Ethiopian coffee** — roast level is **Medium-Light**
- **Apricot** note — explicitly listed
- **Almond butter** note — explicitly listed
- **Long sweet finish** — described as a **flavor-saturated finish** with **maple syrup, dried apricot**, and **cocoa-toned almond butter**
- **Cherry brandy** isn’t named directly, but the coffee’s **sweet-tart fruit character** and **stone-fruit complexity** are the closest match among the options

**Best match summary:**
- **Coffee Name:** Ethiopia Idido Wegida
- **Origin:** Yirgacheffe
- **Processing:** Washed
- **Roast:** Medium-Light
- **Key notes:** Maple syrup, almond butter, dried apricot, cocoa nib, baking spices

If you want, I can also rank the **top 3 closest matches** from the list.",bad,"The response identifies a plausible match supported by the context: Ethiopia Idido Wegida is medium-light roasted and explicitly includes apricot and almond butter, with a long finish featuring almond butter and dried apricot. However, the user asked for a coffee with apricot, cherry brandy, almond butter notes plus a long sweet finish. The answer incorrectly introduces 'cherry brandy' as an unstated/unsupported approximation and claims 'closest match' without acknowledging that no context entry explicitly includes cherry brandy. Since factual claims must be grounded, the speculative framing is acceptable only if clearly separated, but here it risks overclaiming. Still, the core identification and cited notes are context-supported, with no direct contradiction."
High-scoring organic natural-process coffee with sweet-tart structure and plush mouthfeel,"The **best match** for **“high-scoring organic natural-process coffee with sweet-tart structure and plush mouthfeel”** is:

## **COE Brazil Naturals 2017 Sitio Esperanza 7th place**
- **Process:** Natural / dry-processed
- **Structure:** **Sweetly bright**, with **gentle acidity**
- **Mouthfeel:** **Plush, syrupy**
- **Flavor:** Baker’s chocolate, hibiscus tea, floral vanilla, tangerine zest, brown sugar
- **Quality Rating:** **92**
- **Roast Level:** **Medium-Light**

### Why it fits
This coffee most directly matches your request because it’s:
- **Natural-process**
- Has a clearly **sweet-tart** profile
- Features a **plush, syrupy mouthfeel**
- Comes from a **high-scoring competition lot**

### If you want an even more vivid sweet-tart option:
**Colombia Granja La Esperanza Java Anaerobic**  
- **Very full, syrupy-smooth mouthfeel**
- **Sweetly tart** with tangy acidity
- More **savory/fermented complexity** than the Brazil natural

If you want, I can also rank all 5 coffees from **most to least aligned** with your flavor description.",good,"The answer is well grounded in the retrieved context. It identifies COE Brazil Naturals 2017 Sitio Esperanza 7th place, which is explicitly described as a natural/dry-processed Brazil coffee with a sweetly bright structure, gentle acidity, and plush, syrupy mouthfeel. The rating of 92 and medium-light roast are also directly supported. The note about it being the best match is a reasonable synthesis. The comparison to Colombia Granja La Esperanza Java Anaerobic is also supported, though the phrase 'even more vivid sweet-tart option' is interpretive and still consistent with the context. No unsupported factual claims are introduced."
"Refined single-origin Ethiopian coffee for someone who likes crisp fruitiness, floral notes, and rich syrupy body","For **crisp fruitiness, floral notes, and a rich syrupy body**, my top pick from your context is:

**1) Banco Gotete Ethiopia (Yirgacheffe, washed)**
- **Why it fits:**  
  - **Floral:** wisteria-like flowers, sandalwood  
  - **Fruit:** white peach  
  - **Body:** **plush, syrupy mouthfeel**  
  - **Structure:** vibrant, juicy acidity with a rich bittersweet backbone
- **Roast:** Medium-Light  
- **Best for:** Someone who wants a **refined, elegant Ethiopia** with clear florals and a silky, syrupy cup

**Runner-up: Ardent Ethiopia Natural (Sidama, natural)**
- **Why it fits:**  
  - **Fruit + floral blend:** lychee, boysenberry, dried hibiscus, bergamot  
  - **Body:** silky and buoyant  
  - **Profile:** more **intoxicating and complex**, with dried-fruit intensity from natural processing
- **Roast:** Medium-Light  
- **Best for:** If you want the cup to lean more **juicy, aromatic, and layered**

**Also worth considering:**
- **Ethiopia Halo Hartume Daniel Mijane** — if you want a **crisper, more stone-fruit-forward washed cup** with lilac and pink grapefruit zest
- **Gedeb Yirgacheffe Ethiopia** — if you want **sweetness and florals** with maple/apricot depth, though it’s a bit more sweet-cocoa than “bright floral”
- **Ethiopia Guji Natural** — fruitier and deeper-toned, but less floral than Banco Gotete

**My recommendation:**  
If you want the most balanced match for your description, go with **Banco Gotete Ethiopia**.  
If you want a slightly more vivid, fruity, and aromatic natural-process expression, choose **Ardent Ethiopia Natural**.

If you’d like, I can also rank these by **most floral**, **most fruity**, or **most syrupy body**.",good,"The answer is well grounded in the retrieved context. It recommends Banco Gotete Ethiopia, which is supported by the context as having white peach, wisteria-like flowers, and a plush, syrupy mouthfeel, matching the user's preference for crisp fruitiness, floral notes, and rich syrupy body. The runner-up and other comparisons also use only facts present in the context. No invented details or contradictions are present, and the response addresses the query directly."
"Black Oak Coffee Roasters Ethiopia Hambela Alaka medium-light roast from Hambela Wamena District, Guji Zone, United States, rating 93","**Black Oak Coffee Roasters Ethiopia Hambela Alaka** is a **medium-light roast** from the **Hambela Wamena District, Guji Zone, Ethiopia** with a **93 rating**.

**What it tastes like:**
- **Very delicate, sweet-savory**
- Notes of **lemon verbena, allspice, dried persimmon, dogwood, and baker’s chocolate**
- **Balanced, sweet-savory structure**
- **Velvety-smooth mouthfeel**
- Finish leans **herby, sweet, and chocolatey**

**Processing / style:**
- The context indicates this lot is **wet/washed processed**
- Washed Ethiopian coffees like this often show **bright clarity, floral aromatics, and layered sweetness**

**Roast level:**
- **Medium-light**
- Best suited for brewing methods that highlight clarity and complexity

**Best brewing style for this coffee:**
- **Pour-over (V60, Kalita, Chemex)** for the floral and citrus-spice notes
- **AeroPress** if you want a rounder, slightly sweeter cup
- Use a **clean, medium-fine grind** to bring out the delicate structure

If you want, I can also turn this into a **brew recipe** for V60, AeroPress, or espresso.",bad,"The response is mostly grounded: it correctly states the coffee name, origin, roast level, and rating, and its tasting notes match the retrieved context. However, it adds several unsupported claims and advice not present in the context, such as specific brewing method recommendations (V60, Kalita, Chemex, AeroPress, espresso), grind guidance, and a general statement about washed Ethiopian coffees showing bright clarity/floral aromatics/layered sweetness. These are plausible but not directly supported by the retrieved context, so the answer contains invented details beyond the evidence provided."
"Delicate washed Ethiopian coffee with floral-herbal spice, dried fruit sweetness, and a smooth velvety body","The best match is **Document 5: Banco Gotete Ethiopia**.

**Why it fits best:**
- **Washed Ethiopian**: matches your “delicate washed Ethiopian coffee” cue.
- **Floral + spice**: it has **wisteria-like flowers** and **pink peppercorn / sandalwood**.
- **Dried fruit sweetness**: the sweetness is more **white peach** and nougat-like than explicitly dried fruit, but it’s still the closest overall.
- **Smooth velvety body**: described as **plush, syrupy mouthfeel**, which aligns well with “smooth velvety body.”

**Closest runner-up:**  
- **Document 4: Ethiopia Yirgacheffe Botabaa G1** — also washed, floral-spice, and satiny, but it leans more **citrus and wood** than dried fruit sweetness.

If you want, I can also help translate that description into a **coffee review-style flavor note** or suggest **brew settings** to highlight those floral and velvety traits.",good,"The response is mostly grounded and correctly identifies Banco Gotete Ethiopia as a good match based on washed Ethiopian origin, floral/spice notes, and plush/syrupy mouthfeel. However, it overstates the presence of “dried fruit sweetness,” which is not explicitly supported by the cited document (it lists white peach, almond nougat, wisteria, sandalwood, pink peppercorn). The runner-up comparison is also acceptable and supported by context. Since the main recommendation is plausible but not perfectly aligned with the user’s specific note of dried fruit sweetness, this is slightly weak but still largely faithful to the retrieved records."
"Sweet-savory light-medium roast with lemony herbs, baking spice, chocolate, and a silky finish","The closest match is **Colombia Finca El Paraiso**.

**Why it fits:**
- **Sweet-savory** structure
- **Lemony/herbal notes**: lemon verbena, Italian parsley
- **Baking spice / ginger** character
- **Chocolate**: dark chocolate
- **Silky-ish finish**: while not described as silky directly, it has a **lively, integrated medium-light profile** with a spice-toned finish that’s likely what you’re after

If you want, I can also rank the **top 3 best matches** from the list and explain the differences in plain tasting-note language.",bad,"The answer identifies Colombia Finca El Paraiso, which is strongly supported by the context: it is medium-light roast and has sweet-savory structure, lemon verbena/Italian parsley, fresh ginger/spice, and dark chocolate. However, it also introduces unsupported inference by saying the finish is 'silky-ish' and that the profile is 'likely what you’re after' despite the context describing a 'lively, tannic mouthfeel' and a 'gently drying' finish rather than silky. The core match is correct, but the added unsupported claim makes it not fully grounded."
"High-scoring organic African coffee with a balanced, nuanced cup and fruit, flower, and spice complexity","For a **high-scoring organic African coffee** with a **balanced, nuanced cup** and **fruit, flower, and spice complexity**, the best fit in your list is:

## **Ethiopia Suke Quto**
- **Quality Rating:** 92.0
- **Origin:** Guji Zone, Ethiopia
- **Why it fits:** It has a very **balanced, complete structure** with **floral and spice-forward complexity**.
- **Tasting notes:** **Pink peppercorn, date, myrrh, lavender, roasted cacao nib**
- **Cup style:** **Crisp, spice-toned, citrus-like acidity, satiny and very smooth**
- **Organic-certified:** Yes

### If you want the most fruit + flower intensity:
## **Ardent Ethiopia Natural**
- **Quality Rating:** 97.0
- **Origin:** Sidamo/Sidama, Ethiopia
- **Notes:** **Dried hibiscus, bergamot, frankincense, lychee, boysenberry**
- **Style:** More **wild, aromatic, and fruit-floral**, with a long finish

### Best overall match for your description:
**Ethiopia Suke Quto** — it leans most clearly into **balance, nuance, and fruit-flower-spice complexity** without becoming too dominant in one direction.

If you want, I can also rank all 5 coffees by **fruitiness, florality, spice, or balance**.",bad,"The answer is mostly grounded in the retrieved context: Ethiopia Suke Quto is indeed organic-certified, rated 92.0, from Guji Zone, and described with spice-toned structure and floral/spice notes. However, it introduces an unsupported claim that it is the 'best fit' and 'best overall match' for the user's description. More importantly, the query asks for a high-scoring organic African coffee with balanced, nuanced cup and fruit, flower, and spice complexity; the context contains at least one arguably better match in Ardent Ethiopia Natural, which has a higher rating (97.0) and explicitly includes fruit and floral notes, though less clearly spice. The response does not clearly justify why Suke Quto is preferred over other candidates using only the provided context, and some evaluative language goes beyond the source. Still, the factual descriptions of the coffees themselves are supported."
"I’m looking for a delicate washed coffee with fruit, herbs, and chocolate notes and a smooth mouthfeel","A great match from your context would be:

**Sweet Collection Blend**

Why it fits:
- **Washed-processed blend**: The profile says it’s a blend of **washed- and honey-processed coffees** with a **washed Guatemala** in the mix.
- **Delicate fruit + chocolate**: It has **pomegranate, baking chocolate, almond butter**, and a **subtly fruit-toned finish**.
- **Smooth mouthfeel**: Described as having a **crisp, velvety mouthfeel**, which lines up nicely with your “smooth mouthfeel” preference.
- **Balanced and refined**: The notes mention **delicate fruit and deep chocolate and nut tones throughout**.

If you want something a bit brighter and more floral:
- **Wilderness Blend** is more **high-toned**, with **stone fruit, apple blossom, dark chocolate, and grapefruit zest**, plus a **velvety-smooth mouthfeel**.

If you want, I can also narrow these down by:
- **more fruit-forward**
- **more chocolate-forward**
- **best for espresso**
- **best for filter brewing**",good,"The answer is mostly grounded in the retrieved context. It correctly identifies Sweet Collection Blend as a likely match and supports that with washed processing, fruit/chocolate notes, and a velvety mouthfeel. It also mentions Wilderness Blend with context-supported notes and mouthfeel. However, the opening claim that Sweet Collection Blend is a 'great match' is a reasonable inference rather than a direct factual claim, and the answer slightly overstates by implying the coffee is specifically 'delicate' when the context says 'delicate fruit' but not necessarily a delicate overall profile. This is minor and does not introduce clear hallucinations. The response addresses the user's intent using available facts without inventing unsupported details."
Wonderstate Coffee Organic Ethiopia Kirite Ethiopia Hambela District Guji Zone 93 rating Medium-Light roast November 2017,"**Wonderstate Coffee Organic Ethiopia Kirite** looks like the coffee in **Document 3**.

**Match details:**
- **Coffee Name:** Organic Ethiopia Kirite
- **Origin:** Hambela District
- **Region:** Guji Zone, southern Ethiopia
- **Roast Level:** Medium-Light
- **Quality Rating:** 93
- **Tasting date:** November 2017
- **Roaster:** Wonderstate Coffee

**Profile highlights:**
- **Flavor notes:** lemon blossom, apricot, frankincense, spearmint, roasted cacao nib
- **Process:** wet-processed / washed
- **Cup style:** bright, floral, citrusy, and sweet-savory with a satiny, full mouthfeel

If you want, I can also help you **compare this coffee to the other Ethiopia coffees in the set**.",good,"The generated answer is fully supported by the retrieved context. It correctly identifies Organic Ethiopia Kirite with Hambela District, Guji Zone, Medium-Light roast, rating 93, and Wonderstate Coffee. The flavor notes and washed process are directly taken from the context. The only minor issue is that the context does not explicitly give a 'tasting date' for the coffee itself, though it does say it was in Coffee Review’s November 2017 tasting report; this is a reasonable paraphrase and not a factual contradiction. Overall it answers the query accurately and without hallucinations."
"Wonderstate Coffee Ethiopia coffee with citrus blossom and apricot notes, sweet herb finish, satiny full body","The **closest match** in the context is:

**Coffee:** **Ethiopia Yirgacheffe Botabaa G1**  
- **Origin:** Yirgacheffe, Ethiopia  
- **Why it fits:** It has a **full, satiny mouthfeel** and **bright citrus/floral character**, which lines up well with **citrus blossom** and **satiny full body**.  
- **Tasting notes:** **Lemon verbena, gardenia-like flowers, sandalwood, caramel, pink peppercorn**  
- **Process:** **Washed**  
- **Roast level:** **Medium-Light**

If you want, I can also help you identify the **best match by flavor note** for:
- **citrus blossom**
- **apricot**
- **sweet herb finish**
- **satiny full body**

or compare all the Ethiopia options side by side.",good,"The answer stays grounded in the retrieved context and identifies the most plausible match, Ethiopia Yirgacheffe Botabaa G1, based on supported traits: citrusy/floral profile and full, satiny mouthfeel. It does not invent unsupported specifics like apricot or sweet herb notes; instead, it appropriately hedges by saying 'closest match' and offers to compare other options. The named tasting notes, origin, process, and roast level are all directly supported by the context."
"Washed Ethiopian coffee with floral citrus aroma, stone fruit sweetness, cocoa nib finish, and a smooth full mouthfeel","The closest match in the provided context is:

**Ethiopia Washed Yirgacheffe Nafasha Lot**  
- **Floral/citrus aroma:** Lemon verbena, freesia-like flowers  
- **Stone fruit sweetness:** Noted sweetness is more **citrus + agave** than stone fruit, but it has a bright sweet-tart profile  
- **Cocoa nib finish:** Explicitly described as **citrus-toned cocoa** in the finish  
- **Smooth full mouthfeel:** **Full, viscous mouthfeel**

A strong secondary fit is:

**Ethiopia Yirgacheffe Botabaa Washed**  
- **Floral/citrus aroma:** Honeysuckle and floral-toned, with citrus-style Ethiopian character  
- **Stone fruit sweetness:** **Mango** and syrupy sweetness  
- **Smooth full mouthfeel:** **Full, syrupy mouthfeel**  
- **Finish:** More resonant and fruit-forward than cocoa-driven

If you want, I can also help you narrow this to the **best 1:1 match** or suggest a **brew recipe** to highlight those notes.",good,"The answer is grounded in the retrieved context and correctly identifies the closest match as Ethiopia Washed Yirgacheffe Nafasha Lot, which explicitly mentions lemon verbena, freesia-like flowers, cacao nib/citrus-toned cocoa, and full, viscous mouthfeel. It also appropriately notes that the stone fruit sweetness is not directly supported for that coffee and gives a secondary fit, Ethiopia Yirgacheffe Botabaa Washed, which has floral tones, mango, and full syrupy mouthfeel. No unsupported factual claims are introduced, and the response addresses the user’s descriptive query by mapping the notes to the available coffees."
"High-scoring light-to-medium roast Ethiopian coffee with bright citrus, floral, and herbal complexity","For **bright citrus, floral, and herbal complexity** in a **high-scoring light-to-medium Ethiopian**, my top pick from your list is:

## **Best match: Ethiopia COE 2nd place Washed Sidamo Rumudamo**
- **Quality Rating:** **94.0**
- **Roast Level:** **Medium-Light**
- **Origin:** **Arbegona, Sidamo**
- **Why it fits:**  
  - **Citrus brightness:** *lime zest*
  - **Floral complexity:** *narcissus*
  - **Herbal/green complexity:** *vermouth-like finish* with a refined, aromatic profile
  - Very **elegant, juicy, and floral** overall

## Strong runner-up: Banco Gotete Ethiopia
- **Quality Rating:** **93.0**
- **Roast Level:** **Medium-Light**
- **Origin:** **Kochere Woreda**
- **Why it fits:**  
  - **Bright citrus:** *lemon zest*
  - **Floral:** *dried jasmine*
  - **Herbal/resinous complexity:** *cedar, incense-like notes*
  - A little more **resinous and dry** than the Rumudamo

## More aromatic, fruit-forward option: Ardent Ethiopia Natural
- **Quality Rating:** **97.0**
- **Roast Level:** **Medium-Light**
- **Origin:** **Sidamo**
- **Why it fits:**  
  - **Floral/citrus-adjacent complexity:** *bergamot, dried hibiscus*
  - Also adds **lychee, boysenberry, frankincense**
  - More **natural-process fruit depth** than classic citrus-herbal clarity

## If you want the most floral-washed style:
### **Ethiopia Suke Quto**
- **Quality Rating:** **92.0**
- **Roast Level:** **Medium-Light**
- **Notes:** *lavender, pink peppercorn, citrus-like acidity*
- Less citrus-herbal than Rumudamo, but very elegant and floral

### My recommendation
If you want the **closest fit to “bright citrus, floral, and herbal complexity”**, go with:

**1) Ethiopia COE 2nd place Washed Sidamo Rumudamo**  
**2) Banco Gotete Ethiopia**  
**3) Ardent Ethiopia Natural** if you want more fruit and perfume

If you want, I can also rank these by **most floral**, **most citrusy**, or **best for pour-over**.",good,"The answer is well grounded in the retrieved context. It recommends Ethiopia COE 2nd place Washed Sidamo Rumudamo as the best match and cites supported notes like lime zest, narcissus, and vermouth-like finish, all of which appear in the context. The runner-up and additional suggestions also use only context-supported roast levels, ratings, origins, and flavor notes. It directly addresses the user's request for a high-scoring light-to-medium roast Ethiopian coffee with bright citrus, floral, and herbal complexity. No invented facts or contradictions are present."
Organic Ethiopian coffee that tastes like spring citrus and sweet herbs with a rich chocolatey finish,"Based on the context, the **best match** for **“organic Ethiopian coffee that tastes like spring citrus and sweet herbs with a rich chocolatey finish”** is:

### **Ethiopia Yirgacheffe Botabaa G1**
- **Why it fits:** It has **citrusy** character, **lemon verbena** (a sweet herbal note), and **caramel** with a **long, sweet finish**.  
- **Profile highlights:**  
  - **Lemon verbena**
  - **Gardenia-like flowers**
  - **Sandalwood**
  - **Caramel**
  - **Pink peppercorn**
- **Processing:** **Washed** — usually brighter and cleaner, which aligns well with spring citrus notes.

### If you want something a little richer and more fruit-forward:
**Ardent Ethiopia Natural**
- More **sweet-tart**, **floral**, and **deep-toned**
- Notes of **bergamot, dried hibiscus, lychee, boysenberry**
- Less directly “chocolatey,” but more complex and aromatic

### Best overall pick for your description:
**Ethiopia Yirgacheffe Botabaa G1**

If you want, I can also help you narrow this down to the **most chocolate-forward Ethiopian option** from the list.",bad,"The answer identifies a plausible best match from the retrieved context, Ethiopia Yirgacheffe Botabaa G1, supported by its citrusy profile and lemon verbena notes. However, it adds unsupported claims: it says the coffee is 'organic,' which is not stated in the context, and describes a 'rich chocolatey finish,' which is also not supported by the listed tasting notes (the coffee has caramel, sandalwood, and lemon verbena, not chocolate). It also suggests washed processing 'aligns well with spring citrus notes,' which is interpretive but not a factual problem. Because the response includes clear invented details and does not directly match the user's description of chocolatey finish, it should be scored bad."
Reunion Island Coffee Ethiopia Sidama Canada rating 94 medium roast,"**Reunion Island Coffee Ethiopia Sidama** is a **Canada-origin roast** with a **Quality Rating of 94** and a **Medium roast** level.

**Quick profile:**
- **Coffee Name:** Ethiopia Sidama
- **Origin:** Sidama (also Sidamo) Growing Region
- **Roaster / Country:** Reunion Island Coffee, **Canada**
- **Roast Level:** **Medium**
- **Quality Rating:** **94.0**

**Tasting notes:**
- Red currant
- Roasted cacao nib
- Clove
- Blood orange zest
- Frankincense

**Cup style:**
- **Balanced, sweet-savory**
- **Lively acidity**
- **Syrupy mouthfeel**
- Fruit-forward with a savory, spice-leaning finish

**Processing:**
- **Washed / wet processed**
- Fruit skin and pulp removed before drying

If you want, I can also help you interpret this as a **flavor match** for your taste—like whether it’ll drink more **bright, fruity, chocolatey, or spicy**.",good,"The generated answer is well grounded in the retrieved context. It correctly identifies Reunion Island Coffee's Ethiopia Sidama as Canada-origin, with a rating of 94.0 and a Medium roast, and the tasting notes, cup style, and washed processing are all directly supported by the context. No invented facts are introduced, and it answers the user's apparent intent. Minor phrasing like 'Canada-origin roast' is acceptable since the context lists loc_country as Canada and names Reunion Island Coffee as the roaster. "
"Ethiopia coffee with red berry, cocoa, and spice notes, lively acidity, and a heavy body","The **best match** in your context is:

## **Holiday Blend**  
**Origin:** Ethiopia  
**Why it fits:**  
- **Red berry / currant** notes: *red currant, blackberry*  
- **Cocoa** notes: *cocoa nib*  
- **Spice / woody complexity:** *cedar*  
- **Lively acidity:** *deeply sweet structure with lively, vibrant acidity*  
- **Heavy body:** *crisp yet velvety mouthfeel* gives it more weight than the brighter, lighter coffees listed

### Other close possibilities
- **Ethiopia Guji Natural** — has **red fruit** and **baking chocolate**, plus **full, satiny-smooth mouthfeel**, but less spice
- **Banco Gotete Ethiopia (Yirgacheffe)** — has **spice** and **plush, syrupy mouthfeel**, but more floral/peach than berry-cocoa

If you want, I can also help you narrow it down by **natural vs washed process** or by **roast level**.",good,"The response is grounded in the retrieved context: Holiday Blend is an Ethiopia/Kenya blend with red currant and blackberry notes, cocoa nib, cedar, and lively vibrant acidity. However, it adds an unsupported inference that 'crisp yet velvety mouthfeel' indicates a 'heavy body'; the context does not explicitly describe the coffee as heavy-bodied. Still, it directly addresses the query by identifying the best match and explains why using supported notes. The unsupported body characterization is minor but present. Overall, because all other factual claims are supported and the answer covers the query well, this is acceptable."
"Fruit-forward but savory Ethiopian cup with citrus zest, cacao, and clove aromas","A very close match from the context is:

**Ethiopia Wilderness Blend**
- **Why it fits:** It has **grapefruit zest**, **dark chocolate**, and a **rich aromatic wood** character, which lines up nicely with your **citrus zest + cacao** request.
- **Difference:** It’s more **stone-fruit and apple blossom** than clove, and it’s a blend rather than a single-origin cup.

If you want the **most savagely citrus/floral Ethiopian** from the set, the best fit is:

**Ethiopia Yirgacheffe Botabaa G1**
- **Why it fits:** Strong **citrus zest** character with **spice-toned** aromatics.
- **Difference:** It leans more **lemon verbena, sandalwood, and floral** than cacao/clove.

If you want, I can also rank all 5 coffees by:
- **most citrus-forward**
- **most cacao/dark chocolate**
- **most clove/spice-like**",bad,"The response stays within the retrieved context and does not invent unsupported facts. It correctly identifies Wilderness Blend as having grapefruit zest and dark chocolate, and Yirgacheffe Botabaa G1 as citrusy and spice-toned. However, the user asked for a fruit-forward but savory Ethiopian cup with citrus zest, cacao, and clove aromas; none of the listed coffees explicitly mentions clove, and the answer does not clearly select the best match from the context. It is more of a comparison than a direct answer, so coverage is somewhat weak despite being grounded."
High-scoring medium roast with a syrupy texture and a long spicy finish,"For **“high-scoring medium roast with a syrupy texture and a long spicy finish,”** the **best match in the context is:**

**Indestec El Paraiso**  
- **Roast Level:** Medium-Light  
- **Quality Rating:** 94  
- **Why it fits:** It has a **full, viscous mouthfeel** and a **long finish** with **cocoa tones**; it’s also sweet-tart and complex.

That said, if you’re specifically prioritizing **syrupy texture** and a **long, layered finish**, the **closest overall fit in the list is actually:**

**Trust the Process — Full Natural**  
- **Roast Level:** Light  
- **Quality Rating:** 96  
- **Why it fits best:** It’s described as having a **supple, syrupy mouthfeel** and a **long and inviting finish**.

**Quick ranking for your description:**
1. **Trust the Process — Full Natural** — best for **syrupy texture + long finish**
2. **Indestec El Paraiso** — best for **medium-roast-ish body + quality**
3. **Hawai’i Ka’u Champagne Natural** — sweet and silky, but not as spicy

If you want, I can also narrow this down to **the best actual medium roast only** from the context.",bad,"The answer contains unsupported and slightly misleading claims. It correctly identifies Trust the Process — Full Natural as having a syrupy mouthfeel and a long finish, but this coffee is explicitly Light roast, not medium roast. It also selects Indestec El Paraiso as the best match despite the user's request for a long spicy finish, yet the context describes a long finish with cocoa tones, not spicy. The answer further says 'best actual medium roast only' can be narrowed down, but no medium roast is present in the retrieved context. The comparison and ranking therefore rely on invented or unsupported reasoning and fail to accurately answer the query as stated."
Organic fair trade Ethiopian coffee with bright acidity and complex fruit and spice character,"For **organic, fair trade Ethiopian coffee** with **bright acidity** and **complex fruit + spice**, the best fit from your context is:

## **Top Pick: Ethiopia Amaro Gayo Natural**
- **Organic:** Yes — **Certified USDA organic**
- **Fair trade / ethical sourcing:** The listing emphasizes **ethical sourcing** and charity support, though it doesn’t explicitly say fair trade certification
- **Profile:** **Dried fruit, chocolate, and warming spices**
- **Why it fits:** It has **fruit-toned structure**, **gentle acidity**, and a **spice-driven finish** with notes of **fruitcake, cinnamon, clove, and nutmeg**

### Flavor highlights
- Baker’s chocolate
- Dried coconut
- Tea rose
- Almond
- Cedar
- Dried fruit
- Warming spices

---

## **If you want something even brighter and more fruit-forward**
### **Organic Ethiopia Kirite**
- **Organic:** Yes — **Certified USDA organic**
- **Profile:** **Lemon blossom, apricot, frankincense, spearmint, roasted cacao nib**
- **Why it fits:** This one is **high-toned and crisply sweet** with **brighter citrus/floral acidity**, though it’s more **floral-herbal** than spice-heavy

---

## **Best match by description**
If your goal is:

- **Bright acidity:** **Organic Ethiopia Kirite**
- **Fruit + spice complexity:** **Ethiopia Amaro Gayo Natural**
- **Most balanced overall:** **Ethiopia Amaro Gayo Natural**

If you want, I can also narrow these down into a **best pour-over choice** or **best espresso choice** from the list.",bad,"The answer is mostly grounded in the retrieved context, correctly identifying Ethiopia Amaro Gayo Natural and Organic Ethiopia Kirite as plausible matches based on their flavor notes and acidity. However, it introduces an unsupported claim by describing Amaro Gayo Natural as having 'ethical sourcing' that implies fair trade relevance, while the context only says the roaster prides itself on ethical sourcing and donating proceeds, not fair trade certification. More importantly, the user asked for 'Organic fair trade Ethiopian coffee with bright acidity and complex fruit and spice character.' None of the listed coffees are explicitly labeled fair trade, and the answer does not clearly state that fair trade certification is not present in the context. It also overstates 'best match' without acknowledging the missing fair trade criterion. Because it partially fabricates or implies a certification not supported by the context, it should be marked bad."
PT's Coffee Roasting Thiriku AA Kenya medium roast United States rating 95 Central Kenya November 2017,"**Thiriku AA Kenya — PT’s Coffee Roasting**
- **Origin:** Central Kenya
- **Roast Level:** Medium
- **Quality Rating:** **95**
- **Location/Country:** United States

**Tasting Profile**
- **Aromas & flavors:** black currant, baker’s chocolate, peppercorn, black sage, hint of lily
- **Structure:** sweetly tart, savory-edged, balanced and lively
- **Mouthfeel:** plush, silky
- **Finish:** long, resonant, chocolate-forward

**Processing & Variety**
- Produced by the **Thiriku Coffee Growers Cooperative Society**
- Varieties: **SL-28, SL-34, and Ruiru**
- Processed using a meticulous **Kenya-style washed method**
- **AA grade**: the highest Kenya coffee grade for bean size and low defects

**Quick impression**
- A classic, high-scoring Kenya with a vivid mix of **sweet, tart, savory, and floral** character.

If you want, I can also turn this into a **brew recommendation** for pour-over, AeroPress, or espresso.",good,"The generated answer is fully grounded in the retrieved context. It correctly reports the coffee name, origin (Central Kenya), roast (Medium), rating (95), and country (United States). The tasting notes and processing details are also directly supported by the context, including the Thiriku Coffee Growers Cooperative Society, SL-28/SL-34/Ruiru varieties, washed method, and AA grade. No invented or contradictory claims appear. The extra offer to provide brew recommendations is conversational and does not affect factual accuracy."
"medium roast Kenya coffee with black currant, dark chocolate, peppery spice, silky body, and a long finish","A **good match** from the context is:

**Kenya Gikanda**
- **Origin:** South-Central Kenya
- **Roast Level:** Medium-Light
- **Why it fits:**  
  - **Black currant**  
  - **Baker’s chocolate / dark chocolate**  
  - **Spicy edge**  
  - **Syrupy, lively mouthfeel** that can read as **silky/smooth**
  - **Very deep, very lasting finish**

If you want something a bit more **peppery-spice forward**, **Kenya Gachatha AB** is also a strong fit:
- **Black currant**
- **Pink peppercorn**
- **Velvety mouthfeel**
- **Quiet finish** with black currant and spice

For your flavor target of **black currant + dark chocolate + peppery spice + silky body + long finish**, I’d rank them:

1. **Kenya Gikanda** — best overall match  
2. **Kenya Gachatha AB** — best for peppery spice  
3. **Kenya AB Top** — strong black currant + dark chocolate, but less spice-driven

If you want, I can also help you turn this into a **brew recipe** for pour-over or espresso.",good,"The answer is mostly grounded in the retrieved context. It correctly identifies Kenya Gikanda as a strong match because the context supports black currant, baker’s chocolate, spicy/savory notes, a syrupy lively mouthfeel, and a very deep, very lasting finish. It also correctly notes Kenya Gachatha AB with black currant, pink peppercorn, and velvety mouthfeel. However, it overstates some details by paraphrasing “syrupy, lively mouthfeel” as “silky/smooth,” which is acceptable as interpretation, and by ranking Kenya AB Top as a strong match for spice when the context does not emphasize spice there. Still, the core recommendation remains supported, and no major contradiction appears. The only potential issue is that the exact requested profile includes “medium roast” and “peppery spice,” while the best matches are medium-light and the spice note is more pink peppercorn than peppery spice, but the answer transparently qualifies this. Overall, it addresses the query with supported facts and no clear hallucinations."
"washed Kenya coffee with vibrant tart sweetness, savory edge, plush mouthfeel, and chocolate-forward aftertaste","A great match from the context is:

**Kenya Nyeri Muchoki Estate AA**

Why it fits:
- **Washed Kenya**: The context explicitly says it’s **wet-processed / washed**
- **Vibrant tart sweetness**: “**Crisp, sweetly tart structure with vibrant, juicy acidity**”
- **Savory edge**: Notes of **cedar** give it a subtle savory / woody impression
- **Plush mouthfeel**: Described as **plush, viscous mouthfeel**
- **Chocolate-forward aftertaste**: The finish centers around **milk chocolate**

If you want, I can also rank the other Kenya coffees in the context from **closest match to least close** for those flavor descriptors.",good,"The answer is well grounded in the retrieved context. It identifies Kenya Nyeri Muchoki Estate AA, which the context explicitly describes as wet-processed/washed, with crisp sweetly tart structure, vibrant juicy acidity, plush viscous mouthfeel, and a finish centered around milk chocolate. The mention of cedar as a savory/woody edge is also supported by the listed aroma/cup notes. It answers the query by matching the described flavor profile without inventing unsupported details. The optional offer to rank other coffees is harmless and doesn't affect factuality."
"high-scoring coffee with lively structure, sweet-tart fruit, chocolate notes, and a smooth heavy body","The best match from the context is **Document 1: COE Brazil Naturals 2017 Sitio Esperanza 7th place**.

**Why it fits:**
- **High-scoring:** 92.0 quality rating, and it placed **7th in Cup of Excellence**
- **Lively structure:** “**sweetly bright in structure**” with gentle acidity
- **Sweet-tart fruit:** **tangerine zest** and **hibiscus tea**
- **Chocolate notes:** **baker’s chocolate**
- **Smooth heavy body:** **plush, syrupy mouthfeel**

If you want, I can also rank the other coffees in the context by how closely they match that flavor description.",good,"The answer is grounded in the retrieved context. The cited coffee (COE Brazil Naturals 2017 Sitio Esperanza 7th place) is described as high-toned, richly sweet-tart, with baker’s chocolate, hibiscus tea, tangerine zest, sweetly bright structure, and plush, syrupy mouthfeel, which directly supports the user’s requested profile. The statement that it is high-scoring is also supported by the 92.0 rating and 7th place Cup of Excellence placement. No unsupported facts appear."
"premium medium roast African coffee for people who like fruity brightness, cocoa depth, and a lingering finish","For **premium medium roast African coffee** with **fruity brightness, cocoa depth, and a lingering finish**, the best fit from your context is:

### **Top Pick: Kenya AB**
- **Why it fits:**  
  - **Fruity brightness:** black cherry, green apple-like malic acidity  
  - **Cocoa depth:** chocolate fudge, richly chocolaty structure  
  - **Lingering finish:** chocolate fudge and black cherry with smoky mesquite undertones  
- **Roast Level:** **Medium**
- **Quality Rating:** **94.0**

### **Also excellent**
**Kenya**  
- **Profile:** baker’s chocolate, plum, gardenia, molasses, singed cedar  
- **Why it fits:** more savory and chocolate-forward, with floral complexity and a long, drying finish  
- **Roast Level:** **Medium**
- **Quality Rating:** **92.0**

### **If you want brighter and more fruit-led**
**Kenya Gura AA**  
- **Profile:** blackberry jam, toasted coconut, dark chocolate  
- **Why it fits:** very juicy and rich, but it’s **medium-light**, not medium  
- **Quality Rating:** **94.0**

### **Best overall match**
If you want **all three qualities in one cup — fruit, cocoa, and a lasting finish — go with Kenya AB**. It’s the most balanced match for your description.

If you want, I can also narrow this down by **brewing method** to help the fruity and cocoa notes pop more.",good,"The answer is grounded in the retrieved context. It correctly identifies Kenya AB as a medium roast with black cherry, chocolate fudge, crisp malic acidity/green apple brightness, and a finish that includes chocolate fudge, black cherry, and smoky mesquite, which fits the user’s preference for fruity brightness, cocoa depth, and lingering finish. It also mentions Kenya as medium roast with baker’s chocolate, plum, and a rich drying finish, and Kenya Gura AA as medium-light, which is supported by context. No unsupported factual claims or contradictions are present, and it addresses the query by selecting the best match among available coffees."
Kakalove Cafe Ethiopia Natural Yirgacheffe Tore Taiwan Medium-Light rating 93,"Here’s the **Kakalove Café Ethiopia Natural Yirgacheffe Tore** at a glance:

- **Coffee Name:** Ethiopia Natural Yirgacheffe Tore
- **Origin:** Tore Village, Southern Ethiopia
- **Roast Level:** Medium-Light
- **Quality Rating:** 93.0
- **Location/Country:** Taiwan

**Flavor Profile:**
- **Aroma/Cup Notes:** Rose, almond, dark chocolate, lime zest, peppermint
- **Structure:** Tartly sweet with a clear savory edge
- **Mouthfeel:** Plump, juicy
- **Finish:** Complex and resonant, fading into lime and mint

**Processing Method:**
- **Natural process** — dried inside the whole fruit rather than after the fruit is removed

**Extraction Advice:**
- Expect an **intense cup**
- **Zesty but juicy**
- Floral notes like **rose**, with **mint and lime**

If you want, I can also help compare this one with the **other Kakalove Yirgacheffe coffees** in the context, like the washed Adado or the Botabaa.",good,"The answer is well grounded in the retrieved context. It correctly identifies the coffee name, origin, roast level, rating, country, flavor notes, structure, mouthfeel, finish, and natural processing method, all of which are explicitly supported by the provided record for 'Ethiopia Natural Yirgacheffe Tore'. The added comparison offer to other Kakalove Yirgacheffe coffees is also supported by the context, though not necessary. No clear hallucinations or contradictions are present."
"Taiwan roaster coffee with floral aroma, almond, dark chocolate, citrus zest, and mint notes","The **closest match** in the context is:

**Taiwan Natural Alishan TFU’YA Kakalove Lot**  
- **Floral aroma:** freesia-like flowers  
- **Almond note:** almond nougat  
- **Citrus zest:** tangerine zest  
- **Sweet, bright profile:** juicy, fruit-forward, lively

If you want a coffee that also leans a bit more **dark-chocolate/cocoa**, then this one is another strong option:

**Taiwan Geisha Honey**  
- **Floral aroma:** violet  
- **Cocoa note:** cocoa nib  
- **Citrus zest:** pink grapefruit zest  
- **Nut note:** cashew butter

**Best fit for your note list:** **Taiwan Natural Alishan TFU’YA Kakalove Lot**  
**Best fit for floral + almond + chocolate/cocoa + citrus:** **Taiwan Geisha Honey**

If you want, I can also help you narrow it down by **roast level** or **brew method**.",bad,"The response is partially grounded but includes unsupported and overreaching claims. It correctly matches 'freesia-like flowers' and 'almond nougat' and citrus zest from Taiwan Natural Alishan TFU’YA Kakalove Lot, and it correctly notes cocoa nib/pink grapefruit zest from Taiwan Geisha Honey. However, the user asked for a coffee with floral aroma, almond, dark chocolate, citrus zest, and mint notes. None of the retrieved coffees list mint notes, and the answer invents a 'dark-chocolate/cocoa' fit without a direct dark chocolate note in the context. It also implies 'best fit for floral + almond + chocolate/cocoa + citrus' even though no single coffee in context has all those notes, and it does not clearly state that mint is unavailable in the retrieved data. This makes the answer not fully grounded and incomplete relative to the query."
"Lightly roasted natural-processed Ethiopian coffee with juicy body and a bright, crisp finish","A great match from the context is:

**Ethiopia Guji Natural**
- **Roast:** Light
- **Process:** Natural
- **Why it fits:** It’s described as **bright and lively** with a **full, satiny-smooth mouthfeel**, plus a clean fruit-toned finish.  
- **Flavor cues:** **Red grape, lime zest, baking chocolate, marshmallow, macadamia nut**  
- This gives you that **juicy body** and **bright, crisp finish** you’re after.

If you want, I can also suggest the **best brew method and recipe** for bringing out that profile.",good,"The response is grounded in the retrieved context. Ethiopia Guji Natural is explicitly listed as Light roast and natural-processed, with descriptors including bright and lively, full satiny-smooth mouthmouthfeel, and a cleanly fruit-toned finish with lime zest, which reasonably supports the user's request for a lightly roasted natural Ethiopian coffee with juicy body and a bright, crisp finish. No unsupported claims are added, and the answer directly addresses the query. The offer to suggest brew methods is extra but harmless."
"High-scoring coffee with berry-like florals, refreshing herbal notes, and a clean tart sweetness","The best match is **Document 2: Colombia Granja La Esperanza Tres Dragones**.

**Why it fits:**
- **Berry-like florals:** strawberry coulis + honeysuckle
- **Refreshing herbal notes:** not strongly herbal, but it has a bright, lively aromatic profile
- **Clean tart sweetness:** rich **sweet-tart structure** with **juicy, bright acidity**
- **High-scoring:** **94.0 quality rating**

**Close runner-up:**
- **Document 4: Flora Blend Espresso** — great if you want more **floral + herb (thyme)** character, but it’s less berry-forward than Tres Dragones.

If you want, I can also rank all 5 from **most berry-like and floral** to **most clean and tart**.",good,"The answer is grounded in the retrieved context and correctly identifies Colombia Granja La Esperanza Tres Dragones as the best match: it is rated 94.0 and has strawberry coulis, headily floral notes, and a richly sweet-tart structure with juicy, bright acidity. However, it slightly weakens the herbal-note match by saying it is 'not strongly herbal' and introduces an unsupported comparison/ordering of 'Document 4' and 'all 5' that is not harmful. Overall, the core answer is supported and addresses the query well."
"Complex, floral single origin with a heavy juicy mouthfeel and chocolate-citrus complexity","The **best match** in your context is **El Floral Colombia**.

**Why it fits:**
- **Complex floral**: wisteria, lemon verbena
- **Heavy juicy mouthfeel**: plush, syrupy mouthfeel
- **Chocolate-citrus complexity**: cocoa nib plus bright, sweet-tart fruit and juicy acidity

**Also worth considering:**
- **Sumatra Gayo G1 Triple-Picked Lot 005** — if you want even more **full, syrupy body** and a deeper **earthy-floral + chocolate** profile.
- **Signature Floral Orange** — if you want a more **espresso-focused chocolate + citrus zest** profile, but it’s **leaner** in mouthfeel.

**Best single answer:** **El Floral Colombia**",good,"The response is largely grounded in the retrieved context. It identifies El Floral Colombia, which the context describes as complex, floral, with plush, syrupy mouthfeel and cocoa nib plus bright fruit/juicy acidity. However, the user asked for a “single origin with a heavy juicy mouthfeel and chocolate-citrus complexity,” and El Floral Colombia does not explicitly provide citrus notes in the context; that citrus-like aspect is inferred from “bright acidity” and “fruit” but not directly stated. Still, the answer stays close to the available facts and offers reasonable alternatives supported by the context. No clear hallucinations or contradictions are present."
Level Ground Trading Direct Fair Trade Espresso Canada Africa South America rating 92 medium-light roast,"**Level Ground Trading — Direct Fair Trade Espresso**
- **Origin/Location:** Canada
- **Blend Origins:** Africa
- **Roast Level:** Medium-Light
- **Quality Rating:** **92.0**

**Tasting Notes**
- Dark chocolate
- Molasses
- Cedar
- Narcissus
- Date
- Satiny-smooth body
- Sweet cocoa-toned finish

**Best Use**
- A solid espresso blend
- Works well as a straight shot
- Also performs nicely in milk drinks

**Processing / Sourcing Notes**
- Coffees in the blend are **fully wet-processed (washed)**
- **Certified organically grown** in both Canada and the U.S.
- Level Ground Trading has focused on **direct trade with small-scale producers** since 1997

If you want, I can also turn this into a quick **espresso dial-in guide** or compare it with the other coffees in the set.",good,"The response is well-grounded in the retrieved context. It correctly identifies the coffee as Level Ground Trading’s Direct Fair Trade Espresso, with Canada as location, Africa and South America as origins, Medium-Light roast, and rating 92.0. The tasting notes, processing/sourcing notes, and best-use statements are all supported by the provided descriptions, though the answer omits South America in the blend origins bullet despite it being in the context. That omission does not make it incorrect. No hallucinated facts are present."
"balanced espresso with dark chocolate, molasses, cedar, floral notes, and date sweetness from a medium-light blend","A great match from the context is **Floral Samurai**.

**Why it fits:**
- **Dark chocolate** — explicitly present
- **Cedar** — “gently scorched cedar”
- **Floral notes** — “narcissus”
- **Date sweetness** — date is explicitly listed
- **Balanced espresso** — described as rich, sweetly nut-toned, and full/syrupy-smooth
- **Roast style** — **Medium**, which is close to the “medium-light blend” feel you’re after

**If you want the closest overall profile by vibe:**
- **Floral Samurai** = best match for **dark chocolate + cedar + florals + date**
- **SOB Espresso** = more **chocolate, florals, and fruit**, but lacks date
- **Espresso Blend Classic No. 1** = strong on **dark chocolate, cedar, floral**, but no date sweetness

If you want, I can also rank all 5 coffees from **closest to farthest match** for that flavor profile.",good,"The answer is grounded in the retrieved context. Floral Samurai is explicitly described with dark chocolate, narcissus (floral), gently scorched cedar, and date. It also correctly notes that its roast is Medium, though the user asked for a medium-light blend; the answer frames this as a close fit rather than a perfect match. It does not invent unsupported flavor notes. It also appropriately compares other retrieved coffees and states their relevant notes accurately. The only slight issue is that it infers a 'balanced espresso' from descriptors like rich, sweetly nut-toned, and full/syrupy-smooth, but this is a reasonable interpretation of the context rather than a false factual claim."
espresso blend with a smooth silky body and cocoa finish that shows floral and dried fruit notes in milk,"A great match from the context is **Espresso Fino**.

**Why it fits:**
- **Smooth, silky body:** *plump, creamy mouthfeel*
- **Cocoa finish:** *cocoa- and cedar-toned finish*
- **Floral notes in milk:** *magnolia* shows up especially in **three parts milk**
- **Dried fruit character:** *dried apricot* adds that dried-fruit sweetness

**Other strong options:**
- **Turbo Espresso** — creamy-smooth body, chocolate finish, with **magnolia** and **date**; especially good in milk
- **Floral Samurai** — full, syrupy-smooth with **narcissus** and **date**, very milk-friendly
- **Espresso Blend Classic No. 1** — more floral and chocolaty, but less clearly cocoa/dried-fruit driven than Espresso Fino

**Best pick:** **Espresso Fino** for the closest match to **smooth silky body + cocoa finish + floral and dried fruit notes in milk**.",good,"The answer is well grounded in the retrieved context. Espresso Fino is directly supported as having a plump, creamy mouthfeel, a cocoa- and cedar-toned finish, dried apricot, and magnolia notes that are amplified in three parts milk. These map closely to the user's request for a smooth silky body, cocoa finish, and floral and dried fruit notes in milk. The additional alternatives are also supported by the context and do not introduce unsupported facts."
high-scoring medium-light espresso blend that tastes good as a straight shot and also works well with milk,"For a **high-scoring medium-light espresso blend** that works **both as a straight shot and with milk**, the best match in your context is:

## **“Sweety” Espresso Blend**
- **Roast Level:** Medium-Light
- **Quality Rating:** **95.0**
- **Why it stands out:**  
  - Specifically described as **“equally in the straight shot and in milk”**
  - Flavor profile is **rich dark chocolate, black cherry, vanilla paste**
  - Gives a **radiant, sweet, deeply rich** espresso experience
  - Milk brings out **more chocolate and cherry**, so it holds up nicely in lattes/cappuccinos

## Also strong options
### **Poseidon Blend Espresso**
- **Roast Level:** Medium-Light
- **Quality Rating:** **95.0**
- Great if you want something more **floral, fruit-forward, and elegant**
- Also explicitly noted as **good as a straight shot and in milk**

### **Fruit of the Goddess Espresso Blend**
- **Roast Level:** Medium-Light
- **Quality Rating:** **94.0**
- More **sweet-tart fruit + dark chocolate**
- Works well in milk, but leans a bit more complex/fruit-driven than “Sweety”

## Quick recommendation
- **Best all-around milk + straight shot:** **Sweety Espresso Blend**
- **Best if you want brighter florals and fruit:** **Poseidon Blend Espresso**

If you want, I can also narrow it down by flavor preference:
**chocolatey**, **fruity**, or **balanced/comforting**.",good,"The answer is grounded in the retrieved context. It correctly identifies medium-light, high-scoring espresso blends and supports the recommendation of “Sweety” Espresso Blend with the context’s rating of 95.0 and description that it shines equally in the straight shot and in milk. It also accurately mentions Poseidon Blend Espresso (medium-light, 95.0, good as a straight shot and in milk) and Fruit of the Goddess Espresso Blend (medium-light, 94.0, works in milk and is complex/layered). No unsupported factual claims appear, and the response addresses the user’s request for a high-scoring medium-light espresso blend that tastes good as a straight shot and with milk."
"fair trade espresso blend with chocolate, caramel-like sweetness, woody notes, and a smooth finish","A strong match from the context is:

**Turbo Espresso**  
- **Profile:** Richly chocolaty, sweetly nut-toned  
- **Key notes:** Dark chocolate, hazelnut butter, gently scorched cedar, date  
- **Finish:** **Full, creamy-smooth**, with a crisply sweet chocolate-and-nut finish  
- **Why it fits:** It lines up well with **chocolate**, **caramel-like sweetness** (via date / sweet nutty richness), **woody notes** (cedar), and a **smooth finish**

**If you want an even more chocolate-forward option:**  
- **Sweety Espresso Blend** — deep dark chocolate, syrupy mouthfeel, smooth finish  
- **Classic Blend** — chocolate plus oak, but a bit drier in the finish

If you’d like, I can also help you pick the **best one for straight espresso vs milk drinks**.",bad,"The answer is mostly grounded in the retrieved context, especially for Turbo Espresso: it is described as richly chocolaty, sweetly nut-toned, with dark chocolate, gently scorched cedar, and a full, creamy-smooth mouthfeel plus a crisply sweet chocolate-and-nut-toned finish. However, it introduces an unsupported inference by mapping 'caramel-like sweetness' to 'date / sweet nutty richness'; the context does not mention caramel, and this is interpretive rather than directly supported. It also presents alternative suggestions that are supported in general, but the core identification seems reasonable. Since the criteria require all factual claims to be directly supported and avoid invented details, the unsupported caramel-like equivalence makes the response imperfect."
Old Soul Co. Decaf Ethiopia Sidamo medium roast United States rating 90 Southern Ethiopia Sidama,"I found the closest match in the context, but **not an exact match** for **“Old Soul Co. Decaf Ethiopia Sidamo medium roast United States rating 90 Southern Ethiopia Sidama.”**

### Best context match
**Document 4 — Ethiopia Sidama Bensa Bekele**
- **Origin:** Sidamo / Sidama Growing Region
- **Roast Level:** Medium-Light
- **Quality Rating:** 91.0
- **Location/Country:** United States
- **Profile:** Citrus, cocoa powder, hazelnut, oak, maple syrup
- **Process:** Natural

### Why it’s not exact
Your query mentions:
- **Old Soul Co.**
- **Decaf**
- **Medium roast**
- **Rating 90**
- **Southern Ethiopia / Sidama**

But the retrieved context does **not** include a coffee from **Old Soul Co.**, and none of the listed coffees are **decaf**. The closest U.S.-based Sidama option is the **Bensa Bekele** lot above.

### Short takeaway
If you're looking for a **Sidama/Sidamo coffee from the United States with a similar profile**, **Document 4** is the nearest fit, though it’s **not decaf** and rated **91**, not 90.

If you want, I can also help you **compare the Sidama coffees in the context by roast, process, and flavor profile**.",good,"The generated answer is grounded in the retrieved context. It correctly notes that there is no exact match for Old Soul Co., decaf, or rating 90, and it identifies the closest U.S.-based Sidama/Sidamo option as Ethiopia Sidama Bensa Bekele, which the context supports with origin, roast, rating, and country. It avoids inventing unsupported details and clearly states the missing information. Although it slightly speculates that this is the 'closest' match, that is a reasonable interpretive comparison based on the available records and not a factual contradiction."
"Decaf coffee with floral and citrus blossom notes, honey sweetness, light silky body, and tart structure","The best match is **Moonbow Decaf Espresso**.

Why it fits:
- **Floral/citrus blossom notes:** It has **orange zest** and **fir** aromatics; not explicitly blossom, but the bright citrus character is the closest match in the context.
- **Honey sweetness:** It reads as **sweetly tart** with a cocoa-sweet finish rather than overt honey, but it has the right sweet structure.
- **Light silky body:** It’s described as **crisp, lightly syrupy mouthfeel**—lighter and smoother than the more velvety decafs.
- **Tart structure:** This is the strongest match: **bright, sweetly tart** with **tart fruit** and **bittersweet citrus zest** notes.

If you want, I can also rank the other decafs by how close they are to this flavor profile.",bad,"The answer identifies Moonbow Decaf Espresso as the best match, but several of its supporting claims are not directly grounded in the retrieved context. The context does support Moonbow Decaf Espresso having bright, sweetly tart character, orange zest, crisp lightly syrupy mouthfeel, and tart fruit/bittersweet citrus zest notes. However, the user asked for decaf coffee with floral and citrus blossom notes, honey sweetness, light silky body, and tart structure; the response acknowledges that floral/blossom and honey are not explicitly present in the context, but then still treats the match as fitting without clearly noting that these elements are missing. More importantly, the context appears to provide an even closer decaf floral option: Decaf Classic Espresso has magnolia floral notes, though it lacks the citrus blossom and tart structure. The response is not fully incorrect, but it is somewhat incomplete and potentially misleading in presenting Moonbow as the best match despite the missing key descriptors."
"Naturally processed Ethiopian decaf with tea-like complexity, delicate floral aroma, lemon blossom, and no woody aftertaste","A great match from the context is:

**Decaf Ethiopia Sidamo**  
- **Origin:** Sidama, Southern Ethiopia  
- **Why it fits:**  
  - **Naturally processed / dry-processed**
  - **Tea-like complexity**
  - **Delicate floral aromatics** like **lilac** and **lemon blossom**
  - **Very light, silky mouthfeel**
  - Explicitly noted as **free of the woody notes** common in many decafs

**Key sensory notes:**  
- Lilac  
- Lemon blossom  
- Fresh sweet grass  
- Honey  
- Light tart structure  
- No disturbing wood notes

If you want, I can also suggest the **best brew method** to highlight those floral, tea-like qualities.",good,"The answer is well grounded in the retrieved context. It correctly identifies Decaf Ethiopia Sidamo as a natural/dry-processed decaf from Sidama in Southern Ethiopia, and it accurately cites the tea-like complexity, lilac and lemon blossom aromatics, very light silky mouthfeel, and the note that it is free of disturbing wood notes common in many decafs. These facts are all directly supported by the context. The extra offer to suggest a brew method is non-factual and harmless. Overall it addresses the user’s query well without inventing unsupported details."
"High-scoring light-bodied decaf for someone who likes floral, citrusy, honeyed coffees with a clean finish","For **high-scoring, light-bodied decaf** with a **floral, citrusy, honeyed** profile and a **clean finish**, the best match in your context is:

## **Top Pick: Decaf Colombia Select**
- **Quality Rating:** 87.0
- **Roast Level:** **Medium-Light**
- **Why it fits:**  
  - **Floral:** faint **rose-like flowers**
  - **Citrusy:** **orange zest**
  - **Sweet:** **demerara sugar**
  - **Clean/light-bodied:** **very lightly syrupy mouthfeel**
  - **Finish:** **round, sweet-toned finish**
- **Best for:** drip, pour-over, or any brewing method where you want the delicate florals and citrus to come through clearly

### Why it’s the best fit
Among the decafs listed, this is the **closest to your flavor target** because it leans **delicate and aromatic** rather than cocoa-heavy or dark/chocolaty. It’s also the most **light-bodied** of the group.

## Runner-up: Decaf Espresso (Peru)
- **Quality Rating:** 89.0
- **Roast Level:** **Medium-Light**
- **Notes:** **lily, grapefruit zest, fresh-cut fir, dark chocolate**
- **Why consider it:** It’s **higher scoring** and has a **clean, citrus-toned finish**, but it’s a bit more **chocolatey/drying** than the Colombia.

## Not the best fit, but worth noting
- **Moonbow Decaf / Moonbow Decaf Espresso:** excellent decafs, but they’re more **cocoa, hazelnut, tart fruit**, and **medium-dark** rather than light-bodied/floral-honeyed.
- **Decaf Classic Espresso:** more **cocoa, magnolia, molasses, oak** — richer and less bright.

### Recommendation
If you want the **closest flavor match**, go with **Decaf Colombia Select**.  
If you want the **slightly higher-scoring option with a more citrus-floral edge**, try **Decaf Espresso (Peru)**.

If you want, I can also rank these **for pour-over vs espresso** or suggest which one will taste most like a **floral Ethiopian-style cup**.",bad,"The response is mostly grounded in the retrieved context: Decaf Colombia Select is medium-light, has rose-like flowers, orange zest, demerara sugar, and a round sweet-toned finish; Decaf Espresso (Peru) is medium-light and has lily, grapefruit zest, and a lightly syrupy body with a citrus-toned finish. However, it introduces unsupported claims such as “high-scoring” and “most light-bodied of the group” without direct comparative evidence, and it also mentions “honeyed” in the recommendation framing despite no honey note in the context. The query asks for a high-scoring light-bodied decaf with floral, citrusy, honeyed coffees and a clean finish; the answer addresses this reasonably but does not fully satisfy the honeyed aspect and adds a few inferred judgments. Overall, it is close but contains some unsupported details."
"Medium roast decaf that tastes elegant and tea-like, with bright sweetness and a soft mouthfeel","For a **medium roast decaf** with an **elegant, tea-like feel** plus **bright sweetness** and a **soft mouthfeel**, the best match in your context is:

### **Decaf Colombia Select**
- **Roast level:** Medium-Light  
- **Why it fits:**  
  - **Delicate, floral, and wood-toned**
  - **Orange zest** and **demerara sugar** give it **bright sweetness**
  - **Very lightly syrupy mouthfeel** keeps it soft and elegant
  - Finish is **round and sweet-toned**, which leans nicely into a tea-like cup

### If you want a slightly richer but still refined option:
**Moonbow Decaf**
- **Roast level:** Medium-Dark  
- **Profile:** sweetly tart, cocoa, hazelnut, orange zest, pomegranate
- **Mouthfeel:** crisp, lightly syrupy / velvety
- Less tea-like than the Colombia, but more plush and dessert-like

### Best pick for your description:
**Decaf Colombia Select** — it’s the closest to **elegant, bright, delicate, and soft**.",good,"The response is grounded in the retrieved context. It correctly identifies Decaf Colombia Select as Medium-Light, not Medium roast, and supports its description with context facts: sweet, delicate, floral and wood-toned; orange zest and demerara sugar; very lightly syrupy mouthfeel; round, sweet-toned finish. It also notes Moonbow Decaf as a secondary option with its supported flavor and mouthfeel descriptors. The only minor issue is that the user asked for medium roast, while the best match selected is medium-light; however, the answer transparently states the roast level and uses the closest available match without inventing facts. No unsupported claims are made."
"A.R.C. Ethiopia Yirgacheffe Washed G1 medium-light roast from Hong Kong, 92 rating, Southern Ethiopia, Yirgacheffe Growing Region","**A.R.C. Ethiopia Yirgacheffe Washed G1** sounds like a classic **Southern Ethiopia / Yirgacheffe** cup in a **medium-light roast** style, which usually means:

- **Bright, floral, and delicate**
- **Citrusy sweetness**
- **Clean washed-process clarity**
- Often with notes like **lemon zest, floral aromatics, chocolate, or sweet tart fruit**

Based on the provided context, the closest match is **Ethiopia Yirgacheffe Washed** and similar Yirgacheffe washed lots:

- **Origin:** Yirgacheffe Growing Region, Southern Ethiopia
- **Process:** Washed
- **Roast level:** Medium-light / medium
- **Quality style:** Specialty-grade, high clarity, expressive acidity
- **Typical cup character:** **Bright, sweet, floral, citrusy**

### What to expect in the cup
Likely flavor direction:
- **Lemon zest / citrus**
- **Floral notes** like rhododendron or jasmine-like florals
- **Light chocolate or cocoa**
- **Sweet, lively acidity**
- **Light to satiny mouthfeel**

### If you want to brew it well
A washed Yirgacheffe like this usually shines with a cleaner, lighter brew:

**Brew Method:** V60  
* **Coffee:** 15g  
* **Water:** 250g @ 94°C / 201°F  
* **Grind Size:** Medium-fine, like table salt  
* **Total Time:** 2:30–3:00 mins  

**Step-by-Step Instructions:**
1. Rinse filter and preheat brewer.
2. Add coffee and pour **40g** for the bloom; wait **30–45 sec**.
3. Pour in slow circles up to **250g** total.
4. Let it drain fully and taste.

If you want, I can also give you:
- a **pour-over recipe tuned for this exact bean**
- an **espresso recipe**
- or a **tasting-note breakdown in plain language**",bad,"The generated answer stays mostly within the retrieved context for the coffee’s origin, process, and general profile, but it introduces unsupported details. The brewing recipe (V60, 15g coffee, 250g water at 94°C, grind size, timing, and step-by-step instructions) is not present in the context and is therefore invented. The answer also says the closest match is 'Ethiopia Yirgacheffe Washed' and implies typical notes like jasmine-like florals, which are not directly supported by the cited product entries. However, the core descriptive claims about Yirgacheffe/Southern Ethiopia, washed process, medium-light roast, and bright/floral/citrusy character are supported by the context. Because it includes clear hallucinated content beyond the context, it should be scored bad."
"Medium-light Ethiopian washed coffee with bright citrus blossom, cocoa, nutty notes, and a crisp, light body","A very close match from the context is:

**Ethiopia Sidama Bona Washed G1**

- **Roast Level:** Medium-Light
- **Key notes:** **cocoa nib, narcissus/floral, almond butter, apricot**
- **Body:** **full, syrupy mouthfeel**
- **Acidity:** **bright, juicy acidity**
- **Why it fits:** It has the **cocoa + nutty + floral** profile you’re after, with a lively washed-Ethiopia character.

If you want something a bit more **citrus/blossom-forward and lighter-bodied**, this is also a strong fit:

**Ethiopia Mulegeta Sintayehu Washed**
- **Roast Level:** Medium-Light
- **Key notes:** **tangerine zest, almond, narcissus-like flowers, cedar**
- **Body:** **crisp yet syrupy mouthfeel**
- **Why it fits:** More **citrus blossom / crisp** leaning, with nutty almond notes.

If you’d like, I can also rank all 5 coffees from **closest to least close** for your flavor description.",good,"The generated answer is mostly grounded in the retrieved context. It correctly identifies two likely matches and supports their roast levels and flavor notes with context: Ethiopia Sidama Bona Washed G1 has cocoa nib, narcissus, almond butter, apricot, bright juicy acidity, and full syrupy mouthfeel; Ethiopia Mulegeta Sintayehu Washed has tangerine zest, almond, narcissus-like flowers, and crisp yet syrupy mouthfeel. However, the response slightly overstates fit by saying Sidama Bona is a very close match for a request that includes citrus blossom and light body, when the context does not directly provide citrus blossom or light body for that coffee. This is a mild inference rather than a clear hallucination, and the overall answer still addresses the query by narrowing to the most relevant coffees. Since it does not invent unsupported specific facts and remains largely faithful to the context, it is acceptable."
"Tea-like, delicate coffee with floral aroma, tangy fruit, and peppery spice, plus a clean, dry finish","The best match is **Flora Blend Espresso**.

**Why it fits:**
- **Tea-like, delicate / floral aroma** → honeysuckle, floral-toned
- **Tangy fruit** → dried apricot, sweetly tart
- **Peppery spice** → thyme adds a subtle savory spice note
- **Clean, dry finish** → gently drying, floral-driven finish

If you want, I can also rank the **top 3 closest matches** from the list and explain the differences.",good,"The response selects Flora Blend Espresso and supports it with descriptors directly present in the context: floral-toned/honeysuckle, sweetly tart, dried apricot, thyme, and gently drying finish. However, it introduces an unsupported interpretation by equating thyme with 'peppery spice,' which is not explicitly stated in the retrieved context. The query asks for a tea-like, delicate coffee with floral aroma, tangy fruit, peppery spice, and a clean, dry finish. Flora Blend Espresso is the closest grounded match among the options, but the 'peppery spice' phrasing is not directly supported; still, the answer overall remains aligned and does not materially invent a new coffee or contradict the context."
"Looking for a high-scoring light-to-medium roast that’s floral, complex, and works as a refined filter coffee","For a **high-scoring light-to-medium roast** that’s **floral, complex, and polished for filter**, the best match in your context is:

### **Ka’u Pink Honey**
- **Roast Level:** Light  
- **Quality Rating:** **94.0**
- **Why it fits:** It’s described as **“tropically sweet, floral-driven”** with **star jasmine, mango, date, macadamia nut, and amber**. The cup has **gently bright acidity** and a **fruit- and floral-toned finish**, which is exactly what you want for a refined filter coffee.

### Why this stands out
- **Floral complexity:** Star jasmine is a strong indicator of elegant florals.
- **Layered sweetness:** Mango, date, and amber add depth without tasting heavy.
- **Filter-friendly clarity:** The light roast and delicate acidity should shine especially well in pour-over.

### Runner-up
**Fruit of the Goddess Espresso Blend**
- **Roast Level:** Medium-Light
- **Quality Rating:** **94.0**
- It’s also very complex and floral, with **star jasmine, sage, black cherry, and dark chocolate**.
- However, it’s specifically **roasted for espresso applications**, so it’s less ideal if your main goal is refined filter brewing.

### Best pick for filter
**Ka’u Pink Honey** is the clearest answer here.

If you want, I can also help you choose the **best brew method and recipe** for it, like V60, Chemex, or flat-bottom filter.",good,"The response is grounded in the retrieved context. It correctly identifies Ka’u Pink Honey as a light roast with a 94.0 rating and cites supported flavor notes (tropically sweet, floral-driven, star jasmine, mango, date, macadamia nut, amber, gently bright acidity, fruit- and floral-toned finish). It also appropriately mentions Fruit of the Goddess Espresso Blend as medium-light, rating 94.0, and notes that it is roasted for espresso applications, which is supported. The answer addresses the user’s intent by recommending the best high-scoring light-to-medium roast for floral, complex filter coffee, without inventing unsupported details."
"Bright and aromatic Ethiopian coffee with layered fruit, cocoa, and spice notes, not too heavy","If you want **bright and aromatic Ethiopian coffee** with **layered fruit, cocoa, and spice notes** that’s **not too heavy**, the best fit from your context is:

**Best Match: Ethiopia Halo Hartume Daniel Mijane**
- **Origin:** Yirgacheffe, Ethiopia
- **Why it fits:** It’s described as **delicately vibrant** with **peach, cocoa nib, lilac, and pink grapefruit zest**—so you get brightness, aromatic complexity, and a lighter, elegant structure.
- **Body:** **Richly silky**, but not heavy.
- **Process:** **Washed**, which usually keeps the cup cleaner, brighter, and more floral.
- **Roast Level:** **Medium-Light**

**Runner-up: Ardent Ethiopia Natural**
- More **deep-toned and complex**, with **hibiscus, bergamot, frankincense, lychee, boysenberry**
- Still bright and aromatic, but a bit more **fruity and layered** than cocoa/spice-driven

**If you want the most “bright, fruity, floral, and cocoa-adjacent” cup:**  
Go with **Ethiopia Halo Hartume Daniel Mijane**.

If you’d like, I can also help you choose between these based on **pour-over vs espresso**.",bad,"The answer is mostly grounded in the retrieved context: Ethiopia Halo Hartume Daniel Mijane is indeed from Yirgacheffe/Southern Ethiopia, described as delicately vibrant with peach and cocoa nib notes, has a richly silky mouthfeel, and is washed with a medium-light roast. However, the response overstates the fit by claiming 'layered fruit, cocoa, and spice notes' for Halo Hartume when the context does not mention spice for that coffee. It also says 'If you want the most “bright, fruity, floral, and cocoa-adjacent” cup' which is broadly supported, but the runner-up comparison is less directly tied to the user's stated preference since Ardent Ethiopia Natural is deep-toned and does not clearly provide spice. The main issue is the unsupported spice emphasis; still, overall it addresses the query and stays largely within context."
A.R.C. Ethiopia Yirgacheffe Natural G1 Hong Kong medium-light roast 91 rating November 2017,"I couldn’t find an exact match for **“A.R.C. Ethiopia Yirgacheffe Natural G1 Hong Kong medium-light roast 91 rating November 2017”** in the provided context.

Closest relevant Ethiopian Yirgacheffe-style entries in the context are:

- **Ethiopia Yirgacheffe G1 Mulugeta Tsige** — **Medium-Light**, **95.0**
- **Ethiopia Yirgacheffe Aricha G1** — **Medium-Light**, **93.0**
- **Ethiopia Biloya Washed G1** — **Light**, **92.0**
- **Ethiopia Yirgacheffe Worka Sakaro** — **Medium-Light**, **95.0**

A few notes:
- The context includes **washed** Ethiopian coffees, not a **natural** process Yirgacheffe.
- I don’t see a **Hong Kong**-based listing or a **91 rating** entry here.
- If you want, I can help you **identify the closest match by tasting profile** or **summarize what a natural-process Yirgacheffe medium-light roast would typically taste like**.",good,"The response is grounded in the retrieved context: it correctly states that no exact match for the queried coffee appears and lists the closest entries that are actually present, with their roast levels and ratings matching the context. It also correctly notes that the retrieved items are washed coffees rather than natural, and that there is no Hong Kong-based listing or 91 rating in the provided context. The extra offer to summarize typical natural Yirgacheffe characteristics is framed as hypothetical, not as a factual claim about the context. Overall it addresses the query while avoiding invention."
"A natural-process Ethiopian coffee with floral spice, sweet herb notes, and a satiny body","The best match is **Ardent Ethiopia Natural**.

- **Why it fits:** It’s a **natural-process Ethiopian coffee** with **floral** and **spice-like** aromatics, plus a **silky/satiny body** and sweet-tart structure.
- **Key notes from the context:** dried hibiscus flowers, bergamot, frankincense, lychee, boysenberry.
- **Body:** silky, buoyant mouthfeel — very close to “satiny.”

If you want, I can also help narrow it down by **roast style, brewing method, or flavor emphasis**.",good,"The response correctly identifies Ardent Ethiopia Natural as the best match and supports it with facts from the context: it is natural-processed, Ethiopian, floral, and has a silky/buoyant mouthfeel. However, the user's query mentions 'floral spice, sweet herb notes, and a satiny body,' and while Ardent has floral and mouthfeel support, it does not clearly provide the 'sweet herb notes' aspect; that descriptor appears more aligned with other coffees in the context (e.g., spearmint in Ethiospro Blend or bay leaf in Organic Panorama). The answer is still mostly grounded and directly addresses the likely match without inventing unsupported details, so it should be considered good."
"Looking for a balanced medium-light coffee with tea-like florals, spice, and cocoa nib sweetness","For **balanced medium-light** with **tea-like florals, spice, and cocoa nib sweetness**, the best match from your context is:

## **Top Pick: Berlina Geisha**
- **Roast:** Medium-Light  
- **Why it fits:** It’s the most **floral-forward** option with a very elegant, balanced profile.
- **Tasting notes:** **Passionflower, lemon drop, roasted cacao nib, apricot, tamarind**
- **Texture:** **Silky, viscous**
- **Why you’ll like it:** It gives you that **tea-like floral lift** plus a clear **cocoa nib** character and bright, refined sweetness.

## **Runner-Up: Rhapsody of Dreams**
- **Roast:** Medium-Light  
- **Why it fits:** More **chocolaty and floral-toned**, with **pink peppercorn** and a sweet-tart structure.
- **Tasting notes:** **Dark chocolate, freesia-like flowers, pluot, pink peppercorn, oak**
- **Best if you want:** A bit more **spice** and **deep chocolate** alongside florals.

## **Also worth considering: Sweet Collection Blend**
- **Roast:** Medium-Light  
- **Why it fits:** Balanced and pretty, but less floral/tea-like than the two above.
- **Tasting notes:** **Pomegranate, baking chocolate, narcissus, cedar, almond butter**
- **Best if you want:** A smoother, more blended cup with **chocolate and light floral nuance**.

### Quick recommendation
- **Most floral + cocoa nib:** **Berlina Geisha**
- **Most spice + chocolate + floral:** **Rhapsody of Dreams**

If you want, I can also rank these specifically for **pour-over**, **espresso**, or **milk drinks**.",good,"The answer is largely grounded in the retrieved context. It correctly identifies Berlina Geisha as medium-light with floral notes and roasted cacao nib, and Rhapsody of Dreams as medium-light with freesia-like flowers, pink peppercorn, and chocolate. However, it introduces unsupported interpretive phrasing like 'tea-like florals' and 'most floral-forward' as judgments, which are reasonable inferences but not directly stated. The response still answers the user's request by recommending coffees matching florals, spice, and cocoa nib sweetness without inventing concrete facts or contradicting the context. Overall, it is acceptable and contextually supported."
"High-scoring light-to-medium roast Ethiopian coffee that is rich, sweet, and gently drying","A great fit from the options is **Alaka Ethiopia**.

**Why it matches:**
- **Light-to-medium roast:** Medium-Light
- **Rich and sweet:** pear, almond butter, baking chocolate, molasses
- **Gently drying:** crisp, satiny structure with a finish that leans almond/pear/chocolate rather than sharp or aggressive

**Tasting snapshot:**
- **Origin:** Hambela Wamena, Ethiopia
- **Quality rating:** 94.0
- **Style:** bright sweet-tart, balanced, with lively acidity and a smooth mouthfeel

If you want, I can also rank the other Ethiopia coffees here by how **sweet**, **floral**, or **drying** they are.",good,"The answer is grounded in the retrieved context. Alaka Ethiopia is listed as Medium-Light roast with a 94.0 rating, and its description includes pear, almond butter, baking chocolate, and molasses, along with a crisp, satiny mouthfeel and a finish consolidating to almond, pear, and baking chocolate. These details support calling it a high-scoring light-to-medium roast Ethiopian coffee that is rich, sweet, and gently drying. No unsupported facts were introduced."
"Sweet floral coffee with aromatic wood and spice notes, good for pour-over or filter brewing","For **sweet floral coffee with aromatic wood and spice notes**, especially good for **pour-over or filter**, the best match here is:

## **Trilogy**
- **Profile:** Richly sweet, **spice-toned** with **magnolia, fresh-cut fir, brown sugar**, and a finish of **baker’s chocolate and aromatic wood**
- **Why it fits:** It has the floral + wood + spice character you’re after, and the notes are very suited to filter brewing
- **Roast Level:** **Medium-Light**
- **Best for:** **Pour-over / filter methods**

### Other good options:
- **Rhapsody of Dreams** — more **floral + spice + oak**, but also brighter and fruitier
- **Humanitarian Grounds** — **floral + cocoa + wood**, though less spice-forward

If you want, I can also recommend **the best brew method and recipe** for Trilogy using V60, Chemex, or Kalita.",bad,"The answer is not fully grounded in the retrieved context. It correctly identifies Trilogy as having spice and aromatic wood notes, and notes that it is medium-light, which matches the context. However, it invents that Trilogy is 'especially good for pour-over or filter' and implies filter suitability without any support in the retrieved text. The context does not state brew method recommendations for Trilogy. It also slightly overstates floral character by emphasizing 'floral + wood + spice' as if explicit, though the context does include magnolia. Since the response adds unsupported brewing advice, it fails the groundedness criterion."
"A.R.C. ""Fruity"" Espresso Blend Hong Kong Ethiopia Kenya medium-light roast rating 95 November 2017","The coffee that matches your query is:

**“Fruity” Espresso Blend**  
- **Roaster/Location:** A.R.C., Hong Kong  
- **Blend Origins:** Ethiopia, Kenya, and Yunnan Province, China  
- **Roast Level:** Medium-Light  
- **Quality Rating:** **95.0**  
- **Date/Reference:** November 2017  

**Tasting Profile:**
- Jasmine
- Roasted cacao nib
- Passionfruit
- Sandalwood
- Nougat

**Espresso Character:**
- **Straight shot:** Rich, sweet, elegant, and cocoa-laden
- **Milk drinks:** Fruit- and floral-toned with cocoa and aromatic wood notes

If you want, I can also compare this with the other **95-point fruity espresso** in the set.",bad,"The answer is largely grounded in the retrieved context for the matching coffee: “Fruity” Espresso Blend, Hong Kong, Ethiopia/Kenya, medium-light roast, and rating 95.0 are all supported. However, it introduces an unsupported origin detail, “Yunnan Province, China,” which is only mentioned in the narrative description and not as a structured blend origin in the user query. More importantly, it states “November 2017” as a date/reference, but the retrieved context provided here does not include any publication date or month/year, so that detail is unsupported. Because the response contains at least one clear invented/unsupported fact, it should be marked bad despite otherwise matching the item."
"espresso blend with floral and fruit notes, silky body, cocoa finish, and a long aromatic aftertaste","A great match from the context is:

**Poseidon Blend Espresso**

Why it fits:
- **Floral + fruit notes:** watermelon, pink grapefruit zest, tiger lily
- **Silky body:** *syrupy-smooth mouthfeel*
- **Cocoa finish:** sweet cocoa and hazelnut tones
- **Long aromatic aftertaste:** *long, flavor-saturated finish* with continuing floral resonance

If you want, I can also narrow this down to the **most cocoa-forward** or **most fruit-forward** espresso blend from the list.",good,"The answer is grounded in the retrieved context. Poseidon Blend Espresso is described as having floral and fruit notes (watermelon, pink grapefruit zest, tiger lily), a syrupy-smooth mouthfeel, sweet cocoa tones, and a long, flavor-saturated finish with continuing floral resonance. The response does not add unsupported facts and directly addresses the user’s query by identifying a matching espresso blend. Minor wording like ""silky body"" is an acceptable paraphrase of ""syrupy-smooth mouthfeel."""
"sweet elegant espresso with jasmine-like aroma, stone fruit acidity, and nutty chocolate tones in milk","The **best match** is **Document 1: Fruit of the Goddess Espresso Blend**.

**Why it fits your description:**
- **Jasmine-like aroma:** explicitly notes **star jasmine** in aroma
- **Stone fruit / bright fruit acidity:** **black cherry** and **sweet-tart** fruit character
- **Nutty chocolate tones in milk:** **dark chocolate** is prominent, and it stays rich and smooth in milk
- **Elegant espresso style:** described as **complex, layered**, with a **creamy-smooth mouthfeel** and **long chocolaty finish**

**Also strong, but slightly less on the jasmine note:**
- **Document 3: Poseidon Blend Espresso**
  - Very elegant and floral
  - Has **tiger lily** and **sandalwood**, plus **sweet cocoa and hazelnut in milk**
  - More citrus/grapefruit than stone fruit, so it’s a bit less aligned

If you want, I can also rank all 5 options from **closest to least close** for that flavor profile.",good,"The generated answer is grounded in the retrieved context. It identifies Fruit of the Goddess Espresso Blend as the best match, which is supported by its star jasmine aroma, sweet-tart fruit/black cherry notes, dark chocolate, and creamy-smooth mouthfeel with chocolaty finish. It also correctly mentions Poseidon Blend as a secondary option with floral notes and hazelnut/cocoa in milk, while noting its citrus/grapefruit character makes it less aligned. No unsupported claims or contradictions are present, and it addresses the user's flavor-profile query appropriately."
"high-scoring medium-light espresso blend that tastes cocoa-forward in the shot and bright, floral in milk","A strong match from the context is **Poseidon Blend Espresso**.

**Why it fits:**
- **Roast level:** **Medium-Light**
- **Quality rating:** **95.0**
- **In the shot:** **richly floral-toned**, elegant, with **Nutella** and **sandalwood**
- **In milk:** **sweet cocoa and hazelnut** tones become more pronounced, with **continuing floral resonance**

If you want **more cocoa-forward in the shot**, a couple of other great options are:

- **“Sweety” Espresso Blend** — **95.0**
  - **Shot:** dark chocolate, vanilla paste, black cherry, floral citrus
  - **Milk:** rich chocolate intensifies, with floral citrus zest lingering
  - Best if you want the shot to feel **deeper and richer**

- **Fruit of the Goddess Espresso Blend** — **94.0**
  - **Shot:** dark chocolate plus **star jasmine** and black cherry
  - **Milk:** dark chocolate and **star jasmine** stand out
  - Best if you want **bright florals with a chocolate base**

**Best overall for your request:** **Poseidon Blend Espresso**  
It’s the clearest fit for **medium-light, high-scoring, cocoa-forward in espresso, and bright/floral in milk**.",bad,"The response is mostly grounded in the retrieved context. It correctly identifies Poseidon Blend Espresso as medium-light with a 95.0 rating and accurately cites its floral shot and sweet cocoa/hazelnut in milk. However, it overstates the fit for the user’s request: Poseidon’s shot notes in the context are more floral-toned with watermelon, pink grapefruit zest, Nutella, sandalwood, and tiger lily, not clearly ""cocoa-forward in the shot."" The answer also ranks it as the ""best overall"" for cocoa-forward espresso without direct support. The alternatives are supported by context, but the final recommendation is not fully justified by the retrieved descriptions. Because the answer adds an unsupported preference judgment and slightly stretches the cocoa-forward requirement, it should be marked bad."
fruity espresso blend that works well as a straight shot and also tastes balanced with milk,"If you want a **fruity espresso blend that still tastes balanced with milk**, the best match from your context is:

## **Top Pick: “Sweety” Espresso Blend**
- **Why it fits:** It’s described as **radiant in the straight shot and in milk**, with **rich dark chocolate and black cherry**.
- **Fruity profile:** **Pink grapefruit zest** and **black cherry**
- **Milk compatibility:** Chocolate tones intensify beautifully in **three parts milk**
- **Roast level:** **Medium-Light**
- **Quality rating:** **95**

## **Also a strong option: Poseidon Blend Espresso**
- **Why it fits:** Explicitly described as **“as good as a straight shot as in milk”**
- **Fruity profile:** **Watermelon** and **pink grapefruit zest**
- **Milk compatibility:** **Sweet cocoa and hazelnut** come through in milk, with floral resonance
- **Roast level:** **Medium-Light**
- **Quality rating:** **95**

## **If you want more chocolate-forward balance with a lighter fruit note:**
**Espresso Blend Classic No. 1**
- **Notes:** **Black cherry, dark chocolate, almond paste**
- **Milk:** Chocolate and floral notes bloom nicely in milk
- **Roast level:** **Medium**

### Quick recommendation:
- **Most fruity + balanced in milk:** **Sweety Espresso Blend**
- **Most floral/fruity and elegant:** **Poseidon Blend Espresso**

If you want, I can also rank these by **best straight shot**, **best cappuccino**, or **brightest fruit character**.",good,"The response is largely grounded in the retrieved context and directly answers the query by recommending relevant espresso blends that are fruity and work with milk. However, it adds a potentially unsupported superlative comparison, calling Sweety Espresso Blend the 'most fruity + balanced in milk,' which is a synthesis not explicitly stated in the context. This is minor and the main facts for Sweety, Poseidon, and Espresso Blend Classic No. 1 are all supported. Overall it addresses the query well with no major hallucinations."
1. Bootstrap Coffee Roasters Decaf Colombia Select Colombia Ethiopia medium-light roast rating 87 United States November 2017,"**Bootstrap Coffee Roasters Decaf Colombia Select** matches **Document 1**.

- **Coffee Name:** Decaf Colombia Select  
- **Origin:** Colombia  
- **Roast Level:** Medium-Light  
- **Quality Rating:** 87.0  
- **Location/Country:** United States  
- **Notable Notes:** Sweet, delicate, floral, wood-toned; orange zest, demerara sugar, faint rose-like flowers  
- **Processing/Varieties:** Caturra and Castillo; decaffeinated at origin using ethyl acetate derived from sugar cane  

If you want, I can also help you compare it against the other Colombia coffees in the set.",good,"The answer is fully supported by the retrieved context. It correctly identifies Bootstrap Coffee Roasters Decaf Colombia Select, its origins (Colombia/Ethiopia), roast (Medium-Light), rating (87.0), location (United States), and flavor/processing notes. It also addresses the query intent by matching the described coffee to the context entry. No unsupported or contradictory details appear."
"2. Decaf coffee with delicate floral aroma, citrus peel brightness, sweet woodsy notes, and a light syrupy texture","The best match is:

**Moonbow Decaf Espresso**

Why it fits:
- **Decaf coffee** — explicitly decaffeinated at origin
- **Delicate floral aroma** — the closest floral-adjacent note in the context is a bright, aromatic profile with **fir** and **orange zest**, though it’s less floral than some others
- **Citrus peel brightness** — **orange zest** and **bittersweet citrus zest**
- **Sweet woodsy notes** — **fir** gives a soft woodsy character
- **Light syrupy texture** — described as **crisp, lightly syrupy mouthfeel**

If you want, I can also rank the other options by how close they are to this flavor description.",bad,"The answer selects Moonbow Decaf Espresso, which is supported as a decaf option with orange zest, fir, and a lightly syrupy mouthfeel. However, it adds interpretive language not directly grounded in the context, such as calling fir a 'soft woodsy character' and noting a 'delicate floral aroma' when the context for Moonbow does not mention floral notes. The user’s query asks for a coffee matching delicate floral aroma, citrus peel brightness, sweet woodsy notes, and light syrupy texture; Moonbow matches most of these except the floral component is not supported. Still, since the response clearly identifies the closest available match and does not invent major contradictory facts, it is mostly aligned with the context, but the unsupported floral phrasing weakens groundedness."
"3. Gentle decaf with sweet, lightly tangy cup character, subtle flower-like fragrance, and a smooth rounded finish","The best match is **Document 2: Decaf Colombia Select**.

**Why it fits:**
- **Gentle decaf** — yes
- **Sweet, lightly tangy cup character** — “sweet, delicate” with “orange zest” and “gently bittersweet”
- **Subtle flower-like fragrance** — “faint rose-like flowers”
- **Smooth rounded finish** — “round, sweet-toned finish”

If you want, I can also rank the other decafs from **closest to least close** for that flavor profile.",good,"The answer is grounded in the retrieved context and correctly identifies Decaf Colombia Select as the best match for a gentle decaf with sweet, lightly tangy character, subtle floral notes, and a round sweet finish. The supporting descriptors are all directly present in the context. It does not invent unsupported facts. While it says 'best match' without explicit ranking evidence, that is a reasonable selection based on the provided descriptions."
"4. Looking for a high-quality decaf that's easy to drink, bright but soft, with sweet and floral notes","For **high-quality decaf that’s easy to drink, bright but soft, with sweet and floral notes**, my top pick from your context is:

## **Best Match: Decaf Colombia Select**
- **Why it fits:**  
  - **Sweet, delicate, floral** profile  
  - **Bright but gentle** acidity with **orange zest** and **rose-like flowers**  
  - **Easy on the palate** and very approachable  
  - **Medium-light roast** helps keep the cup soft and lively

### Flavor highlights
- De merara sugar
- Orange zest
- Faint rose-like florals
- Fresh-cut fir
- Round, sweet finish

### If you want a slightly richer option:
## **Moonbow Decaf**
- Still **sweet and balanced**, but more **chocolaty** than floral
- Gentle, rounded acidity and velvety mouthfeel
- Best if you want “easy drinking” with more cocoa depth than brightness

### Quick ranking for your taste
1. **Decaf Colombia Select** — best for **bright, soft, sweet, floral**
2. **Moonbow Decaf** — best for **soft, sweet, more chocolaty**
3. **Decaf Espresso (Peru)** — sweet and floral, but more espresso-focused

If you want, I can also narrow these down by **brew method** like pour-over, drip, or espresso.",good,"The answer is mostly grounded in the retrieved context and correctly identifies Decaf Colombia Select as the best fit for a sweet, delicate, floral decaf with gentle acidity and easy-on-the-palate qualities. However, it adds the phrase “bright but gentle acidity” as an interpretation; while the context does support orange zest and a zesty sweetness, it does not explicitly say “bright” for this coffee, though that is a mild inference rather than a clear hallucination. The rest of the comparisons are supported: Moonbow Decaf is sweet, balanced, and cocoa-driven, and Decaf Espresso (Peru) is sweet and floral-toned but espresso-focused. Overall it answers the query using available facts without major invention."
"5. Lightly roasted decaf coffee with a smooth body, sweet finish, and a clean, nuanced flavor","**Best match: Decaf Colombia Select**

- **Why it fits:** It’s **medium-light roasted decaf** with a **very lightly syrupy mouthfeel**, **sweet finish**, and **clean, nuanced flavor**.
- **Flavor cues:** **Sweet, delicate, floral, wood-toned** with **orange zest, demerara sugar, and faint rose-like flowers**.
- **Closest match to your description:** Light roast feel, smooth body, sweet ending, and refined complexity.

If you want, I can also rank the other decafs by how close they are to **smooth body + sweet finish + clean nuanced flavor**.",good,"The answer is grounded in the retrieved context. Decaf Colombia Select is listed as Medium-Light roast, with a very lightly syrupy mouthfeel, round sweet-toned finish, and delicate floral/wood-toned flavor notes, which reasonably matches the query for a lightly roasted decaf with smooth body, sweet finish, and clean nuanced flavor. The response does not invent unsupported specifics beyond mild interpretive phrasing like 'light roast feel' and 'clean, nuanced flavor,' which are consistent with the context. It also appropriately identifies the closest match rather than claiming an exact keyword match."
Paradise Roasters Ethiopia Awassa Yirgacheffe Ethiopia medium-light roast rating 93,"**Paradise Roasters Ethiopia Awassa — Medium-Light Roast — Rating 93**

**Quick take:**  
A **bright, layered Ethiopia** with a **floral-fruity** profile and a polished, satiny cup.

**Flavor highlights:**
- **Candied violet**
- **Dark chocolate**
- **Juniper wood**
- **Grapefruit zest**
- **Mango**

**Cup style:**
- **Sweet-tart structure**
- **Juicy acidity**
- **Satiny mouthfeel**
- Finish leans **mango + violet**, with **dark chocolate** and a touch of **aromatic wood**

**Roast level:** Medium-Light  
**Quality rating:** 93.0

**Best for:**  
If you like **Ethiopian coffees with florals, citrus, and fruit complexity**, this looks like a very engaging choice.

If you want, I can also compare it directly to the other Paradise Ethiopia coffees in your context, like **Yirgacheffe Worka Sakaro** or **Guji Laayoo Natural**.",good,"The generated answer is well grounded in the retrieved context. It correctly identifies the coffee as Paradise Roasters Ethiopia Awassa, with a Medium-Light roast and rating 93.0. The flavor notes, cup style, and finish descriptors all match the provided context exactly, and no unsupported details are introduced. It also offers a comparison to other coffees in the context without making factual claims beyond what is given. Therefore, it addresses the query accurately and completely."
"Ethiopian coffee with floral and fruit notes, dark chocolate sweetness, and a silky body","A great match from your context is:

**Ethiopia Sidama Bona Sweet Natural G1**

- **Why it fits:** It has **dark chocolate**, **blueberry**, and **jasmine** notes, plus a **syrupy-smooth mouthfeel** and **gentle, round acidity**.
- **Overall vibe:** **Chocolaty and fruit-centered** with floral lift and a silky body.

If you want something a bit more **floral-forward** with fruit complexity, this is another strong option:

**Ardent Ethiopia Natural**
- **Notes:** hibiscus, bergamot, lychee, boysenberry
- **Body:** **silky, buoyant mouthfeel**
- More **bright floral-fruit** than chocolate-driven.

**Best match for your description:** **Ethiopia Sidama Bona Sweet Natural G1**",good,"The answer is grounded in the retrieved context and correctly identifies Ethiopia Sidama Bona Sweet Natural G1 as a match because the context explicitly lists dark chocolate, blueberry, jasmine, and a syrupy-smooth mouthfeel. It also mentions Ardent Ethiopia Natural as an alternative with silky mouthfeel and floral-fruit notes, which is supported. No unsupported factual claims or contradictions are present, and the response addresses the user’s intent of finding an Ethiopian coffee with floral and fruit notes, dark chocolate sweetness, and a silky body."
"Coffee with tart citrus brightness, tropical fruit, and a long chocolate finish","Based on the context, the **best match** for **tart citrus brightness, tropical fruit, and a long chocolate finish** is:

**Rhapsody of Dreams**  
- **Bright acidity:** sweet-tart, sparkling  
- **Fruit character:** pluot, floral-fruity complexity  
- **Chocolate finish:** dark chocolate with a rich, sustained finish  
- **Extra notes:** floral, spice-toned complexity

If you want, I can also help narrow this to the **closest single-note match** for:
- **more citrus-forward**
- **more tropical-fruit forward**
- **more chocolate-heavy**",bad,"The answer selects Rhapsody of Dreams, but the retrieved context for that coffee mentions dark chocolate, pluot, pink peppercorn, oak, bright sparkling acidity, and a spice-toned floral finish. It does not mention tart citrus brightness, tropical fruit, or a long chocolate finish. Those descriptors are better aligned with other coffees in the context only partially, but the response does not ground its choice in the provided facts and adds unsupported specifics like tropical fruit. Therefore it is not fully supported by the context."
High-scoring light-medium washed coffee with juicy acidity and layered aromatic complexity,"Based on your description, the **best match in the provided context** is:

### **Costa Rica La Rejolla Washed Geisha**
- **Roast Level:** **Medium-Light**
- **Why it fits:**  
  - **Juicy, layered acidity:** “floral acidity” with bright fruit
  - **Aromatic complexity:** orange blossom, apricot, vanilla bean, oak forest, baking chocolate
  - **High-scoring:** **94.0**
  - **Washed process:** yes, which often gives a cleaner, brighter profile

### Also worth noting:
#### **Maui Kupa’a Orange Bourbon**
- **Roast Level:** **Medium-Light**
- **Quality Rating:** **93.0**
- **Profile:** bright, sweet-tart, citrusy acidity with peach, honeysuckle, cinnamon, cedar, cacao nib  
- A great option if you want **juicy but a little more citrus-driven**

### If you want the most “juicy + aromatic” pick:
1. **Costa Rica La Rejolla Washed Geisha**
2. **Maui Kupa’a Orange Bourbon**
3. **Ka’u Champagne Natural** if you want even more fruit intensity, though it’s a **light** roast and a natural-style process rather than washed

If you'd like, I can also rank these by **acidity, florality, or sweetness**.",good,"The answer is mostly grounded and identifies a plausible match from the context: Costa Rica La Rejolla Washed Geisha is medium-light, washed, high-scoring (94.0), and described as richly aromatic with floral acidity and bright fruit. It also correctly notes Maui Kupa’a Orange Bourbon as another medium-light, high-scoring option. However, the user asked for a 'high-scoring light-medium washed coffee with juicy acidity and layered aromatic complexity,' and the answer adds a slight extrapolation by ranking Ka’u Champagne Natural as an option in the same set despite it not being washed, though this is clearly caveated. The main issue is that 'light-medium' is translated to medium-light, which is acceptable given context, and no false facts are introduced. Overall, it addresses the query using supported facts."
"Sweet, complex Ethiopia coffee for pour over with fruit, floral, and cocoa notes","For a **sweet, complex Ethiopia pour over** with **fruit, floral, and cocoa notes**, my top pick from the context is:

## **Best Match: Ethiopia Halo Hartume Daniel Mijane**
- **Why it fits:**  
  - **Fruit:** peach  
  - **Floral:** lilac  
  - **Cocoa:** cocoa nib  
  - Also has **pink grapefruit zest** and a **silky mouthfeel**, which should make the cup feel layered and elegant.
- **Style:** high-toned, elegant washed Yirgacheffe with a floral and stone fruit throughline
- **Roast:** Medium-Light

## **Strong Runner-Up: Benti Nenqa #209 Ethiopia**
- **Why it fits:**  
  - **Fruit:** passion fruit, tangerine zest  
  - **Floral:** jasmine  
  - **Cocoa:** cocoa nib  
  - More **juicy and effervescent**, with a very complex natural-process profile.
- If you want the cup to lean **brighter and more fruit-forward**, this is a great choice.

## **If you want a softer, cocoa-leaning cup: Organic Ethiopia Chelbessa Danche**
- **Why it fits:**  
  - **Fruit:** apricot  
  - **Floral:** aromatic complexity with emphasis on floral notes  
  - **Cocoa:** cocoa nib, cocoa-toned finish  
- More **balanced and velvety**, with a friendly, accessible profile.

# Pour Over Recipe
**Brew Method:** V60 / Pour Over  
* **Coffee:** 20g  
* **Water:** 320g @ 94°C / 201°F  
* **Grind Size:** Medium-coarse like kosher salt  
* **Total Time:** 2:45–3:30 mins  

**Step-by-Step Instructions:**
1. Rinse your filter and preheat the dripper and server.
2. Add **20g coffee** and start with **40g water** for a 30–45 second bloom.
3. Pour in slow spirals up to **320g total water**.
4. Keep the water level steady with gentle pours to avoid stalling.
5. Let it draw down completely and taste. If it’s too sharp, grind slightly finer; if it’s too heavy, grind a bit coarser.

If you want, I can also rank these specifically for **the sweetest cup**, **the most floral cup**, or **the best for a beginner pour over**.",bad,"The response is grounded in the retrieved context: it recommends Ethiopia Halo Hartume Daniel Mijane, which is described with peach, cocoa nib, lilac, and a floral/stone-fruit profile, matching the user's request for sweet, complex Ethiopia coffee with fruit, floral, and cocoa notes. It also correctly identifies Benti Nenqa #209 Ethiopia and Organic Ethiopia Chelbessa Danche as relevant alternatives using only context-supported flavor notes and roast levels. However, the added pour-over recipe is not supported by the retrieved context and is effectively invented. Because the answer includes unsupported brewing details beyond the context, it fails the groundedness requirement despite otherwise addressing the query well."
Hula Daddy Kona Coffee 100% Kona SL-28 Medium-Light Hawai'i Holualoa North Kona Growing District rating 97 November 2017,"**Coffee:** Hula Daddy Kona Coffee 100% Kona SL-28  
**Origin:** Holualoa, North Kona Growing District, Hawai'i  
**Roast Level:** Medium-Light  
**Quality Rating:** 97/100  
**Tasting Notes:** Meyer lemon marmalade, cedar, pistachio, guava, jasmine  
**Cup Character:** Crisply sweet-tart, massively juicy, plush mouthfeel, long lingering finish  

**Quick Summary:**  
- This is a **top-tier Kona SL-28** from Hula Daddy’s higher-elevation farm.  
- It was **selected as No. 2 on Coffee Review’s Top 30 Coffees of 2017**.  
- The profile is **very aromatic, bright, and intensely juicy**, with a classic SL-28 character.  
- Processing included a **dry ferment step with commercial yeast**.  

If you want, I can also turn this into a **brew recommendation** for pour-over or espresso.",good,"The answer is well grounded in the retrieved context. It correctly identifies the coffee name, origin (Holualoa, North Kona Growing District, Hawai'i), roast level (Medium-Light), rating (97), and tasting notes/cup character that match the description. It also accurately states that it was selected as No. 2 on Coffee Review’s Top 30 Coffees of 2017 and mentions the dry ferment step with commercial yeast, both supported by the context. No unsupported or contradictory details are introduced."
"Which coffee has sweet citrus and floral aromatics, a heavy juicy body, and a long lingering finish?","The best match is **Sumatra Lintong**.

**Why it fits:**
- **Sweet citrus and floral aromatics**: pink grapefruit zest, orchid, flowers
- **Heavy/juicy body**: light, juicy mouthfeel with a rich structure
- **Long lingering finish**: grapefruit, sandalwood, and flowers carry into a long, layered finish

If you want, I can also compare it with **Sumatra Gayo G1** since that one is similarly floral and juicy.",good,"The answer identifies Sumatra Lintong, which is directly supported by the context. The cited descriptors match the query well: citrus and floral aromatics (pink grapefruit zest, orchid, flowers), a juicy mouthfeel, and a long layered finish. The only potential issue is the phrase 'heavy/juicy body'—the context says 'light, juicy mouthfeel' rather than heavy, but the response does not claim a literal heavy body as a direct quote and still reasonably matches the intended profile. The extra offer to compare with Sumatra Gayo G1 is also grounded, though not necessary. Overall, it addresses the query without inventing unsupported facts."
"Looking for a lightly to medium-light roasted Hawaiian coffee with lemony sweetness, tropical fruit, jasmine-like notes, and a plush mouthfeel","Based on your flavor target, the **closest match is:**

## **1) Hawai’i Ka’u Champagne Natural**
- **Roast:** Medium-Light  
- **Why it fits:**  
  - **Lemony brightness:** lemon verbena
  - **Tropical fruit:** pineapple, lychee
  - **Jasmine-like florals:** jasmine
  - **Plush mouthfeel:** silky-smooth
  - **Sweetness:** deeply sweet, dessert-like

## **Also worth trying: Ka’u Pink Honey**
- **Roast:** Light
- **Why it fits:**  
  - **Floral lift:** star jasmine
  - **Tropical fruit:** mango
  - **Sweet, lush character:** pink honey processing tends to give a fuller, juicier cup
  - **Mouthfeel:** likely to feel more lush than crisp

## **Third option: Estate Medium Roast**
- **Roast:** Medium-Light
- **Why it fits:**  
  - **Lemony/zesty edge:** grapefruit zest
  - **Floral character:** alyssum-like flowers
  - **Plushness:** light, satiny mouthfeel
  - **Sweetness:** deeply sweet with fruit and chocolate depth

### Best pick for your description:
**Hawai’i Ka’u Champagne Natural** — it most directly matches **lemony sweetness, tropical fruit, jasmine-like notes, and a silky/plush mouthfeel**.

If you want, I can also rank these by **most floral**, **most tropical**, or **most plush-bodied**.",bad,"The answer is largely grounded in the retrieved context. It identifies Hawai’i Ka’u Champagne Natural as the best match, which is supported by its descriptors: lemon verbena, pineapple, lychee, jasmine, and silky-smooth mouthfeel. It also mentions Ka’u Pink Honey and Estate Medium Roast with facts present in the context (star jasmine, mango, medium-light roast, alyssum-like flowers, grapefruit zest, light satiny mouthfeel). However, it adds one unsupported inference: 'pink honey processing tends to give a fuller, juicier cup' and 'likely to feel more lush than crisp,' which are not directly stated in the context. This is minor, and the core recommendation remains factual and responsive, but strict groundedness is slightly compromised by the speculative processing claim."
"High-scoring limited-edition coffee with bright fruit, floral complexity, and a juicy finish","The **best match** for **“high-scoring limited-edition coffee with bright fruit, floral complexity, and a juicy finish”** is:

### **Rhapsody of Dreams**
- **Quality Rating:** **94.0**
- **Origin:** **Kenya**
- **Why it fits:**
  - **Bright fruit:** *pluot*
  - **Floral complexity:** *freesia-like flowers*
  - **Juicy finish:** *sweet-tart structure with bright, sparkling acidity* and a *spice-toned, floral finish*
  - It also has a **very full, syrupy-smooth mouthfeel**, which complements the juicy profile nicely.

### Runner-up:
**Finca Kilimanjaro Natural**
- **Quality Rating:** **92.0**
- Strong **cherry-like juiciness** and **lavender/floral notes**
- But it leans a bit more **sweet-savory and chocolate/nut-toned** than the more brightly fruit-floral profile you asked for.

If you want, I can also narrow this down into:
- the **brightest fruit-forward option**
- the **most floral option**
- or the **best espresso vs pour-over match**",good,"The response is grounded in the retrieved context: Rhapsody of Dreams has rating 94.0, origin Kenya/Colombia, notes of pluot, freesia-like flowers, bright sparkling acidity, and a spice-toned floral finish. Those details support the match for bright fruit, floral complexity, and a juicy finish. The runner-up Finca Kilimanjaro Natural is also supported by the context with cherry-like juiciness and lavender/floral notes. However, the phrase 'limited-edition' is not explicitly stated in the context, so the answer infers rather than confirms that aspect. This does not undermine the main recommendation because the core requested sensory profile and high score are correctly identified from the provided data."
"Boutique coffee with a very aromatic profile, sweet-tart clarity, and a smooth, buoyant body","The best match in the context is **Kenya Murang’a Githiga AA**.

Why it fits:
- **Very aromatic profile**: tea rose, lemon custard, red currant jam
- **Sweet-tart clarity**: “very sweetly tart,” crisp acidity
- **Smooth, buoyant body**: “very lightly though buoyantly syrupy” mouthfeel

If you want, I can also rank the other options by how closely they match that flavor description.",good,"The answer is grounded in the retrieved context. Kenya Murang’a Githiga AA is described as “very sweetly tart,” “floral-prominent,” with aroma notes including tea rose, lemon custard, and red currant jam, and a “very lightly though buoyantly syrupy” mouthfeel. These details support the match to a very aromatic profile, sweet-tart clarity, and a smooth, buoyant body. The response also appropriately frames it as the best match rather than claiming certainty beyond the context."
Kakalove Cafe Kenya Kirinyaga Mukangu AB Taiwan Medium-Light 95 rating November 2017,"**Kakalove Cafe Kenya Kirinyaga Mukangu AB** is a **Kenya coffee from Kirinyaga District**, roasted **Medium-Light**, with a **95.0 quality rating**.

**Taste profile:**
- **Lavender**
- **Roasted cacao nib**
- **Strawberry guava**
- **Hazelnut**
- **Toasted barley**

**Cup character:**
- Sweet-savory and floral
- Crisp, velvety mouthfeel
- Cocoa-toned finish
- Spicy florals and tropical fruit in the finish

**Extra context:**
- Produced from **SL-28 and SL-34** trees
- A classic Kenya that “covers all the bases” with **sweet-tart fruit, savory depth, spicy florals, and cocoa**

If you want, I can also turn this into a **tasting note summary**, **brew recommendation**, or **comparison with other Kenya coffees**.",good,"The response is well grounded in the retrieved context: it correctly identifies the coffee name, origin (Kirinyaga District), roast level (Medium-Light), rating (95.0), flavor notes, cup character, and SL-28/SL-34 varietals. It does not introduce unsupported facts beyond a small conversational offer at the end, which is harmless. Overall, it answers the query using the provided context accurately."
"Kenya coffee with floral sweetness, savory depth, velvety texture, and cocoa finish","A **Kenya coffee** that best matches **floral sweetness, savory depth, velvety texture, and a cocoa finish** is:

### **Kenya — Nyeri Growing Region**
- **Floral sweetness:** gardenia
- **Savory depth:** singed cedar, smoky aromatic wood
- **Velvety texture:** delicate, satiny mouthfeel
- **Cocoa finish:** baker’s chocolate
- **Other notes:** plum, molasses
- **Roast level:** Medium
- **Quality rating:** 92

If you want, I can also point to the **closest higher-scoring match** or suggest a **brew method** that would highlight those notes best.",good,"The answer is grounded in the retrieved context. It selects the Kenya coffee entry with aroma/cup notes of gardenia, singed cedar, satiny mouthfeel, and baker’s chocolate, which aligns closely with the user’s descriptors of floral sweetness, savory depth, velvety texture, and cocoa finish. The only minor issue is that the response interprets 'velvety' as 'satiny,' but this is a reasonable paraphrase supported by the context. All specific claims (origin, notes, roast, rating) match the retrieved record, and it addresses the query directly."
"Lightly roasted coffee with berry-like tartness, nutty notes, and a smooth creamy body","The best match from the context is **Tarime Tanzania**.

**Why it fits:**
- **Lightly roasted / medium-light**
- **Berry-like tartness:** black cherry, sweetly tart, juicy acidity
- **Nutty notes:** hazelnut
- **Smooth creamy body:** buoyant, silky mouthfeel

**Quick note:**  
If you want the *creamiest and more balanced* option, **Rock the House Blend** also fits well with its **sweet-tart structure**, **hazelnut**, and **viscous/satiny mouthfeel**.

If you'd like, I can also rank all 5 coffees by how well they match your flavor description.",good,"The response is grounded in the retrieved context. Tarime Tanzania is medium-light and has black cherry, sweetly tart/juicy acidity, hazelnut, and buoyant, silky mouthfeel, which reasonably matches the prompt. The extra note about Rock the House Blend is also supported by the context with sweet-tart structure, hazelnut, and viscous/satiny mouthfeel. It does not invent unsupported facts and answers the query appropriately by selecting the closest match."
"High-scoring coffee that tastes sweet, floral, and fruity with some cocoa and grain notes","A great match from your context is **Memory Lane**.

**Why it fits:**
- **Sweet**: described as “balanced, integrated, richly sweet”
- **Floral**: has **freesia-like flowers**
- **Fruity**: **fig Newton** and **fruit-forward structure**
- **Cocoa / grain-like notes**: **cocoa nib** plus **roasted cashew** and baking spices

**Also strong option:**
- **Sweet Collection Blend** — if you want something more **floral, fruity, and chocolatey**, with **pomegranate, baking chocolate, narcissus, and almond butter**

If you want, I can also rank the **top 3 coffees from this list** for **sweet + floral + fruity + cocoa** specifically.",good,"The answer is grounded in the retrieved context. It recommends Memory Lane and supports the sweet, floral, fruity, and cocoa-related descriptors directly from the record: “balanced, integrated, richly sweet,” “freesia-like flowers,” “fig Newton,” “fruit-forward structure,” and “cocoa nib.” The mention of “grain-like notes” is less directly supported, but the answer does not falsely claim a specific grain note; it frames this as “cocoa / grain-like notes” while citing roasted cashew and baking spices, which are present in context. The secondary suggestion, Sweet Collection Blend, is also supported by the context with pomegranate, baking chocolate, narcissus, and almond butter. Overall, it answers the query with relevant, context-based options and no clear hallucinations."
Jackrabbit Java Kenya Nyeri Othaya Gatugi Red Cherry Project AA medium-dark roast Kenya 92 rating,"**Kenya Nyeri Othaya Gatugi Red Cherry Project AA** is a **medium-dark roast** Kenya from the **Nyeri growing region**, with a **92 rating**.

**What it tastes like:**
- **Aroma/Cup:** scorched cedar, dark chocolate, plum, lavender, lime zest
- **Structure:** sweetly tart with a roasty, savory depth
- **Mouthfeel:** light, satiny
- **Finish:** lemon zest, dark chocolate, plum, with a rich but slightly drying finish

**Processing / coffee details:**
- From the **Othaya and Aguthi Cooperatives** in Kenya
- Grown from **SL28, SL34, Ruiru 11, and Batian** Arabica varieties
- **AA grade** = Kenya’s highest bean-size grade and fewest physical imperfections

**Roast/extraction note:**
- The **darker roast** brings out a **savory chocolate** character that pairs with the coffee’s **zesty citrus** side

If you want, I can also help you with:
- a **brew recipe** for this coffee
- **flavor comparison** to a lighter Kenya
- or **how to dial it in** for pour-over or espresso",good,"The generated answer is well grounded in the retrieved context. It correctly identifies the coffee name, origin (Nyeri growing region), roast (Medium-Dark), and rating (92). The tasting notes, cooperative detail, varieties, AA grade explanation, and darker-roast note all match the context. The extra offer to help with brewing/comparison is conversational and does not introduce unsupported factual claims."
"Kenya coffee with dark chocolate, plum, lavender, lime zest, and a satiny mouthfeel","The best match is **Document 2: Karimikui Espresso**.

**Why it fits:**
- **Kenya origin**: Kirinyaga District, Kenya
- **Dark chocolate**: clearly present
- **Lavender**: explicitly listed
- **Satiny mouthfeel**: described as **delicate, viscous mouthfeel**
- **Plum-like fruit**: the **red currant** and tart-fruit notes are close, but not an exact plum note
- **Lime zest**: not exact, but **pink grapefruit zest** gives a similar bright citrus-zest character

If you want, I can also rank the other documents by closeness to those flavor notes.",bad,"The answer is not fully grounded in the retrieved context. While it correctly identifies a Kenya coffee with dark chocolate and lavender from the listed documents, it overreaches by treating similar notes as equivalents: it says red currant/tart fruit are close to plum and pink grapefruit zest is similar to lime zest. The query asks for a coffee with dark chocolate, plum, lavender, lime zest, and a satiny mouthfeel, and the best-supported match in the context appears closer to the Kenya entry with plum and satiny mouthfeel, or possibly Karimikui Espresso for lavender and chocolate but not the exact fruit/citrus notes. The response should have been more cautious and acknowledged the missing exact plum and lime zest match instead of implying a fit."
"Savory and roasty coffee with citrus brightness, chocolate depth, and a drying finish","The best match from the context is **Colombia Finca El Paraiso**.

**Why it fits:**
- **Savory and roasty:** dark chocolate, Italian parsley, ginger
- **Citrus brightness:** lemon verbena
- **Chocolate depth:** dark chocolate
- **Drying finish:** gently drying, tannic finish

If you want, I can also rank the other coffees by how closely they match your flavor description.",good,"The response identifies Colombia Finca El Paraiso as the best match, which is supported by the context: it has dark chocolate, savory-leaning structure, crisp citrusy acidity, and a gently drying finish. However, the query asks for 'savory and roasty coffee with citrus brightness, chocolate depth, and a drying finish.' The answer includes 'roasty' as dark chocolate/ginger/parsley but does not explicitly mention any roasty note from the context (though the coffee is not described as roasty in those exact terms). Still, the overall match is grounded and no invented facts are introduced. It addresses the query with the best-supported option available."
High-scoring medium-dark African coffee with chocolate and citrus notes for filter brewing,"For a **high-scoring medium-dark African coffee with chocolate and citrus notes for filter brewing**, the best fit in your context is:

## **Kenya Mwiria**
- **Origin:** South-Central Kenya
- **Roast Level:** **Medium-Light** to slightly darker-leaning
- **Quality Rating:** **92.0**
- **Notes:** **Dark chocolate, pink grapefruit zest, magnolia, cedar**
- **Why it fits:** It has the **chocolate + citrus/zest** combo you want, and the tasting note profile is especially nice for filter brewing.

### Why it stands out
- **Chocolate-forward** without getting too roasty
- **Citrus brightness** from pink grapefruit zest
- **Smooth, satiny mouthfeel** that works well in pour-over
- The extraction advice specifically calls it **“chocolate-toned, floral Kenya cup, with bittersweet notes of citrus zest”**

## Suggested filter brew recipe
**Brew Method:** V60 / Pour-over  
* **Coffee:** 20g  
* **Water:** 320g @ 93°C / 199°F  
* **Grind Size:** Medium-fine, like table salt  
* **Total Time:** 3:00–3:30 mins  

**Step-by-Step Instructions:**
1. Rinse the filter and preheat the dripper and server.
2. Add **20g** coffee and pour **40g** water to bloom for **30–45 seconds**.
3. Continue pouring in slow pulses up to **320g** total.
4. Aim for a total brew time of **3:00–3:30**.
5. Taste and adjust: finer grind for more body, coarser for brighter citrus.

## Runner-up
### **Kenya Zuri**
- **Origin:** Kenya
- **Rating:** **90.0**
- **Notes:** **Chocolate fudge, black cherry, fresh-cut fir, hibiscus blossom**
- More **sweet and chocolatey**, but less citrus-driven than Mwiria.

If you want, I can also rank all 5 coffees from **best to least suitable for your exact flavor target**.",bad,"The answer contains several unsupported additions. It correctly identifies Kenya Mwiria as having chocolate and citrus zest notes and a rating of 92.0 from the context. However, it incorrectly labels it as 'medium-dark' and 'best fit' without context support, since the retrieved context lists its roast as Medium-Light, not medium-dark. It also invents a detailed pour-over recipe (V60, grams, water temperature, timings, grind size), which is not present in the context. The note that it is 'especially nice for filter brewing' is not directly supported either, though the context does say the blend Rhapsody of Dreams is designed for pour-over brewing, not Mwiria. Because the response includes clear hallucinated details and a roast-level contradiction, it should be marked bad."
Complex Kenya roast with fruit and cocoa flavors that tastes rich but not overly acidic,"A great match from the context would be:

**Kenya AA Kirinyaga** or **Kiamugumo Kenya**

Why these fit your request:
- **Fruit + cocoa:** both have **black currant / citrus fruit** alongside **baker’s chocolate / dark chocolate**
- **Rich but not overly acidic:** they’re described as **sweet-savory, balanced, and full-bodied**
- **Complex Kenya character:** layered, elegant, and distinctive without leaning too sharp

Best pick if you want it **richest and most cocoa-forward**:
- **Kenya AA Kirinyaga** — black currant, baker’s chocolate, oak, satiny-smooth mouthfeel

Best pick if you want it **fruitier but still balanced**:
- **Kiamugumo Kenya** — tangerine zest, dark chocolate, goji berry, almond nougat, very full and syrupy

If you want, I can also suggest the **best roast level and brew method** for bringing out the cocoa while keeping acidity in check.",bad,"The answer is mostly grounded and addresses the query by selecting coffees from the context that match fruit/chocolate complexity and a balanced profile. However, it makes a few unsupported or slightly overstated claims: it says ""rich but not overly acidic"" as a direct characterization of Kenya AA Kirinyaga and Kiamugumo, even though Kiamugumo is explicitly described as having ""citrusy acidity"" and Kenya AA Kirinyaga as ""juicy, buoyant acidity."" The comparison language about being ""richest and most cocoa-forward"" is only partially supported; Kenya AA Kirinyaga does have baker’s chocolate and black currant, but Kiamugumo is described as dark chocolate, tangerine zest, goji berry, and almond nougat rather than being clearly cocoa-forward. Still, the response largely stays within the context and doesn't invent coffees or major facts."
Kakalove Cafe Ethiopia Washed Yirgacheffe Adado Taiwan medium-light roast rating 95,"**Kakalove Cafe Ethiopia Washed Yirgacheffe Adado** is a **medium-light roast** from **Taiwan**, and it’s rated **95.0**.

**Quick profile:**
- **Origin:** Yirgacheffe Growing Region, southern Ethiopia
- **Process:** Washed
- **Roast Level:** Medium-Light
- **Rating:** 95.0

**Flavor notes:**
- Jasmine
- Sandalwood
- Plum
- Nutella-like nut and cocoa
- Tangerine zest

**Cup style:**
- **Bright, lively, juicy**
- **High-toned but balanced**
- **Syrupy-smooth mouthfeel**
- **Long, resonant finish**

If you want, I can also turn this into a **brewing recommendation** for V60, Aeropress, or espresso.",good,"The generated answer is fully grounded in the retrieved context for the exact coffee entry: it correctly states the name, roast level (Medium-Light), location country (Taiwan), rating (95.0), origin (Yirgacheffe Growing Region, southern Ethiopia), process (washed), and flavor descriptors (jasmine, sandalwood, plum, nutella-like nut and cocoa, tangerine zest) as well as the cup style summary. The additional offer to provide brewing recommendations is conversational and not a factual claim. No unsupported or contradictory details are introduced."
"Kakalove Cafe washed Ethiopia coffee with jasmine-like florals, citrus brightness, and a smooth heavy body","The **best match** in the context is:

**Ethiopia Washed Yirgacheffe Adado**  
- **Jasmine-like florals:** jasmine, sandalwood  
- **Citrus brightness:** tangerine zest, citrusy acidity  
- **Smooth heavy body:** syrupy-smooth mouthfeel

**Why it fits:**  
It’s described as an **elegant, deep, sweetly savory washed Ethiopia** with **jasmine**, **citrusy acidity**, and a **syrupy-smooth mouthfeel**, which lines up very closely with your description.

If you want, I can also give you:
- a **2nd-best match**
- a **short tasting note**
- or a **brew recipe** to highlight those florals and body.",good,"The answer is well-grounded in the retrieved context. It correctly identifies Ethiopia Washed Yirgacheffe Adado and supports the match with facts explicitly present: jasmine, tangerine zest/citrusy acidity, and syrupy-smooth mouthfeel. It does not invent unsupported details. The response addresses the user's apparent intent of matching the described coffee to a context entry. Minor phrasing like 'best match' is reasonable and not contradicted by the context."
